numdossier_new,lda_documents
T03323012553,"[['champ', 'application', 'bénéficiaires'], ['rémunération', 'temp', 'travail'], ['prime', 'partage', 'valeur'], ['prime', 'ba', 'salaires'], ['récupération', 'heures', 'fériés', 'fixation', 'jour', 'solidarité', '2023'], ['revalorisation', 'heures', 'supplémentaires'], ['prime', 'parrainage'], ['condition', 'travail'], ['utilisation', 'voitures', 'service']]"
T02719000708,"[['accord', 'relatif', 'aménagement', 'temp', 'travail', 'sein'], ['site', 'saint', 'marcel'], ['champ', 'application'], ['duree', 'travail'], ['heures', 'supplementaires'], ['définition'], ['paiement', 'heures', 'supplémentaires'], ['remuneration'], ['embauche', 'rupture', 'contrat', 'travail', 'cours', 'période', 'référence'], ['duree', 'accord', 'revision', 'denonciation'], ['publicite']]"
T06719002035,"[['champ', 'application'], ['object', 'accord'], ['depôt', 'publicite', 'accord']]"
T01422005631,"[['accord', 'collectif', 'entreprise', 'relatif', 'augmentation'], ['contingent', 'heures', 'supplementaires'], ['champ', 'application'], ['entree', 'vigueur', 'duree', 'accord'], ['contingent', 'annuel', 'heures', 'supplementaires'], ['fixation', 'contingent', 'heures', 'supplémentaires'], ['contreparties', 'heures', 'supplémentaires', 'effectuées', 'intérieur', 'contingent'], ['publicite', 'depot', 'accord']]"
T07118000137,"[['durée', 'travail'], ['aménagement', 'temp', 'travail'], ['heures', 'supplémentaires'], ['définition'], ['rémunération'], ['embauche', 'rupture', 'contrat', 'travail', 'cours', 'période', 'référence'], ['salariés', 'temp', 'partiel'], ['durée', 'accord', 'révision', 'dénonciation'], ['publicité']]"
T07620005275,"[['accord', 'entreprise'], ['relatif', 'organisation', 'duree', 'travail'], ['champ', 'application'], ['organisation', 'temp', 'travail'], ['modalités', 'organisation', 'travail', 'entreprise'], ['temp', 'déplacements', 'rendre', 'chantiers'], ['temp', 'pause'], ['gestion', 'temp', 'travail'], ['modalités', 'organisation', 'temp', 'travail'], ['heures', 'supplémentaires'], ['modalités', 'enregistrement', 'temp', 'travail'], ['jours', 'fractionnement'], ['disposition', 'finale'], ['modalités', 'conclusion', 'présent', 'accord'], ['dépôt', 'publicité', 'accord']]"
T00524060097,"[['accord', 'entreprise'], ['relatif', 'annualisation', 'temp', 'travail', 'conge', 'paye', 'repos', 'hebdomadaire', 'travail', 'nuit'], ['activité', 'connaît', 'fluctuation', 'activité', 'fonction', 'saisons', 'touristiques', 'dont', 'résulte', 'alternance', 'périodes', 'haute', 'basse', 'activité'], ['considérant', 'absence', 'représentant', 'personnel'], ['ordre', 'départs'], ['repos', 'hebdomadaire'], ['repos', 'hebdomadaire', 'travail', 'dimanche'], ['annualisation', 'temp', 'travail'], ['principe', 'variation', 'horaires', 'durée', 'travail'], ['durée', 'annuelle', 'travail', 'heures', 'supplémentaires'], ['programmation', 'prévisionnelle'], ['planning', 'individuels'], ['modification', 'durée', 'et/ou', 'horaires', 'travail'], ['modification', 'répartition', 'horaires', 'travail', 'salariés', 'temp', 'plein'], ['modification', 'répartition', 'horaires', 'travail', 'salariés', 'temp', 'partiel'], ['durée', 'maximale', 'travail', 'temp', 'repos'], ['maximales', 'travail'], ['minimales', 'repos'], ['disposition', 'particulières', 'applicables', 'salariés', 'temp', 'complet'], ['définition', 'heures', 'supplémentaires'], ['contreparties', 'heures', 'supplémentaires'], ['contingent', 'annuel', 'heures', 'supplémentaires'], ['acquisition', 'droits', 'congés', 'payés'], ['information', 'salariés', 'droits', 'acquis', 'titre', 'repos', 'compensateur', 'remplacement', 'et/ou', 'contrepartie', 'obligatoire', 'repos'], ['disposition', 'particulières', 'applicables', 'salariés', 'temp', 'partiel'], ['définition', 'heures', 'complémentaires'], ['rémunération', 'heures', 'complémentaires'], ['coupures', 'salariés', 'temp', 'partiel'], ['modalités', 'rémunération'], ['incidence', 'absence'], ['embauche', 'rupture', 'contrat', 'cours', 'période'], ['conge', 'paye'], ['période', 'acquisition', 'durée', 'congé'], ['prise', 'congé', 'principal'], ['ordre', 'départs', 'congé'], ['modification', 'ordre', 'date', 'départs'], ['travail', 'nuit'], ['justification', 'recours', 'travail', 'nuit'], ['définition', 'période', 'travail', 'nuit'], ['contreparties'], ['temp', 'pause'], ['mention', 'bulletin', 'salaire'], ['mesures', 'destinées', 'améliorer', 'condition', 'travail'], ['employeur', 'prend', 'toutes', 'mesures', 'nécessaires', 'visant', 'améliorer', 'condition', 'travail', 'salarié', 'travaillant', 'nuit', 'garantir', 'sécurité'], ['mesures', 'destinées', 'assurer', 'égalité', 'professionnelle', 'entre', 'hommes', 'femmes'], ['disposition', 'finale'], ['approbation', 'salariés'], ['clause', 'rendez-vous'], ['transmission', 'accord', 'commission', 'paritaire', 'permanente', 'négociation', 'interprétation', 'branche']]"
T06622002428,"[['accord', 'entreprise', 'stp', 'sabate'], ['champ', 'application'], ['entree', 'vigueur', 'duree', 'accord'], ['contigent', 'heures', 'supplementaires'], ['suivi', 'accord'], ['revision'], ['denonciation'], ['publicite']]"
T06723060431,"[['accord', 'entreprise', '17/10/2023'], ['champ', 'application', 'duree'], ['champ', 'application'], ['entree', 'vigueur-duree'], ['duree', 'travail', 'disposition', 'diverses'], ['duree', 'quotidienne', 'travail'], ['amplitude', 'repos', 'quotidien'], ['heures', 'supplementaires', 'contingent', 'annuel'], ['temp', 'partiel'], ['recours', 'temp', 'partiel'], ['heures', 'complémentaires'], ['egalité', 'droits'], ['interruption', 'activite', 'coupures'], ['suppression', 'jours', 'fractionnement'], ['communication', 'planning', 'condition', 'changement', 'applicable', 'tous', 'type', 'organisation', 'temp', 'travail'], ['notification', 'modification', 'planning'], ['cadre', 'modification', 'planning'], ['contrepartie', 'modification', 'planning'], ['annulation', 'intervention', 'client'], ['cadre', 'modification', 'planning', 'jardiniers'], ['annulation', 'intervention', 'client'], ['periode', 'reference', 'acquisition', 'prise', 'conge', 'paye'], ['période', 'acquisition', 'congés', 'payés'], ['période', 'prise', 'congés', 'payés'], ['mise', 'œuvre'], ['modalites', 'organisation', 'temp', 'travail'], ['annualisation', 'temp', 'travail', 'article', 'l.3121-44', 'suivants', 'code', 'travail'], ['objet'], ['salary', 'concernes'], ['remuneration'], ['absence'], ['périodes', 'non', 'travaillées', 'rémunérées'], ['périodes', 'non', 'travaillées', 'non', 'rémunérées'], ['compteur', 'individuel', 'suivi'], ['regularisation', 'ca', 'depart', 'salarie', 'cours', 'periode', 'reference'], ['incidence', 'absence', 'non', 'assimilees', 'temp', 'travail', 'effectif', 'calcul', 'heures', 'supplementaires', 'salary', 'temp', 'plein', 'heures', 'complementaires', 'salary', 'temp', 'partiel'], ['traitement', 'heures', 'supplémentaires'], ['traitement', 'heures', 'complémentaires'], ['incidence', 'autres', 'absence', 'non', 'assimilées', 'temp', 'travail', 'effectif', 'congés', 'sans', 'solde', 'absence', 'injustifiées'], ['disposition', 'propres', 'salary', 'temp', 'plein', 'annualise'], ['principe', 'annualisation'], ['amplitude', 'amenagement', 'temp', 'travail', 'annee'], ['heures', 'supplementaires'], ['regularisation', 'issue', 'periode', 'annualisation'], ['disposition', 'propres', 'salary', 'temp', 'partiel', 'annualise'], ['principe', 'annualisation'], ['amplitude', 'amenagement', 'temp', 'travail', 'annee'], ['heures', 'complementaires'], ['regularisation', 'issue', 'periode', 'annualisation'], ['publicite', 'depot', 'accord'], ['publicite', 'depot']]"
T00623008339,"[['accord', 'etablissement', 'relatif', 'aménagement', 'temp', 'travail', 'année', '2023'], ['art', 'organisation', 'travail', 'base', 'décompte', 'horaire'], ['horaires', 'travail'], ['horaires', 'personnel', 'maintenance'], ['horaires', 'personnel', 'réparation'], ['horaires', 'personnel', 'montage', 'installation', 'nouvelles', 'modernisation'], ['horaires', 'personnel', 'rattaché', 'direction', 'technique', 'nationale'], ['horaires', 'personnel', 'bureau'], ['horaires', 'bureau', 'sarrola', 'carcopino'], ['jours', 'repos'], ['heures', 'supplémentaires'], ['art', 'organisation', 'travail', 'base', 'convention', 'forfait', 'jours'], ['art', 'dépôt']]"
T05321002442,"[['disposition', 'générales'], ['objet', 'portée', 'accord'], ['définition', 'différentes', 'catégories', 'personnel'], ['temp', 'pause'], ['généralités'], ['temp', 'pause', 'rémunérés'], ['temp', 'repas'], ['temp', 'trajet'], ['disposition', 'specifiques', 'organisation', 'temp', 'travail', 'personnel', 'dont', 'temp', 'travail', 'decompte', 'heures'], ['principe', 'généraux', 'organisation', 'travail'], ['durée', 'hebdomadaire', 'travail'], ['amplitude', 'journée', 'travail', 'pourra', 'excéder', 'heures', 'sauf', 'ca', 'dérogation', 'durée', 'quotidienne', 'travail'], ['journée', 'solidarité'], ['horaires', 'travail'], ['travail', 'posté'], ['horaire', 'posté', 'équipes', 'successives'], ['horaires', 'journée'], ['horaires', 'flexibles'], ['annualisation', 'temp', 'travail'], ['lorsque', 'accord', 'applique', 'salariés', 'temp', 'partiel', 'prévoit', 'modalités', 'communication', 'modification', 'répartition', 'durée', 'horaires', 'travail'], ['amplitude', 'variation', 'horaire', 'travail'], ['semaines', 'dites', 'hautes'], ['semaines', 'dites', 'bass'], ['décompte', 'heures'], ['prise', 'repos', 'anticipation'], ['absence'], ['absence', 'rémunérées', 'indemnisées'], ['heures', 'supplémentaires'], ['définition', 'heures', 'supplémentaires'], ['contingent', 'annuel'], ['rémunération', 'heures', 'supplémentaires'], ['remplacement', 'paiement', 'heures', 'supplémentaires', 'majorations', 'comprises'], ['modalités', 'prise', 'repos', 'compensateur', 'remplacement'], ['travail', 'temp', 'partiel'], ['définition'], ['heures', 'complémentaires'], ['retour', 'travail', 'temp', 'complet'], ['travail', 'équipes', 'travail', 'posté'], ['définition'], ['equipes', 'semaine'], ['modalités', 'organisation', 'horaires', 'travail'], ['affichage', 'horaires', 'semaine', 'suivante', 'lieu', 'jeudi', 'avant', '12h'], ['définition', 'équipes', 'fin', 'semaine'], ['modalités', 'organisation', 'horaires', 'travail', 'temp', 'pause'], ['affichage', 'horaires', 'semaine', 'suivante', 'lieu', 'jeudi', 'avant', '12h'], ['rémunération'], ['définition'], ['affichage', 'horaires', 'semaine', 'suivante', 'lieu', 'jeudi', 'avant', '12h'], ['rémunération']]"
T07822011841,"[['aménagement', 'réduction', 'temp', 'travail'], ['article', '3.11', 'accord', 'décembre', '2000', 'précise', 'modalités', 'décompte', 'valorisation', 'heures', 'effectuées', 'fixe', 'contingent', 'heures', 'supplémentaires', 'heures']]"
T06723012856,"[['accord', 'amenagement', 'temp', 'travail'], ['disposition', 'generales'], ['champ', 'application', 'accord'], ['objet', 'présent', 'accord'], ['champ', 'application', 'dispositif'], ['durée', 'travail'], ['modulation', 'temp', 'travail'], ['programmation', 'indicative', 'planning', 'individuels'], ['lissage', 'rémunération'], ['heures', 'supplémentaires'], ['décompte', 'heures', 'supplémentaires'], ['contingent', 'annuel', 'heures', 'supplémentaires'], ['contrepartie', 'heures', 'supplémentaires'], ['volume', 'forfait'], ['modalités', 'convention', 'individuelle', 'forfait', 'jours', 'année'], ['modalités', 'prise', 'jours', 'repos'], ['rémunération'], ['traitement', 'absence'], ['forfait', 'jours', 'réduit'], ['garanties', 'suivi', 'charge', 'travail'], ['respect', 'temp', 'repos'], ['entretiens', 'individuels'], ['droit', 'déconnexion'], ['heures', 'supplémentaires'], ['définition', 'heures', 'supplémentaires'], ['contingent', 'annuel', 'heures', 'supplémentaires'], ['contrepartie', 'heures', 'supplémentaires'], ['travail', 'nuit'], ['justification', 'recours', 'travail', 'nuit'], ['définitions'], ['affectation', 'travail', 'nuit'], ['durée', 'travail', 'temp', 'pause'], ['durée', 'travail', 'hebdomadaire'], ['temp', 'pause'], ['contreparties', 'travail', 'nuit'], ['mesures', 'relative', 'amélioration', 'condition', 'travail'], ['surveillance', 'médicale', 'adaptée'], ['mesures', 'relative', 'articulation', 'entre', 'activité', 'professionnelle', 'nocturne', 'vie', 'personnelle', 'salariés'], ['garanties', 'visant', 'articulation', 'vie', 'professionnelle', 'vie', 'personnelle'], ['mesures', 'destinées', 'assurer', 'égalité', 'professionnelle', 'entre', 'femmes', 'hommes'], ['disposition', 'finale'], ['entrée', 'vigueur', 'durée', 'accord'], ['portée', 'accord'], ['dépôt', 'publicité', 'accord']]"
T06723013595,"[['accord', 'concernant', 'heures', 'supplementaires'], ['champ', 'application'], ['definition', 'heures', 'supplementaires'], ['taux', 'majoration'], ['repos', 'compensateur'], ['contingent', 'heures', 'supplementaires'], ['contrepartie', 'obligatoire', 'repos', 'cor'], ['validation', 'accord'], ['duree', 'accord'], ['disposition', 'finale']]"
T03718000362,"[['accord', 'amenagement', 'temp', 'travail'], ['disposition', 'generales'], ['champ', 'application'], ['duree', 'accord'], ['iii', 'commission', 'suivi'], ['disposition', 'specifiques', 'tous', 'salary'], ['duree', 'travail'], ['disposition', 'specifiques', 'non', 'cadre'], ['heures', 'supplementaires'], ['taux', 'majoration'], ['contingent'], ['heures', 'complementaires'], ['iii', 'modalités', 'amenagement', 'temp', 'travail'], ['description', 'organisation', 'temp', 'travail'], ['incidence', 'salaires'], ['embauche', 'rupture', 'contrat', 'travail', 'cours', 'période', 'référence'], ['absence'], ['condition', 'suspensives'], ['formalites']]"
A04418009920,"[['accord', 'entreprise'], ['objet'], ['champ', 'application'], ['principe', 'modalites', 'recours', 'heures', 'supplementaires'], ['remuneration', 'heures', 'supplementaires'], ['augmentation', 'contingent', 'heures', 'supplementaires'], ['duree', 'denonciation', 'revision', 'accord'], ['révision'], ['dénonciation'], ['communication', 'accord'], ['condition', 'validité', 'publicité']]"
T05019001116,"[['accord', 'collectif', 'entreprise', 'revision'], ['relatif', 'duree', 'organisation'], ['temp', 'travail'], ['juin', '2019'], ['durée', 'travail'], ['organisation', 'temp', 'travail'], ['modalités'], ['pause'], ['application'], ['attribution', 'jours', 'rtt'], ['incidence', 'absence', 'entrées/sorties', 'cours', 'année'], ['acquisition'], ['prise', 'jours', 'rtt'], ['modification', 'temp', 'travail'], ['révision'], ['2232-12', 'suivants', 'code', 'travail'], ['dénonciation']]"
T09223042931,"[['accord', 'entreprise'], ['relatif', 'duree', 'travail', 'sein', 'societe', 'inedee'], ['disposition', 'générales'], ['disposition', 'generales'], ['objet', 'accord'], ['définitions'], ['jour', 'ouvré', 'signification', 'donnée', 'article', 'convention', 'collective', 'syntec', 'désigne', 'lundis', 'mardis', 'mercredis', 'jeudis', 'vendredis', 'non', 'fériés', 'non', 'chômés'], ['principe', 'généraux', 'relatifs', 'durée', 'travail'], ['temp', 'travail', 'effectif'], ['durée', 'maximale', 'travail'], ['temp', 'pause'], ['temp', 'pause', 'régulier'], ['temp', 'repas'], ['journée', 'solidarité'], ['décompte', 'contrats', 'travail', 'suspendus'], ['contingent', 'annuel', 'heures', 'supplémentaires'], ['conciliation', 'vie', 'personnelle', 'vie', 'privée'], ['rappel', 'contexte'], ['application', 'principe', 'droit', 'déconnexion'], ['respect', 'droit', 'déconnexion'], ['mise', 'œuvre', 'droit', 'déconnexion'], ['disposition', 'relative', 'amenagement', 'temp', 'travail'], ['salariés', 'forfait', 'heures'], ['organisation', 'annuelle', 'temp', 'travail', 'salariés', 'forfait', 'heures'], ['objectif'], ['période', 'hebdomadaire', 'décompte', 'temp', 'travail'], ['période', 'acquisition', 'jours', 'repos'], ['modulation', 'temp', 'travail', 'forfait', 'heures'], ['application', 'période', 'référence'], ['modalités', 'octroi', 'prise', 'jours', 'repos'], ['suivi', 'temp', 'travail'], ['rémunération', 'salariés', 'forfait', 'heures'], ['heures', 'supplémentaires'], ['définition', 'heures', 'supplémentaires'], ['salariés', 'forfait', 'jours'], ['organisation', 'annuelle', 'temp', 'travail', 'salariés', 'forfait', 'jours'], ['objectif'], ['modulation', 'temp', 'travail', 'forfait', 'jours'], ['modalités', 'octroi', 'prise', 'jours', 'repos', 'annuels', 'salariés'], ['organisation', 'travail', 'salariés', 'forfait', 'jours'], ['amplitude', 'horaire', 'salariés'], ['rémunération', 'salariés', 'forfait', 'jours'], ['disposition', 'finale'], ['durée', 'accord', 'date', 'application'], ['disposition', 'spécifiques', 'année', '2023'], ['publicité', 'accord']]"
T01422006469,"[['accord', 'entreprise'], ['amenagement', 'temp', 'travail'], ['temp', 'partiel', 'annee'], ['contenu', 'contrat', 'travail'], ['durée', 'travail'], ['période', 'référence', 'décompte', 'temp', 'partiel'], ['durée', 'minimale', 'maximale', 'travail'], ['information', 'salariés', 'programmation', 'activité', 'leurs', 'horaires', 'travail'], ['condition', 'délais', 'prévenance', 'ca', 'modification', 'programmation', 'indicative', 'temp', 'travail'], ['heures', 'complémentaires'], ['rémunération'], ['lissage', 'rémunération'], ['prise', 'compte', 'absence'], ['arrivée', 'départ', 'cours', 'période', 'référence'], ['congés', 'payés', 'jours', 'repos'], ['clause', 'dénonciation', 'accord', 'durée', 'indéterminée'], ['clause', 'rendez-vous', 'suivi'], ['formalités', 'adoption'], ['clause', 'révision'], ['dépôt', 'publicité', 'mise', 'ligne'], ['entrée', 'vigueur', 'accord']]"
T07521028285,"[['accord', 'anticipé', 'substitution', 'durée', 'aménagement', 'temp', 'travail', 'sein', 'aésio', 'mutuelle'], ['objet', 'champ', 'application'], ['objet'], ['bénéficiaires'], ['durée', 'travail', 'référence'], ['travail', 'effectif', 'temp', 'pause'], ['modalités', 'décompte', 'temp', 'travail', 'effectif'], ['heures', 'supplémentaires'], ['définition', 'heures', 'supplémentaires'], ['décompte', 'heures', 'supplémentaires'], ['durées', 'maximales', 'travail', 'salariés', 'dont', 'temp', 'travail', 'décompté', 'heures'], ['repos', 'hebdomadaire'], ['modalités', 'spécifiques', 'travail', 'exceptionnel', 'samedi', 'dimanche', 'jours', 'fériés'], ['temp', 'déplacement'], ['définition', 'temp', 'déplacement', 'professionnel'], ['indemnisation', 'déplacements', 'professionnels'], ['déplacement', 'professionnel', 'pendant', 'temp', 'travail'], ['congés'], ['périodes', 'référence'], ['droits', 'congés', 'annuels'], ['modalités', 'décompte', 'congés', 'annuels'], ['jours', 'ancienneté'], ['jours', 'congés', 'payés', 'supplémentaires'], ['fractionnement'], ['jours', 'évènements', 'familiaux'], ['temp', 'partiel'], ['répartition', 'durée', 'travail', 'salariés', 'temp', 'partiel'], ['heures', 'complémentaires'], ['rémunération'], ['formation'], ['passage', 'temp', 'complet'], ['disposition', 'applicables', 'ca', 'pluralité', 'activités'], ['egalité', 'traitement'], ['passage', 'temp', 'partiel', 'initiative', 'salarié'], ['procédure', 'demande', 'temp', 'partiel', 'initiative', 'salarié'], ['condition', 'acceptation'], ['fonctionnement', 'jrtt'], ['modalités', 'acquisition', 'prise', 'jours', 'rtt'], ['incidence', 'absence', 'jours', 'rtt'], ['embauche', 'départ', 'cours', 'année'], ['lissage', 'rémunération', 'incidence', 'absence', 'cours', 'période', 'référence'], ['organisation', 'amenagement', 'temp', 'travail', 'activites', 'contact', 'adherent', 'prospect', 'necessitant', 'organisation', 'travail', 'specifique'], ['travail', 'samedi'], ['plateau', 'téléphoniques', 'entrant'], ['modalités', 'organisation'], ['choix', 'organisation', 'temp', 'travail'], ['règles', 'planification'], ['mise', 'place', 'planning'], ['temp', 'pause']]"
T04921006801,"[['disposition', 'generales', 'applicables', 'tous', 'salary', 'wibaie'], ['période', 'référence', 'cadre', 'annualisation'], ['heures', 'effectives'], ['temp', 'déplacement'], ['heures', 'supplémentaires', 'heures', 'complémentaires'], ['compte', 'epargne', 'temp', 'absence'], ['retard'], ['réunions', 'personnel'], ['fermetures', 'annuelles'], ['disposition', 'générales'], ['congés', 'fractionnement'], ['congés'], ['ponts', '2022'], ['journée', 'solidarité'], ['disposition', 'personnel', 'ouvrier', 'technicien', 'production'], ['gestion', 'zone', 'travail'], ['planning', 'prévisionnels', '2022'], ['heures', 'supplémentaires'], ['equipe', 'nuit'], ['planning', 'spécifique'], ['pause', 'paniers'], ['nuit'], ['arrêts', 'production'], ['disposition', 'personnel', 'administratif'], ['population', 'concernée'], ['régime', 'horaire'], ['principe', 'système', 'horaire', 'variable'], ['exposé', 'système', 'horaire', 'variable'], ['système', 'compteur', 'crédit-débit'], ['ca', 'particulier', 'service', 'relation', 'client', 'assistant', 'logistiques'], ['télétravail'], ['compteurs', 'rtt'], ['acquisition'], ['utilisation'], ['compteur', 'heures', 'supplémentaires'], ['demi-journées', 'non', 'travaillées', 'temp', 'plein'], ['temp', 'partiel'], ['diver'], ['gestion', 'exceptionnelle', 'salon', 'intervention', 'fournisseurs/prestataires'], ['forfait', 'annuel', 'jours'], ['droit', 'déconnexion'], ['duree', 'reconduction'], ['publicite']]"
T03719001362,"[['accord', 'entreprise'], ['article', 'l.3121-41', 'l.3121-44', 'code', 'travail'], ['période', 'décompte', 'horaire'], ['condition', 'délais', 'prévenance', 'changements', 'volume', 'horaire', 'travail', 'répartition'], ['modalités', 'variation', 'volume', 'répartition', 'horaire', 'travail'], ['modalités', 'communication', 'modification', 'volume', 'répartition', 'horaire', 'travail'], ['délai', 'information', 'modification'], ['condition', 'rémunération'], ['rémunération', 'cours', 'période', 'décompte'], ['heures', 'supplémentaires', 'cours', 'période', 'décompte'], ['rémunération', 'fin', 'période', 'décompte'], ['incidence', 'rémunération', 'absence', 'arrivées', 'départs', 'cours', 'période', 'décompte'], ['rendez-vous', 'suivi', 'application', 'accord'], ['révision'], ['dénonciation']]"
T07821008754,"[['accord', 'collectif'], ['relatif', 'renonciation', 'conge', 'fractionnement'], ['date', 'congé', 'principal'], ['autorisation', 'fractionnement', 'congé', 'payé'], ['renonciation', 'jours', 'fractionnement'], ['publication', 'accord']]"
A07618005718,"[['avenant', 'n°2', 'accord', 'reduction', 'temp', 'travail'], ['definition', 'duree', 'travail'], ['temp', 'pause', 'repas'], ['temp', 'habillage', 'déshabillage'], ['aménagement', 'temp', 'travail', 'att', 'collectif', 'période', 'égale', 'année', 'annualisation'], ['article', '4.2.1', 'durée', 'annuelle', 'travail', 'article', 'aménagement', 'temp', 'travail', 'att', 'collectif', 'période', 'égale', 'année', 'annualisation', 'avenant', 'n°1', 'date', 'susvisé', 'annulé', 'remplacé', 'suit'], ['durée', 'annuelle', 'travail'], ['article', '4.2.5', 'paiement', 'heures', 'avant', 'fin', 'période', 'annualisation', '30/06/n+1', 'article', 'aménagement', 'temp', 'travail', 'att', 'collectif', 'période', 'égale', 'année', 'annualisation', 'avenant', 'n°1', 'date', 'susvisé', 'annulé', 'remplacé', 'suit'], ['contingent', 'annuel', 'heures', 'supplémentaires'], ['durée', 'date', 'effet', 'avenant'], ['dépôt', 'affichage', 'avenant']]"
T07520024000,"[['accord', 'entreprise'], ['relatif', 'contingent', 'heures', 'supplémentaires'], ['objet', 'accord']]"
T03618000082,"[['accord', 'relatif', 'amenagement', 'temp', 'travail'], ['definition', 'temp', 'travail', 'efectif'], ['amplitude', 'journaliere'], ['repartition', 'duree', 'travail', 'cycle'], ['contingent', 'annuel', 'heures', 'supplementaires'], ['temp', 'travail', 'effectif'], ['limites', 'quotidiennes'], ['amplitude', 'travail'], ['repos', 'quotidien'], ['pause', 'coupures'], ['pause', 'légale'], ['pause', 'repas'], ['modalités', 'attribution', 'pause', 'coupures'], ['organisation', 'temp', 'travail', 'compétence', 'employeur'], ['coupures'], ['décompte', 'temp', 'travail'], ['repartition', 'duree', 'travail'], ['contingent', 'heures', 'supplementaires'], ['amenagement', 'temp', 'travail', 'quatorzaine'], ['période', 'référence'], ['limites', 'modulation'], ['heures', 'supplémentaires'], ['fin', 'période', 'modulation'], ['décompte', 'absence'], ['travail', 'dimanche'], ['date', 'effet-', 'duree', 'denonciation', 'adhesion', 'interpretation'], ['révision', 'dénonciation'], ['suivi', 'accord', 'rendez-vous']]"
T06919007926,"[['accord', 'entreprise', 'relatif', 'contingent', 'heures', 'supplémentaires'], ['contingent', 'heures', 'supplémentaires'], ['formalités']]"
T04919003309,"[['accord', 'entreprise', 'relatif', 'gestion', 'temp', 'travail', 'salary'], ['association', 'objet'], ['temp', 'travail', 'effectif'], ['déplacements', 'professionnels'], ['heures', 'supplémentaires'], ['travail', 'exceptionnel', 'jours', 'repos', 'hebdomadaire', 'jours', 'fériés'], ['durée', 'collective', 'travail'], ['réduction', 'nombre', 'jours', 'rtt'], ['toutes', 'absence', 'congés', 'non', 'rémunérés'], ['utilisation', 'rtt'], ['aménagement', 'horaires', 'travail'], ['télétravail'], ['organisation', 'congés'], ['modification', 'avenant']]"
T04221004351,"[['article', '3121-33', 'code', 'travail', 'affirme', 'primauté', 'accord', 'entreprise', 'détermination', 'contingent', 'annuel', 'heures', 'supplémentaires'], ['article', '12.2', 'convention', 'collective', 'nationale', 'transport', 'routiers', 'applicable', 'sein', 'sa', 'bec', 'fixe', 'ledit', 'contingent', 'cent', 'trente', '135', 'heures', 'personnel', 'sédentaire'], ['objet', 'accord'], ['catégories', 'salariés', 'susceptibles', 'conclure', 'convention', 'individuelle', 'forfait'], ['catégories', 'salariés', 'susceptibles', 'conclure', 'convention', 'individuelle', 'forfait', 'parmi', 'personnel', 'cadre'], ['catégories', 'salariés', 'susceptibles', 'conclure', 'convention', 'individuelle', 'forfait', 'parmi', 'personnel', 'non', 'cadre'], ['caractéristiques', 'convention', 'individuelles', 'forfait', 'jours'], ['condition', 'mise', 'place'], ['nombre', 'jours', 'travaillés', 'période', 'référence', 'forfait'], ['décompte', 'temp', 'travail'], ['nombre', 'jours', 'repos'], ['prise', 'compte', 'absence', 'entrées', 'sortie', 'cours', 'année'], ['prise', 'compte', 'entrées', 'cours', 'année'], ['prise', 'compte', 'absence'], ['prise', 'compte', 'sortie', 'cours', 'année'], ['prise', 'jours', 'repos'], ['forfait', 'jours', 'réduit'], ['rémunération'], ['renonciation', 'salarié', 'jours', 'repos'], ['suivi', 'charge', 'travail', 'entretien', 'individuel', 'droit', 'déconnexion'], ['suivi', 'charge', 'travail'], ['relevé', 'déclaratif', 'journées', 'demi-journées', 'travail'], ['obligation', 'observer', 'temp', 'repos'], ['jours', 'fériés'], ['dispositif', 'alerte'], ['entretien', 'individuel'], ['exercice', 'droit', 'déconnexion'], ['partie', 'contingent', 'annuel', 'heures', 'supplementaires'], ['détermination', 'contingent', 'annuel', 'heures', 'supplémentaires'], ['rémunération', 'heures', 'supplémentaires', 'effectuées', 'intérieur', 'contingent', 'annuel'], ['dépassement', 'contingent', 'annuel', 'heures', 'supplémentaires'], ['condition', 'accomplissement', 'heures', 'supplémentaires', 'au-delà', 'contingent', 'annuel'], ['caractéristiques', 'condition', 'prise', 'contrepartie', 'obligatoire', 'sou', 'forme', 'repos'], ['définition', 'télétravail'], ['fonctions', 'postes', 'concernés'], ['modalités', 'acceptation', 'salarié', 'condition', 'mise', 'œuvre', 'télétravail'], ['condition', 'retour', 'exécution', 'contrat', 'travail', 'sans', 'télétravail'], ['suspension', 'télétravail'], ['lieu', 'télétravail'], ['modalités', 'contrôle', 'temp', 'travail'], ['fréquence', 'nombre', 'jours', 'télétravaillés'], ['détermination', 'plage', 'horaires', 'permettant', 'joindre', 'télétravailleur'], ['équipements', 'liés', 'télétravail'], ['remboursement', 'frais', 'professionnels', 'liés', 'télétravail'], ['assurance', 'couvrant', 'risques', 'liés', 'télétravail'], ['obligation', 'discrétion', 'confidentialité'], ['santé', 'sécurité', 'travail'], ['suivi', 'révision', 'dénonciation', 'accord'], ['dépôt', 'publicité', 'accord']]"
T06920013870,"[['accord', 'collectif', 'entreprise', 'relatif', 'aménagement', 'temp', 'travail', 'salariés', 'société', 'rotam', 'agrochemical', 'europe'], ['horaires', 'individualises'], ['champ', 'application', 'horaires', 'individualisés'], ['durée', 'horaires', 'travail'], ['report', 'heures'], ['suivi', 'temp', 'travail', 'effectif'], ['heures', 'supplémentaires'], ['rémunération', 'salariés', 'horaires', 'individualisés'], ['forfait', 'annuel', 'jours'], ['champ', 'application', 'forfait-jours'], ['fonctionnement', 'forfait-jours'], ['régime', 'juridique', 'forfait', 'annuel', 'jours'], ['période', 'annuelle', 'référence'], ['nombre', 'journées', 'travaillées'], ['jours', 'repos'], ['rémunération', 'salariés', 'forfait-jours'], ['forfait', 'annuel', 'jours', 'réduit'], ['embauche', 'départ', 'cours', 'année', 'décompte', 'absence'], ['protection', 'santé', 'sécurité', 'salariés'], ['repos', 'obligatoires'], ['droit', 'deconnexion'], ['définition', 'droit', 'déconnexion'], ['mesures', 'visant', 'lutter', 'contre', 'utilisation', 'outils', 'numériques', 'communication', 'professionnelle', 'hors', 'temp', 'travail'], ['promotion', 'bonnes', 'pratiques', 'utilisation', 'outils', 'numériques', 'professionnels'], ['disposition', 'finale'], ['validité', 'accord'], ['portée', 'accord'], ['durée', 'entrée', 'vigueur', 'suivi', 'accord'], ['accord', 'également', 'transmis', 'diligence', 'société', 'commission', 'paritaire', 'négociation', 'interprétation', 'branche']]"
T06819001142,"[['accord', 'entreprise'], ['relatif', 'aménagement'], ['temp', 'travail'], ['partie', 'disposition', 'generales'], ['objet', 'accord'], ['durée', 'application'], ['accord', 'applique', 'dès', 'entrée', 'vigueur', 'salariés', 'titulaires', 'contrat', 'travail', 'compris', 'champ', 'application', 'matérialisé', 'conclusion', 'avenant', 'contrat', 'travail', 'salariés', 'concernés'], ['révision'], ['litiges'], ['défaut', 'accord', 'amiable', 'chacune', 'party', 'pourra', 'saisir', 'tribunal', 'compétent'], ['dépôt'], ['partie', 'regime', 'juridique', 'mensualisation'], ['durée', 'travail'], ['catégorie', 'salariés', 'concernés'], ['/règlement', 'heures', 'supplémentaires'], ['gestion', 'heures', 'supplémentaires'], ['décompte', 'majorations', 'heures', 'supplémentaires']]"
T06018000214,"[['accord', 'entreprise', 'relatif'], ['amenagement', 'temp', 'travail'], ['cadre', 'juridique'], ['champ', 'application'], ['theme', 'accord'], ['durees', 'travail', 'repos'], ['duree', 'effective', 'travail'], ['duree', 'quotidienne', 'maximale', 'travail'], ['duree', 'hebdomadaire', 'maximale', 'travail'], ['temp', 'pause'], ['repos', 'quotidien'], ['repos', 'hebdomadaire'], ['repartition', 'heures', 'travail', 'semaine'], ['amplitude', 'journalière', 'salariés', 'temp', 'partiel', 'pourra', 'cependant', 'être', 'fixée', 'heures'], ['iii', 'paiement', 'heures', 'supplementaires', 'contingent', 'heures', 'supplementaires'], ['contingent', 'heures', 'supplementaires', 'entreprise'], ['heures', 'supplementaires'], ['amenagements', 'temp', 'travail', 'cadre', 'modulation', 'courte'], ['période', 'organisation', 'temp', 'travail', 'périodicité', 'mise', 'place', 'planning'], ['application', 'salariés', 'employés', 'temp', 'partiel'], ['temp', 'habillage', 'deshabillage'], ['organisation', 'temp', 'travail', 'cadre', 'modulation', 'longue', 'contractualisee', 'non'], ['organisation', 'temp', 'travail', 'tout', 'partie', 'année', 'salariés', 'temp', 'complet', 'modulation', 'temp', 'travail', 'période', 'supérieure', 'semaine', 'plus', 'égale', 'année'], ['calendrier', 'prévisionnel'], ['condition', 'délai', 'prévenance', 'changements', 'durée', 'horaire', 'travail'], ['définition'], ['paiement/compensation', 'heures', 'supplémentaires'], ['lissage', 'rémunération', 'mention', 'bulletin', 'paie'], ['prise', 'compte', 'absence', 'départs', 'arrivées', 'cours', 'année'], ['décompte', 'temp', 'travail'], ['modification', 'temporaire', 'durée', 'travail', 'avenant', 'contractuel', 'salariés', 'temp', 'partiel'], ['temp', 'partiel', 'aménagé', 'tout', 'partie', 'année', 'salariés', 'temp', 'partiel', 'modulation', 'temp', 'travail', 'période', 'supérieure', 'semaine', 'plus', 'égale', 'année'], ['principe', 'applicables'], ['prise', 'compte', 'absence', 'départs', 'arrivées', 'cours', 'année'], ['vii', 'cadre', 'agent', 'maitrise', 'autonomes', 'convention', 'individuelles', 'forfait', 'jours', 'annee'], ['définition'], ['convention', 'individuelles', 'forfait', 'jours', 'année'], ['organisation', 'jours', 'repos'], ['organisation', 'prises', 'jours', 'demi-journées', 'repos', 'variera', 'selon', 'nécessités', 'organisation', 'activité'], ['modalités', 'décompte', 'jours', 'travaillés'], ['amplitude', 'journée', 'travail', 'repos']]"
A06718005834,"[['protocole', 'accord', 'logistique'], ['octobre', '2017'], ['prime', 'modification', 'changement', 'horaire', 'logistique'], ['traitement', 'conge'], [], ['traitement', 'week-end', 'pascal'], ['désaccord'], ['publicité'], ['durée']]"
T09422010665,"[['accord', 'entreprise', 'relatif', 'forfait', 'jours'], ['co-moe'], ['objet', 'champ', 'application'], ['catégorie', 'salariés', 'concernés'], ['caractéristiques', 'convention', 'individuelle', 'forfait', 'annuel', 'jours'], ['nombre', 'jours', 'travaillés', 'période', 'référence'], ['impact', 'arrivées', 'départs', 'cous', 'période', 'référence'], ['impact', 'absence', 'forfait'], ['forfait', 'annuel', 'jours', 'réduit'], ['jours', 'rtt'], ['rémunération'], ['décompte', 'temp', 'travail'], ['suivi', 'organisation', 'travail', 'chaque', 'salarié'], ['entretiens', 'annuels', 'individuels'], ['suivi', 'médical'], ['droit', 'déconnexion'], ['consultation', 'irp'], ['consultation', 'personnel'], ['dépôt', 'publicité', 'accord']]"
T01724060312,"[['accord', 'entreprise', 'compte', 'heures', 'supplémentaires'], ['presentation', 'party'], ['substitution'], ['champ', 'application'], ['compte', 'heures', 'supplémentaires'], ['duree', 'accord', 'entree', 'vigueur'], ['revision', 'denonciation', 'accord'], ['révision'], ['depot', 'publicite', 'accord']]"
T01420002715,"[['protocole', 'accord', 'nao', '2019'], ['proposition', 'organisation', 'syndicales', 'position', 'direction'], ['disposition', 'finale']]"
T04522005305,"[['avenant', 'n°3', 'accord', 'organisation', 'temp', 'travail', 'sein', 'ues', 'axereal'], ['heures', 'supplémentaires', 'payées', 'cours', 'période'], ['heures', 'supplémentaires', 'terme', 'période', 'référence'], ['dérogations', 'traitement', 'heures', 'supplémentaires', 'terme', 'période', 'référence'], ['entrée', 'vigueur', 'avenant'], ['révision'], ['avenant', 'portant', 'révision', 'accord', 'initial', 'présent', 'avenant', 'fera', 'objet', 'dépôt', 'formes', 'indiquées', 'article', 'publicité', 'dépôt'], ['dénonciation']]"
T07618000144,"[['sa', 'airelles'], ['chemin', 'clair', 'ruissel'], ['sa', 'immatriculée', 'rcs', 'sou', 'numéro', '488275694'], ['accord', 'collectif', 'entreprise', 'garantir'], ['competitivite', 'entreprise'], ['période', 'référence', 'décompte', 'heures', 'supplémentaires'], ['taux', 'majoration', 'heures', 'supplémentaires', 'définies', 'article'], ['contingent', 'annuel', 'heures', 'supplémentaires'], ['définition', 'heures', 'travail', 'effectif'], ['temp', 'trajet'], ['rémunération', 'temp', 'trajet'], ['relevé', 'heures', 'contrôle', 'heures', 'effectuées'], ['autres', 'indemnités', 'liées', 'déplacements'], ['grille', 'salaire'], ['chômage', 'intempéries'], ['jours', 'fériés'], ['feront', 'objet', 'indemnisation', 'forfaitaire', 'correspondant', 'heures', 'travail'], ['suivi', 'aménagements', 'accord', 'collectif', 'entreprise'], ['information', 'salariés'], ['acceptation', 'tacite', 'accord', 'après', 'référendum'], ['durée', 'entrée', 'vigueur', 'cet', 'accord']]"
T07522048782,"[['accord', 'organisation', 'aménagement', 'temp', 'travail', 'sein', 'société', 'yolaw'], ['disposition', 'générales'], ['objet', 'champ', 'application', 'accord'], ['définition', 'disposition', 'générales'], ['temp', 'travail', 'effectif'], ['durée', 'maximale', 'travail'], ['contingent', 'heures', 'supplémentaires'], ['aménagement', 'temp', 'travail', 'salariés'], ['population', 'éligible'], ['durée', 'travail', 'repos', 'compensateur', 'remplacement'], ['horaires'], ['rémunération', 'taux', 'majoration', 'heures', 'supplémentaires'], ['régime', 'jours', 'repos', 'compensateur', 'equivalent', 'jrce'], ['ouverture', 'droit', 'date', 'prise', 'repos', 'compensateur', 'remplacement'], ['modalités', 'prise', 'repos', 'compensateur', 'équivalent'], ['rupture', 'contrat', 'travail'], ['aménagement', 'temp', 'travail', 'salariés', 'cadre', 'décompte', 'jours'], ['population', 'éligible'], ['modalités', 'mise', 'œuvre', 'convention', 'forfait', 'annuel', 'jours'], ['condition', 'mise', 'place', 'forfait'], ['période', 'référence', 'durée', 'forfait', 'annuel', 'jours'], ['prise', 'jours', 'repos'], ['prise', 'compte', 'absence', 'valorisation', 'absence'], ['prise', 'compte', 'sortie', 'cours', 'période', 'référence'], ['durée', 'maximale', 'travail', 'suivi', 'charge', 'travail'], ['durée', 'maximale', 'temp', 'travail'], ['suivi', 'charge', 'travail'], ['organisation', 'travail'], ['articulation', 'entre', 'activité', 'professionnelle', 'vie', 'personnelle'], ['rémunération'], ['droit', 'déconnexion'], ['définition', 'droit', 'déconnexion'], ['mesures', 'visant', 'lutter', 'contre', 'utilisation', 'outils', 'numériques', 'communication', 'professionnelle', 'hors', 'temp', 'travail'], ['action', 'menées', 'entreprise'], ['disposition', 'finale'], ['entrée', 'vigueur', 'durée', 'portée', 'accord'], ['publicité'], ['dépôt', 'accord']]"
T01622002470,"[['accord', 'entreprise'], ['relatif', 'activite', 'distillation'], ['champ', 'application'], ['duree', 'amenagement', 'temp', 'travail'], ['contreparties', 'travail', 'nuit'], ['contreparties', 'travail', 'dominical', 'jours', 'feries'], ['prime', 'distillation'], ['classification'], ['entree', 'vigueur', 'duree'], ['revision'], ['denonciation'], ['depot', 'publicite'], ['champ', 'application'], ['duree', 'amenagement', 'temp', 'travail'], ['contreparties', 'travail', 'nuit'], ['contreparties', 'travail', 'dominical', 'jours', 'feries'], ['prime', 'distillation'], ['classification'], ['entree', 'vigueur', 'duree'], ['revision'], ['denonciation'], ['depot', 'publicite']]"
T07319001687,"[['accord', 'entreprise'], ['relatif', 'duree', 'travail', 'applicable', 'sein', 'societe', 'synapse'], ['champ', 'application'], ['definition', 'temp', 'travail', 'effectif', 'duree', 'travail', 'applicable', 'sein', 'societe', 'synapse'], ['durees', 'maximales', 'travail'], ['repos', 'quotidien', 'hebdomadaire'], ['definition', 'heures', 'supplementaires'], ['contingent', 'annuel', 'heures', 'supplementaires'], ['disposition', 'finale'], ['durée', 'révision', 'dénonciation'], ['dépôt']]"
T00621005409,"[['procès-verbal'], ['negociation', 'annuelle', 'obligatoire', '2021'], [], [], [], [], [], [], []]"
T02718000208,"[['annualisation', 'temp', 'travail', 'modalités', 'jrtt', 'mensuels'], ['définition', 'mensuels'], ['temp', 'travail', 'effectif'], ['définition', 'temp', 'travail', 'effectif'], ['modalités', 'acquisition', 'prise', 'jours', 'rtt'], ['fixation', 'journée', 'solidarité'], ['heures', 'supplémentaires'], ['durée', 'aménagement', 'temp', 'travail', 'ingénieurs', 'cadre'], ['forfait', 'jours'], ['période', 'référence', 'forfait'], ['nombres', 'jour', 'compris', 'forfait'], ['modalités', 'application', 'convention', 'forfait'], ['incidence', 'absence'], ['contrôle', 'forfait', 'jours'], ['modalités', 'prise', 'jours', 'repos'], ['disposition', 'concernant', 'tous', 'salariés'], ['droit', 'déconnexion'], ['don', 'jours', 'congés'], ['durée', 'dénonciation', 'révision', 'formalités', 'dépôt'], ['durée', 'dénonciation', 'révision'], ['entrée', 'vigueur', 'dépôt', 'publicité']]"
T07319001773,"[['accord', 'entreprise'], ['relatif', 'duree', 'travail'], ['champ', 'application'], ['organisation', 'temp', 'travail'], ['modalités', 'organisation', 'travail', 'entreprise'], ['temp', 'petits', 'déplacements', 'rendre', 'chantiers'], ['temp', 'grand', 'déplacements', 'rendre', 'chantiers'], ['temp', 'pause'], ['gestion', 'temp', 'travail'], ['modalités', 'organisation', 'temp', 'travail'], ['heures', 'supplémentaires'], ['durées', 'maximum', 'travail'], ['modalités', 'enregistrement', 'temp', 'travail'], ['gestion', 'congés'], ['disposition', 'finale'], ['modalités', 'conclusion', 'présent', 'accord'], ['dépôt', 'publicité', 'accord']]"
T97223002377,"[['avenant', 'revision'], ['accord', 'famille'], ['administration', 'service', 'aes'], ['non-cadre'], ['travail', 'temp', 'partiel'], ['travail', 'dimanche', 'jours', 'feries'], ['travail', 'pendant', 'transferts'], ['travail', 'nuit'], ['catégories', 'personnel', 'visées'], ['définition', 'travail', 'nuit'], ['contreparties', 'liées', 'travail', 'nuit'], ['compensation', 'financière', 'travailleurs', 'nuit'], ['compensation', 'financière', 'autres', 'salariés', 'travaillant', 'nuit'], ['repos', 'compensateur'], ['condition', 'travail', 'travailleurs', 'nuit'], ['durées', 'maximales', 'quotidienne', 'hebdomadaire'], ['temp', 'pause'], ['vie', 'familiale'], ['priorité', 'attribution', 'nouveau', 'poste'], ['protection', 'santé'], ['protection', 'maternité'], ['egalité', 'professionnelle'], ['formation', 'professionnelle'], ['conge', 'paye'], ['ouverture', 'droit', 'congés', 'payés'], ['conge', 'anciennete'], ['avenant', 'revision', 'accord'], ['famille', 'aes', 'non-cadre'], ['cadre', 'juridique'], ['champ', 'application'], ['entree', 'vigueur', 'revision', 'denonciation'], ['entrée', 'vigueur'], ['révision'], ['dénonciation'], ['classification', 'remuneration'], ['differentes', 'filieres'], ['mission', 'générale', 'métiers', 'filière', 'accompagnement', 'social', 'professionnel'], ['metier', 'sante'], ['metier', 'social'], ['metier', 'insertion'], ['chargé', 'insertion', 'sociale', 'professionnelle'], ['filière', 'administratif'], ['mission', 'générale', 'métiers', 'filière', 'administratif'], ['assistant', 'direction', 'établissement'], ['assistant', 'direction', 'équipe', 'fonctionnelle'], ['metier', 'comptabilite'], ['comptable', 'comptabilité', 'tier', 'trésorerie'], ['metier', 'ressources', 'humaines'], ['gestionnaire', 'paie']]"
T05321002743,"[['accord', 'entreprise'], ['relatif', 'organisation', 'travail'], ['heures', 'supplémentaires'], ['cadre'], ['périmètre', 'application', 'accord'], ['révision', 'dénonciation'], ['modalités', 'organisation', 'activité'], ['planning', 'prévisionnels'], ['modalités', 'enregistrement', 'suivi', 'temp', 'travail'], ['délai', 'modification', 'horaires'], ['planning'], ['heures', 'supplémentaires'], ['définitions', 'heures', 'supplémentaires'], ['contingent', 'annuel'], ['modalités', 'paiement'], ['taux', 'majorations'], ['remplacement', 'paiement', 'heures', 'supplémentaires', 'repos', 'compensateur', 'équivalent'], ['limites'], ['modalités', 'conclusion', 'présent', 'accord'], ['dépôt', 'publicité', 'accord']]"
T08523060437,"[['accord', 'entreprise', 'accord', 'relatif', 'organisation', 'amenagement', 'temp', 'travail'], ['accord', 'entreprise', 'portant', 'amenagement', 'temp', 'travail'], ['amplitude', 'ouverture', 'entreprise'], ['temp', 'travail', 'effectif'], ['compensation', 'temp', 'trajet', 'inhabituels', 'hors', 'temp', 'travail', 'effectif'], ['durées', 'maximales', 'travail', 'temp', 'repos'], ['durée', 'maximale', 'quotidienne'], ['article', '3131-1', 'code', 'travail', 'garantit', 'salariés', 'repos', 'quotidien', 'durée', 'minimale', 'heures', 'entre', 'deux', 'jours', 'travail', 'sou', 'réserve', 'dérogations', 'prévues', 'article', '3131-2', 'définies', 'décret'], ['repos', 'hebdomadaire'], ['journée', 'solidarité'], ['période', 'référence'], ['décompte', 'congés'], ['modalités', 'prise', 'congés'], ['ordre', 'départs', 'congés', 'dépôt', 'demandes'], ['obligation', 'déconnexion'], ['définition'], ['sensibilisation', 'formation', 'déconnexion'], ['lutte', 'contre', 'stress', 'lié', 'utilisation', 'outils', 'numériques', 'professionnels'], ['annualisation', 'temp', 'travail'], ['disposition', 'générales'], ['durée', 'travail'], ['jours', 'réduction', 'temp', 'travail'], ['modalités', 'prise', 'jours', 'réduction', 'temp', 'travail'], ['heures', 'supplémentaires'], ['définition'], ['constituent', 'heures', 'supplémentaires'], ['contingent'], ['disposition', 'spécifiques', 'travail', 'temp', 'partiel'], ['durée', 'travail'], ['organisation', 'annualisation', 'temp', 'travail'], ['heures', 'complémentaires'], ['contrat', 'travail'], ['qualification', 'salarié'], ['lissage', 'rémunération'], ['forfait', 'annuel', 'jours'], ['décompte', 'jours', 'travaillés'], ['incidence', 'absence'], ['dépassement', 'forfait'], ['organisation', 'temp', 'travail'], ['durée', 'quotidienne', 'travail', 'effectif'], ['repos', 'hebdomadaire'], ['rappel', 'droit', 'déconnexion'], ['suivi', 'contrôle', 'organisation', 'temp', 'travail'], ['suivi', 'forfait'], ['jours', 'fériés', 'chômés'], ['suivi', 'collectif', 'forfaits', 'jours'], ['accord', 'cette', 'demande', 'formalisé', 'avenant', 'contrat', 'travail'], ['durée', 'accord', 'révision', 'dénonciation'], ['accord', 'entreprise', 'accord', 'relatif', 'organisation', 'amenagement', 'temp', 'travail']]"
T07523054564,"[['objet', 'accord'], ['accord', 'applique', 'également', 'intérimaires', 'salariés', 'mi', 'disposition'], ['champ', 'application', 'beneficiaires'], ['temp', 'travail', 'effectif'], ['temp', 'pause'], ['repos', 'hebdomadaire', 'quotidien'], ['amplitude', 'travail'], ['employeur', 'devra', 'dès', 'lors', 'suivre', 'procédure', 'suivante'], ['periode', 'reference', 'temp', 'travail'], ['amplitude', 'horaires'], ['programmation', 'modalites', 'modification', 'horaires'], ['délais', 'prévenance', 'modification', 'horaires', 'travail'], ['decompte', 'paiement', 'heures', 'supplementaires'], ['modalites', 'remuneration'], ['lissage', 'rémunération'], ['incidence', 'absence', 'cours', 'période', 'référence', 'rémunération', 'absence'], ['décompte', 'heures'], ['incidence', 'embauches', 'départs', 'cours', 'période', 'référence'], ['incidence', 'heures', 'excédentaires', 'déficitaires', 'fin', 'période', 'référence'], ['entree', 'vigueur', 'duree', 'accord'], ['revision'], ['denonciation'], ['accord', 'fera', 'objet', 'affichage', 'siège', 'entreprise', 'restaurant']]"
T04419004838,"[['accord', 'collectif', 'relatif', 'heures', 'supplémentaires/complémentaires', 'chez', 'herculepro'], ['champ', 'application'], ['ii-', 'definition', 'gestion', 'heures', 'supplémentaires'], ['définition'], ['gestion'], ['solde', 'compteur', 'annuel'], ['iii', 'récupération', 'indemnisation', 'heures', 'supplémentaires'], ['temp', 'partiels'], ['durée', 'accord'], ['révision', 'accord'], ['vii', 'dénonciation', 'accord'], ['viii', 'dépôt', 'légal', 'information', 'personnel', 'partenaires', 'sociaux'], ['entrée', 'vigueur', 'accord']]"
T05418000610,"[['accord', 'collectif', 'entreprise', 'relatif', 'amenagement', 'temp', 'travail', 'heures', 'supplementaires', 'astreintes'], ['objet', 'accord'], ['champ', 'application'], ['accomplissement', 'heures', 'supplementaires'], ['durees', 'maximales', 'travail'], ['decompte', 'heures', 'supplementaires'], ['repos', 'compensateur', 'remplacement', 'equivalent'], ['astreintes'], ['indemnisation', 'astreinte', 'fera', 'objet', 'attribution', 'salarié', 'concerné', 'prime', 'forfaitaire', 'montant'], ['contestation'], ['duree', 'application', 'accord'], ['revision', 'denonciation'], ['depot', 'publicite', 'accord']]"
T08523060159,"[['accord', 'entreprise', 'relatif'], ['contingent', 'annuel', 'heures', 'supplementaires'], ['duree', 'maximale', 'journaliere', 'travail'], ['objet'], ['définition', 'temp', 'travail', 'effectif'], ['accomplissement', 'heures', 'supplémentaires'], ['contingent', 'annuel', 'heures', 'supplémentaires'], ['durée', 'maximale', 'journalière', 'travail']]"
T06920012425,"[['accord', 'collectif', 'durée', 'travail'], ['sein', 'sociétés', 'ues', 'tosa', 'management'], ['définition', 'semaine', 'travail'], ['heures', 'supplémentaires'], ['durée', 'maximale', 'travail', 'pause'], ['durée', 'maximale', 'travail', 'travailleurs', 'nuit'], ['contrepartie', 'temp', 'habillage', 'déshabillage'], ['plage', 'disponibilités'], ['congés', 'payés'], ['journée', 'solidarité'], ['modalités', 'mise', 'œuvre'], ['cadre', 'autonomes', 'forfait', 'annuel', 'jours'], ['salariés', 'temp', 'complet'], ['salariés', 'temp', 'partiel'], ['règles', 'applicables'], ['clause', 'rendez-vous'], ['communication', 'accord'], ['dépôt', 'publicité', 'accord'], ['transmission', 'accord', 'commission', 'paritaire', 'permanente', 'négociation', 'interprétation', 'branche']]"
T09422010217,"[['accord', 'entreprise', 'relatif', 'participation'], ['2023'], ['mise', 'place', 'dispositif', 'astreinte'], ['contre', 'party', 'astreinte'], ['paiement', 'heures', 'supplémentaires', 'ca', 'déclenchement'], ['remboursement', 'frais', 'diver'], ['appel', 'volontaires', 'durée', 'totale', 'accord'], ['condition', 'travail'], ['document', 'récapitulatif', 'mensuel'], ['consultation', 'cse'], ['durée', 'date', 'effet'], ['révision'], ['validité', 'publicité', 'accord'], ['dépôt', 'publicité', 'accord']]"
T09121007553,"[['accord', 'entreprise'], ['relatif', 'contingent', 'heures', 'supplementaires'], ['contingent', 'heures', 'supplementaires'], ['majorations', 'applicables', 'heures', 'supplementaires'], ['duree', 'accord'], ['suivi', 'accord'], ['formalites'], ['revision', 'denonciation', 'accord']]"
T02923060473,"[['avenant'], ['accord', 'entreprise', 'portant', 'durée', 'aménagement', 'temp', 'travail'], ['champ', 'application'], ['duree', 'effective', 'travail'], ['définition'], ['durée', 'travail'], ['durée', 'quotidienne', 'travail'], ['repos', 'quotidien'], ['activité', 'association', 'nécessite', 'travail', 'continu', 'dimanches'], ['décompte', 'temp', 'travail'], ['organisation', 'temp', 'travail'], ['durée', 'annuelle'], ['planning'], ['jours', 'repos'], ['rémunération'], ['compensation', 'heures', 'supplémentaires', 'fin', 'période', 'référence'], ['décompte', 'absence', 'temp'], ['calcul', 'horaire', 'référence', 'salariés', 'accomplissant', 'totalité', 'période', 'référence'], ['temp', 'travail', 'cadre'], ['nombre', 'jours'], ['durée', 'maximale', 'travail'], ['repos', 'quotidien', 'hebdomadaire', 'obligatoire'], ['organisation', 'jours', 'repos'], ['traitement', 'absence'], ['modalités', 'décompte', 'jours', 'travaillés'], ['formalisme'], ['rémunération'], ['repos'], ['retraite', 'progressive'], ['entretien', 'individuel'], ['dispositif', 'alerte'], ['droit', 'déconnexion'], ['modalités', 'suivi', 'forfait', 'cadre'], ['disposition', 'particulières', 'concernant', 'organisation', 'temp', 'travail'], ['temp', 'pause'], ['temp', 'choisi'], ['calcul', 'horaire', 'moyen', 'mensuel'], ['durée', 'travail'], ['nouvelles', 'grille', 'horaires'], ['prise', 'compte', 'besoins', 'service'], ['absence'], ['repos', 'récupérateur'], ['astreintes'], ['récupération', 'jours', 'fériés'], ['repas', 'réunions', 'service'], ['gratuité', 'repas', 'stagiaires', 'éducatifs'], ['droits', 'conge', 'paye'], ['conge', 'paye', 'amenagement', 'temp', 'travail'], ['valorisation', 'conge', 'paye'], ['depot', 'publicite']]"
A09518004540,"[['accord', 'collectif', 'entreprise'], ['concernant', 'fixation', 'contingent', 'heures', 'supplementaires'], ['accord', 'applique', 'salariés', 'société', 'international', 'base', 'volontariat'], ['contingent', 'heures', 'supplémentaires', 'contrepartie', 'obligatoire', 'repos'], ['condition', 'suivi', 'accord'], ['révision'], ['dénonciation'], ['notification'], ['dépôt']]"
T03320005862,"[['accord', 'entreprise', 'durée', 'travail'], ['annualisation', 'temp', 'travail', 'mise', 'place', 'forfait', 'jours'], ['partie', 'mise', 'place', 'forfait', 'annuel', 'jours'], ['category', 'salary', 'concernes'], ['nombre', 'jours', 'compris', 'forfait'], ['periode', 'reference'], ['depassement', 'forfait', 'annuel', 'renonciation', 'jours', 'repos'], ['forfait', 'jours', 'reduit'], ['temp', 'repos', 'salary', 'forfait', 'jours', 'modalite', 'prise', 'jours', 'rtt'], ['prise', 'jrtt'], ['caracteristiques', 'convention', 'forfait', 'annuel', 'jours', 'conclue', 'salarie'], ['remuneration'], ['condition', 'prise', 'compte', 'absence', 'remuneration'], ['condition', 'prise', 'compte', 'embauches', 'rupture', 'contrat', 'travail', 'cours', 'periode', 'reference', 'remuneration'], ['modalites', 'evaluation', 'suivi', 'regulier', 'charge', 'travail', 'salarie'], ['dispositif', 'alerte', 'ca', 'difficultes', 'inhabituelles'], ['modalites', 'exercice', 'droit', 'deconnexion'], ['partie', 'accord', 'heures', 'supplementaires'], ['champ', 'application'], ['periode', 'reference'], ['durees', 'travail'], ['durée', 'travail', 'annuelle'], ['modalités', 'modulation'], ['condition', 'delais', 'prevenance', 'changements', 'duree', 'horaires', 'travail'], ['heures', 'complementaires', 'heures', 'supplementaires'], ['remuneration'], ['calcul', 'absence', 'arrivees', 'departs', 'cours', 'mois'], ['partie', 'iii', 'disposition', 'commune'], ['entree', 'vigueur', 'duree', 'accord'], ['portee', 'accord'], ['depot', 'publicite', 'accord']]"
T06723013620,"[['accord', 'entreprise', 'concernant'], ['amplitude', 'horaires', 'jours', 'consécutifs', 'travaillés'], ['horaires', 'spécifiques'], ['règles', 'heures', 'supplémentaires'], ['ensemble', 'accord', 'ci-dessous', 'pourra', 'être', 'proposé', 'salariés', 'exclusivement', 'fonction', 'besoins', 'différents', 'service'], ['rappel', 'textes'], ['3131-1'], ['3131-2'], ['extrait', 'code', 'travail'], ['communication', 'suivi'], ['procédure', 'dépôt']]"
T04519001735,"[['accord', 'entreprise', 'relatif', 'durée', 'travail'], ['organisation', 'petits', 'déplacements'], ['heures', 'supplémentaires'], ['contingent', 'heures', 'supplémentaires'], ['petits', 'déplacements'], ['indemnité', 'trajet'], ['indemnité', 'repas'], ['formalités']]"
T05123060218,"[['avenant', 'relatif', 'temp', 'travail'], ['sein', 'sa', 'roledic'], ['portant', 'revision', 'accord', 'collectif', 'juillet', '2022', 'relatif', 'temp', 'travail'], ['organisation', 'temp', 'travail'], ['artlce', 'duree', 'revision', 'denonciation', 'interpretation', 'suivi'], ['révision'], ['dénonciation'], ['suivi', 'avenant'], ['champ', 'application'], ['revision', 'article', 'accord', 'collectif', 'juillet', '2022'], ['article', '3.1.', 'modifié', 'rappel', 'rédigé', 'comme', 'suit'], ['durée', 'effective', 'travail'], ['article', '3.2.', 'modifié', 'réécrit', 'comme', 'suit'], ['durée', 'quotidienne', 'hebdomadaire', 'travail', 'effectif'], ['article', '3.3.', 'modifié', 'réécrit', 'comme', 'suit'], ['repos', 'quotidien'], ['article', '3.4.', 'modifié', 'rappel', 'rédigé', 'comme', 'suit'], ['repos', 'hebdomadaire'], ['article', '3.5.', 'modifié', 'réécrit', 'comme', 'suit'], ['heures', 'supplémentaires', 'salariés', 'temp', 'complet'], ['principe', 'rémunération', 'heures', 'supplémentaires'], ['article', '3.6.', 'complété', 'réécrit', 'comme', 'suit'], ['salariés', 'temp', 'partiel', 'heures', 'complémentaires'], ['période', 'référence', 'décompte', 'temp', 'travail', 'durée', 'annuelle', 'travail'], ['planning', 'condition', 'délais', 'prévenance', 'changements', 'durée', 'travail', 'horaires', 'modalités', 'communication', 'salariés'], ['disposition', 'commune'], ['accord', 'salarié', 'pourra', 'être', 'exprès', 'tacite'], ['salariés', 'temp', 'plein'], ['heures', 'supplémentaires', 'heures', 'complémentaires'], ['paiement', 'heures', 'cours', 'période', 'annualisation'], ['paiement', 'anticipatif', 'certaines', 'heures', 'supplémentaires'], ['publicite', 'depot', 'avenant']]"
T02619001053,"[['accord', 'entreprise', 'avril', '2019'], ['champ', 'application', 'duree'], ['champ', 'application'], ['entree', 'vigueur-duree'], ['duree', 'travail-dispositions', 'diverses'], ['duree', 'quotidienne', 'travail'], ['amplitude', 'repos', 'quotidien'], ['recours', 'temp', 'partiel'], ['interruption', 'activite', 'coupures'], ['heures', 'complementaires'], ['suppression', 'jours', 'fractionnement'], ['jours', 'feries'], ['temp', 'deplacement'], ['communication', 'planning', 'condition', 'changement', 'applicable', 'tous', 'type', 'organisation', 'temp', 'travail'], ['notification', 'modification', 'planning'], ['contrepartie', 'modification', 'planning'], ['modalites', 'organisation', 'temp', 'travail'], ['annualisation', 'temp', 'travail', 'article', 'l.3121-44', 'suivants', 'code', 'travail'], ['disposition', 'commune', 'salary', 'temp', 'plein', 'temp', 'partiel'], ['objet'], ['salary', 'concernes'], ['remuneration'], ['absence'], ['périodes', 'non', 'travaillées', 'non', 'rémunérées'], ['compteur', 'individuel', 'suivi'], ['regularisation', 'ca', 'depart', 'salarie', 'cours', 'periode', 'reference'], ['modification', 'duree', 'travail', 'contractuelle', 'cours', 'periode', 'reference'], ['modification', 'durée', 'contractuelle', 'travail', 'hausse'], ['modification', 'durée', 'contractuelle', 'baisse'], ['disposition', 'propres', 'salary', 'temp', 'plein', 'annualise'], ['principe', 'annualisation'], ['horaire', 'hebdomadaire', 'moyen', 'horaire', 'mensuel', 'moyen'], ['amplitude', 'amenagement', 'temp', 'travail', 'annee'], ['heures', 'supplementaires', 'contingent', 'annuel'], ['regularisation', 'issue', 'periode', 'annualisation'], ['disposition', 'propres', 'salary', 'temp', 'partiel', 'annualise'], ['principe', 'annualisation'], ['duree', 'hebdomadaire', 'moyenne', 'duree', 'mensuelle', 'moyenne', 'duree', 'annuelle'], ['amplitude', 'amenagement', 'temp', 'travail', 'annee'], ['heures', 'complementaires'], ['regularisation', 'issue', 'periode', 'annualisation'], ['egalite', 'droits'], ['travail', 'intermittent'], ['travail', 'intermittent'], ['travail', 'nuit'], ['travail', 'nuit'], ['accès', 'formation', 'professionnelle'], ['travail', 'nuit', 'exeptionnel'], ['publicite', 'depot', 'accord'], ['publicite', 'depot']]"
T07120001727,"[['accord', 'entreprise', 'portant', 'soutien', 'activite', 'cours', 'epidemie', 'covid'], ['champ', 'application', 'objet'], ['rappel', 'disposition', 'légales', 'relative', 'prise', 'congés', 'payés'], ['mesures', 'ajustement', 'planning', 'tach'], ['mesures', 'relative', 'repos', 'prévus', 'convention', 'forfait', 'jours', 'issus', 'cet'], ['mesures', 'relative', 'autres', 'compteurs', 'heures', 'jours', 'récupérer'], ['dispositif', 'dérogatoire', 'prise', 'congés', 'payés'], ['création', 'compteur', 'heures', 'négatif'], ['principe', 'recours'], ['date', 'entrée', 'vigueur', 'durée'], ['révision']]"
T08919000509,"[['accord', 'modernisation', 'dispositifs', 'amenagement', 'temp', 'travail'], ['disposition', 'générales'], ['définition', 'temp', 'travail', 'effectif'], ['durée', 'maximale', 'travail', 'repos', 'quotidien'], ['heures', 'supplémentaires'], ['principe'], ['seuils', 'déclenchement', 'heures', 'supplémentaires'], ['contrepartie', 'heures', 'supplémentaires'], ['modalités', 'aménagement', 'temp', 'travail'], ['modalités', 'aménagement', 'temp', 'travail', 'personnel', 'ouvrier'], ['organisation', 'travail', 'rtt'], ['temp', 'pause'], ['modalités', 'aménagement', 'temp', 'travail', 'personnel', 'etam'], ['organisation', 'travail', 'rtt'], ['principe', 'horaire', 'variable'], ['travail', 'temp', 'partiel'], ['définition', 'modalités'], ['heures', 'complémentaires'], ['horaires', 'travail', 'communication', 'changement'], ['travail', 'nuit'], ['justification', 'travail', 'nuit'], ['définition', 'travailleur', 'nuit'], ['contreparties', 'accordées', 'travailleurs', 'nuit'], ['contreparties', 'accordées', 'travail', 'nuit', 'occasionnel'], ['mesures', 'destinées', 'améliorer', 'condition', 'travail', 'travailleurs', 'nuit'], ['mesures', 'destinées', 'favoriser', 'articulation', 'activité', 'nocturne', 'exercice', 'responsabilités', 'familiales', 'sociales'], ['mesures', 'destinées', 'formation', 'professionnelle', 'travailleurs', 'nuit'], ['mesures', 'destinées', 'favoriser', 'égalité', 'professionnelle', 'entre', 'hommes', 'femmes'], ['protection', 'santé', 'sécurité', 'travailleurs', 'nuit'], ['modalités', 'aménagement', 'temp', 'travail', 'cadre', 'autonomes'], ['modalités', 'conclusion', 'convention', 'individuelle', 'forfait'], ['durée', 'décompte', 'temp', 'travail']]"
T01221001287,"[['accord', 'entreprise', 'relatif', 'contingent', 'annuel', 'heures', 'supplementaires', 'indemnités'], ['petits', 'déplacements'], ['petits', 'déplacements'], ['indemnité', 'trajet'], ['organisation', 'rémunération', 'temp', 'trajet'], ['consultation', 'personnel'], ['suivi', 'révision', 'dénonciation', 'accord'], ['bordereau', 'dépôt']]"
T07520027296,"[['accord', 'collectif', 'portant', 'durée', 'travail', 'congés', 'sein', 'gdsolaire'], ['partie', 'disposition', 'générales'], ['objet'], ['définition', 'calcul', 'temp', 'travail', 'effectif'], ['temp', 'exclus', 'décompte', 'temp', 'travail', 'effectif'], ['temp', 'décomptés', 'comme', 'temp', 'travail', 'effectif'], ['temp', 'trajet', 'entre', 'domicile', 'lieu', 'travail', 'excédant', 'durée', 'habituelle', 'salarié'], ['absence', 'assimilées', 'temp', 'travail', 'effectif'], ['durée', 'maximale', 'travail', 'repos', 'obligatoire'], ['durées', 'légales', 'maximales', 'travail'], ['repos', 'quotidien', 'hebdomadaire'], ['durée', 'travail', 'salary', 'soumis', 'durée', 'hebdomadaire', 'heures'], ['titre', 'informatif', 'horaire', 'travail', 'collectif', 'société', 'suivant'], ['heures', 'supplémentaires', 'complémentaires'], ['définition'], ['contingent', 'annuel', 'heures', 'supplémentaires', 'limite', 'heures', 'complémentaires'], ['compensation', 'heures', 'supplémentaires', 'complémentaires'], ['exception', 'relative', 'cadre', 'dirigeants'], ['partie', 'forfait', 'annuel', 'jours'], ['définition', 'forfait', 'annuel', 'jours'], ['caractéristiques', 'principales', 'convention', 'individuelles', 'forfait', 'annuel', 'jours'], ['forfait', 'annuel', 'jours', 'réduit'], ['prise', 'compte', 'arrivées', 'départs', 'cours', 'période', 'absence'], ['arrivées', 'départs', 'cours', 'période'], ['absence', 'droit', 'congés', 'payés', 'première', 'période', 'droit', 'congés', 'payés', 'incomplet', 'ca', 'échéant', 'deuxième', 'période'], ['prise', 'compte', 'absence'], ['jours', 'repos', 'supplémentaires'], ['acquisition'], ['prise', 'jours', 'repos', 'supplémentaires'], ['absence', 'report'], ['travail', 'au-delà', 'convention', 'individuelle', 'forfait', 'renonciation', 'jours', 'repos', 'supplémentaires'], ['décompte', 'contrôle', 'temp', 'travail', 'cadre', 'forfait', 'annuel', 'jours'], ['modalités', 'évaluation', 'suivi', 'charge', 'travail', 'cadre', 'forfait', 'annuel', 'jours'], ['suivi', 'charge', 'travail', 'amplitude', 'journées', 'travail', 'équilibre', 'vie', 'privée', 'vie', 'professionnelle'], ['entretiens', 'individuels'], ['suivi', 'médical'], ['droit', 'déconnexion'], ['respect', 'durées', 'travail', 'maximales', 'durées', 'repos', 'minimales'], ['partie', 'congés', 'légaux', 'conventionnels'], ['acquisition', 'congés', 'payés', 'congés', 'payés', 'annuels', 'congés', 'conventionnels'], ['congés', 'conventionnels', 'congés', 'ancienneté', 'congés', 'servitude'], ['congés', 'ancienneté', 'salariés', 'cadre', 'non-cadres'], ['salariés', 'cadre'], ['article', '31.3', 'convention', 'collective', 'applicable', 'cadre', 'entreprises', 'équipements', 'thermiques', 'prévoit', 'suit'], ['salariés', 'non-cadres'], ['article', '36.2', 'convention', 'collective', 'applicable', 'non-cadres', 'entreprises', 'équipements', 'thermiques', 'prévoit', 'suit'], ['acquisition', 'délai', 'prévenance'], ['absence', 'report'], ['acquisition', 'délai', 'prévenance'], ['absence', 'report']]"
T03122011151,"[['accord', 'entreprise', 'relatif', 'augmentation', 'contingent', 'heures', 'supplémentaires'], ['agritra'], ['objet'], ['accomplissement', 'heures', 'supplémentaires'], ['contingent', 'annuel', 'heures', 'supplémentaires'], ['durée'], ['suivi', 'révision', 'dénonciation', 'accord'], ['dépôt', 'publicité', 'accord']]"
T00119001845,"[['disposition', 'generales'], ['champ', 'application'], ['date', 'effet', 'duree', 'accord'], ['accord', 'entrera', 'vigueur', '1er', 'novembre', '2019'], ['suivi', 'accord', 'clause', 'rendez-vous'], ['denonciation', 'revision'], ['diffusion', 'interne'], ['publicite'], ['dispositifs', 'amenagement', 'temp', 'travail', 'salary', 'non-cadres'], ['article', 'accord', 'mar', '2017', 'annulé', 'remplacé', 'disposition', 'suivantes'], ['amenagement', 'temp', 'travail', 'salary', 'non-cadres', 'periode', 'egale', 'annee', 'application', 'article', 'l.3121-44', 'code', 'travail'], ['principe'], ['période', 'aménagement', 'temp', 'travail'], ['programmation', 'indicative'], ['amplitude', 'aménagement', 'temp', 'travail'], ['limites', 'décompte', 'heures', 'supplémentaires'], ['lissage', 'rémunération'], ['absence'], ['arrivée', 'départ', 'cours', 'période', 'aménagement', 'annuelle', 'temp', 'travail'], ['disposition', 'spécifiques', 'salariés', 'temp', 'partiel', 'dont', 'horaire', 'varie', 'tout', 'partie', 'année'], ['principe', 'salariés', 'concernés'], ['répartition', 'annuelle'], ['heures', 'complémentaires'], ['lissage', 'rémunération'], ['absence'], ['arrivée', 'départ', 'cours', 'période', 'aménagement', 'temp', 'travail'], ['disposition', 'applicables', 'salariés', 'catégorie', 'exception', 'commerciaux'], ['disposition', 'applicables', 'salariés', 'catégorie', 'fonctions', 'commerciales'], ['horaires', 'variable'], ['principe'], ['report', 'heures'], ['décompte', 'temp', 'travail'], ['disposition', 'applicables', 'salariés', 'relevant', 'catégorie'], ['temp', 'pause'], ['temp', 'habillage', 'déshabillage']]"
T06721008821,"[['forfait', 'jours'], ['disposition', 'générales'], ['cadre', 'juridique'], ['catégories', 'salariés', 'éligibles'], ['rémunération', 'salariés', 'conclu', 'convention', 'individuelle', 'forfait', 'jours'], ['mise', 'place', 'forfait', 'jours'], ['convention', 'individuelle', 'forfait'], ['jours', 'non', 'travaillés', 'jnt'], ['modalités', 'attribution', 'jours', 'non', 'travaillés'], ['modalités', 'fixation', 'jours', 'non', 'travaillés'], ['prise', 'compte', 'entrées-sorties', 'absence', 'cours', 'année'], ['dépassement', 'forfait', 'rachat', 'jours', 'repos'], ['principe', 'généraux'], ['entretien', 'individuel', 'forfaits', 'jours', 'eif'], ['adaptation', 'objectifs', 'qualitatifs', 'quantitatifs', 'annuels'], ['octroi', 'nouveaux', 'moyens', 'humains', 'matériels', 'etc'], ['heures', 'supplementaires'], ['définition', 'heures', 'supplémentaires'], ['contingent', 'annuel', 'heures', 'supplémentaires'], ['droit', 'deconnexion'], ['exception', 'principe', 'droit', 'déconnexion'], ['volontariat'], ['contreparties'], ['tarifs', 'preferentiels', 'soins', 'clinadent', 'salary', 'association'], ['vie', 'professionnelle', 'parentalite'], ['association', 'souhaite', 'promouvoir', 'équilibre', 'vie', 'professionnelle', 'vie', 'familiale', 'salariés', 'parent'], ['prime', 'naissance'], ['autorisation', 'absence', 'lors', 'rentrée', 'scolaire'], ['disposition', 'finale'], ['dépôt', 'publicité']]"
T04121001709,"[['accord', 'collectif', 'entreprise', 'relatif', 'augmentation'], ['contingent', 'heures', 'supplementaires'], ['champ', 'application'], ['etablissement'], ['entree', 'vigueur', 'duree', 'accord'], ['contingent', 'annuel', 'heures', 'supplementaires'], ['fixation', 'contingent', 'heures', 'supplémentaires'], ['contreparties', 'heures', 'supplémentaires', 'effectuées', 'intérieur', 'contingent'], ['majoration', 'heures', 'supplémentaires'], ['remplacement', 'paiement', 'heures', 'supplémentaires', 'repos', 'compensateur', 'équivalent'], ['absence', 'demande', 'prise', 'repos', 'salarié', 'délai', 'mois', 'peut', 'entraîner', 'perte', 'droit', 'repos'], ['depassement', 'contingent', 'annuel', 'heures', 'supplementaires'], ['condition', 'accomplissement', 'heures', 'supplémentaires', 'dépassement', 'contingent', 'annuel', 'heures', 'supplémentaires'], ['contrepartie', 'obligatoire', 'repos'], ['consultation', 'comité', 'social', 'économique'], ['publicite', 'depot', 'accord']]"
T00221001839,"[['accord', 'entreprise'], ['aménagement', 'pluri-hebdomadaire', 'temp', 'travail'], ['période', 'référence', 'durée', 'travail', 'heures', 'supplémentaires'], ['période', 'référence'], ['durée', 'travail'], ['limites'], ['heures', 'supplémentaires'], ['constituent', 'heures', 'supplémentaires'], ['prime', 'att'], ['programmation'], ['répartition', 'durée', 'travail', 'semaine'], ['modification', 'durées', 'travail', 'horaires', 'planifiés'], ['lissage', 'rémunération'], ['absence'], ['rémunération', 'absence'], ['interdiction', 'récupération', 'absence'], ['incidence', 'absence', 'matière', 'décompte', 'heures', 'supplémentaires'], ['arrivée', 'départ', 'cours', 'période', 'référence'], ['activité', 'partielle'], ['entreprise', 'pourra', 'recourir', 'dispositif', 'activité', 'partielle', 'après', 'consultation', 'cse', 'condition', 'suivantes', 'notamment'], ['calendrier', 'négociations'], ['publicité']]"
T03721002524,[]
T04023060107,"[['accord', 'entreprise'], ['duree', 'organisation', 'travail'], ['temp', 'travail', 'effectif'], ['durées', 'maximales', 'repos', 'minimum'], ['répartition', 'durée', 'travail'], ['durée', 'travail', 'temp', 'repos'], ['horaires', 'travail'], ['jours', 'fériés', 'journée', 'solidarité'], ['jours', 'fériés'], ['article', '3133-1', 'code', 'travail', 'fixe', 'liste', 'jours', 'fériés', 'légaux'], ['journée', 'solidarité'], ['contingent', 'heures', 'supplémentaires'], ['entrée', 'vigueur', 'durée', 'accord'], ['portée', 'accord'], ['dépôt', 'publicité', 'accord'], ['transmission', 'accord', 'commission', 'paritaire', 'permanente', 'négociation', 'interprétation', 'branche']]"
T05723060270,"[['champ', 'application', 'professionnel', 'salariés', 'concernés'], ['modalités', 'organisation', 'temp', 'travail', 'période', 'mois'], ['horaire', 'annuel', 'travail', 'effectif'], ['période', 'référence', 'horaire', 'moyen'], ['horaire', 'moyen'], ['période', 'référence'], ['programmation', 'indicative'], ['modification', 'durée', 'horaires', 'travail'], ['limites', 'aménagement', 'annuel', 'temp', 'travail'], ['qualification', 'heures', 'effectuées', 'pendant', 'période', 'référence', 'au-delà', 'durée', 'hebdomadaire', 'légale', '35h'], ['qualification', 'heures', 'effectuées', 'pendant', 'période', 'référence', 'au-delà', 'durée', 'annuelle', 'travail', 'effectif'], ['contrôle', 'durée', 'travail'], ['décompte', 'heures'], ['contingent', 'annuel', 'heures', 'supplémentaires'], ['fixation', 'contingent', 'annuel', 'heures', 'supplémentaires'], ['salariés', 'soumis', 'contingent', 'annuel', 'heures', 'supplémentaires'], ['heures', 'imputant', 'contingent'], ['décompte', 'individuel', 'contingent', 'annuel', 'heures', 'supplémentaires'], ['information', 'préalable', 'consultation', 'annuelle', 'comité', 'social', 'économique'], ['heures', 'effectuées', 'au-delà', 'contingent'], ['ouvre', 'droit', 'contrepartie', 'obligatoire', 'repos'], ['modalités', 'rémunération'], ['principe', 'lissage', 'rémunération'], ['ca', 'solde', 'créditeur'], ['ca', 'solde', 'débiteur'], ['rémunération', 'heures', 'supplémentaires'], ['rémunération', 'heures', 'supplémentaires', 'cours', 'période', 'référence'], ['rémunération', 'heures', 'supplémentaires', 'fin', 'période', 'référence'], ['modalités', 'spécifiques', 'ca', 'absence', 'entrée', 'sortie', 'cours', 'période'], ['absence', 'diverses', 'rémunérées', 'non', 'hors', 'absence', 'liée', 'état', 'santé', 'salarié', 'telles', 'maladie', 'at-mp', 'maternité', 'temp', 'partiel', 'thérapeutique'], ['calcul', 'retenue', 'salaire'], ['incidence', 'plafond', '1607', 'heures'], ['absence', 'maladie', 'at-mp', 'maternité', 'paternité', 'temp', 'partiel', 'thérapeutique'], ['calcul', 'retenue', 'salaire'], ['incidence', 'plafond', '1607', 'heures'], ['absence', 'assimilées', 'temp', 'travail', 'effectif', 'heures', 'supplémentaires', 'formation', 'visite', 'médicale', 'heures', 'délégation', 'repos', 'obligatoire', 'évènement', 'familial'], ['calcul', 'retenue', 'salaire'], ['incidence', 'plafond', '1607', 'heures'], ['calcul', 'retenue', 'salaire'], ['incidence', 'plafond', '1607', 'heures'], ['absence', 'liée', 'arrivée', 'départ', 'cours', 'période'], ['calcul', 'retenue', 'salaire'], ['incidence', 'plafond', '1607', 'heures'], ['absence', 'liée', 'activité', 'partielle'], ['calcul', 'retenue', 'salaire'], ['incidence', 'plafond', '1607', 'heures'], ['tableau', 'récapitulatif', 'traitement', 'différentes', 'absence', 'paie', 'déclenchement', 'heures', 'supplémentaires'], ['mise', 'place', 'cet', 'aménagement', 'temp', 'travail'], ['formalités', 'accomplir'], ['employeur', 'engage', 'effectuer', 'toutes', 'formalités', 'inhérentes', 'horaire', 'collectif'], ['modalités', 'prise', 'compte', 'demandes', 'relative', 'thèmes', 'négociation']]"
T04421012715,"[['accord', 'duree', 'travail'], ['accord', 'entreprise', 'duree', 'travail'], ['champ', 'application'], ['duree', 'accord'], ['iii', 'revision', 'denonciation'], ['iii.1', 'révision'], ['iii.2', 'dénonciation'], ['commission', 'suivi'], ['disposition', 'duree', 'travail'], ['definition', 'temp', 'travail', 'effectif'], ['horaires', 'collectifs'], ['heures', 'supplementaires'], ['charge', 'travail'], ['recours', 'heures', 'supplémentaires'], ['droit', 'deconnexion'], ['définition', 'droit', 'déconnexion'], ['définition', 'obligation', 'déconnexion'], ['mesures', 'visant', 'lutter', 'contre', 'utilisation', 'outils', 'numériques', 'communication', 'professionnels', 'hors', 'temp', 'travail'], ['mesures', 'visant', 'favoriser', 'communication'], ['suivi', 'usage', 'outils', 'numériques'], ['modalites', 'amenagement'], ['reduction', 'temp', 'travail', 'rtt'], ['durée', 'travail'], ['décompte', 'durée', 'travail'], ['modalités', 'acquisition', 'jours', 'rtt'], ['modalités', 'prise', 'jours', 'rtt'], ['suivi', 'décompte', 'rtt'], ['vii', 'periode', 'reference', 'conge', 'paye'], ['période', 'acquisition', 'prise', 'congés', 'payés'], ['viii', 'formalites']]"
T02122004207,"[['accord', 'entreprise', 'relatif', 'aménagement', 'temp', 'travail'], ['disposition', 'commune'], ['objet'], ['principe', 'annualisation'], ['compteurs', 'individuels', 'suivi'], ['lissage', 'rémunération', 'absence'], ['lissage', 'rémunération'], ['absence', 'cours', 'période'], ['modification', 'durée', 'travail', 'cours', 'période', 'annualisation'], ['disposition', 'spécifiques', 'salariés', 'temp', 'plein'], ['durée', 'travail', 'variation', 'activité', 'salariés', 'temp', 'plein', 'année'], ['durée', 'travail', 'année'], ['amplitude', 'aménagement', 'temp', 'travail', 'année'], ['heures', 'supplémentaires', 'contingent', 'annuel'], ['notification', 'répartition', 'travail'], ['notification', 'horaires', 'travail'], ['modification', 'horaires', 'travail'], ['contrepartie', 'réduction', 'délai', 'modification', 'horaires'], ['régularisation', 'compteurs', 'salarié', 'présent', 'totalité', 'période', 'mois'], ['solde', 'compteur', 'positif', 'dépassement', 'durée', 'annuelle'], ['solde', 'compte', 'négatif'], ['régularisation', 'compteurs', 'salarié', 'accompli', 'totalité', 'période', 'mois'], ['solde', 'compteur', 'positif'], ['solde', 'compte', 'négatif'], ['disposition', 'spécifiques', 'salariés', 'temp', 'partiel'], ['durée', 'travail', 'variation', 'activité', 'salariés', 'temp', 'partiel', 'année'], ['durée', 'travail', 'année'], ['amplitude', 'aménagement', 'temp', 'travail', 'année'], ['heures', 'complémentaires'], ['horaires', 'travail', 'planning'], ['notification', 'horaires', 'travail'], ['modification', 'horaires', 'travail'], ['contrepartie', 'réduction', 'délai', 'modification', 'horaires'], ['contreparties', 'our', 'salariés', 'temp', 'partiel'], ['régularisation', 'compteurs', 'salarié', 'présent', 'totalité', 'période', 'mois'], ['solde', 'compteur', 'positif', 'dépassement', 'durée', 'annuelle'], ['solde', 'compteur', 'négatif'], ['régularisation', 'compteurs', 'salarié', 'accompli', 'totalité', 'période', 'mois'], ['solde', 'compteur', 'positif'], ['solde', 'compte', 'négatif'], ['disposition', 'commune', 'salariés', 'temp', 'plein', 'temp', 'partiel'], ['repos', 'hebdomadaire'], ['travail', 'dimanche', 'jour', 'férié'], ['condition', 'validité', 'accord'], ['entrée', 'vigueur', 'accord'], ['durée', 'révision', 'dénonciation', 'accord']]"
T07020000650,"[['accord', 'collectif', 'relatif', 'temp', 'travail', 'amenagé', 'salariés'], ['objet'], ['rémunération'], ['absence'], ['amplitude', 'aménagement', 'temp', 'travail'], ['notification', 'modification', 'planning'], ['compteur', 'individuel', 'suivi'], ['embauche', 'rupture', 'cours', 'période'], ['exemple', 'entrée', 'cours', 'année'], ['disposition', 'propres', 'salariés', 'temp', 'plein'], ['principe'], ['heures', 'supplémentaires', 'contingent'], ['disposition', 'propres', 'salariés', 'temp', 'partiel'], ['principe'], ['heures', 'complémentaires'], ['egalité', 'droits'], ['durée', 'suivi-', 'révision', 'dénonciation', 'publicité', 'dépôt'], ['publicité'], ['entrée', 'vigueur']]"
T02520002630,"[['accord', 'etablissement'], ['etabli', 'cadre'], ['negociation', 'annuelle', 'horaires', '2021'], ['sbd', 'manufacturing', 'etablissement', 'besançon'], ['champ', 'application'], ['horaire', 'collectif', 'reference'], ['ponts', 'jours', 'rtt', 'positionnes'], ['rtt'], ['horaires'], ['horaire', 'journée'], ['équipe', '2x8', 'devront', 'effectuer', 'journées', 'complémentaires', 'travail', 'suivantes', 'calendrier', 'equipe'], ['horaire', 'nuit', 'fixe'], ['horaire'], ['organisation/', 'mise', 'place'], ['rémunération', 'prime'], ['horaire', 'maintenance'], ['h-12h'], ['horaire', 'pause'], ['modalite', 'changement', 'horaire', 'travail'], ['heures', 'supplementaires'], ['mise', 'place', 'compteur', 'heures', 'positif'], ['disposition', 'specifiques', 'salary', 'forfait', 'jours', 'non', 'cadre'], ['disposition', 'specifiques', 'salary', 'forfait', 'jours', 'cadre'], ['conge', 'paye'], ['prise', 'congés', 'planification'], ['5ème', 'semaine', 'congés', 'payés', '2020'], ['5ème', 'semaine', 'congés', 'payés', '2021'], ['rentree', 'scolaire'], ['inventaire'], ['journee', 'femme', 'mar', '2021'], ['rtt', 'jours'], ['jour', 'conge', 'anciennete', 'supplementaire', 'partir', 'an', 'anciennete'], ['salary', 'temp', 'partiel'], ['clause', 'teletravail'], ['badgeage'], ['diver'], ['conge', 'penibilite'], ['suivi', 'accord', 'rendez-vous'], ['publicite']]"
T07519016725,"[['stipulation', 'generales', 'relative', 'duree', 'travail'], ['champ', 'application'], ['définition', 'temp', 'travail', 'effectif'], ['formes', 'organisation', 'temp', 'travail'], ['modalités', 'mise', 'œuvre', 'durée', 'travail', 'salariés', 'temp', 'plein', 'heures'], ['heures', 'supplémentaires'], ['majorations', 'heures', 'supplémentaires', 'repos', 'compensateur', 'remplacement'], ['contingent', 'annuel', 'heures', 'supplémentaires'], ['dépassement', 'durée', 'hebdomadaire', 'travail'], ['dépassement', 'durée', 'quotidienne', 'travail', 'effectuée'], ['modalités', 'mise', 'œuvre', 'durée', 'travail', 'salariés', 'temp', 'partiels'], ['définition'], ['contenu', 'contrat', 'travail'], ['répartition', 'horaires', 'cours', 'journée'], ['heures', 'complémentaires'], ['egalité', 'traitement', 'salariés', 'temp', 'complet'], ['modalités', 'mise', 'œuvre', 'durée', 'travail', 'salariés', 'forfait', 'jours'], ['salariés', 'éligibles', 'forfait', 'jours'], ['dépassement', 'forfait', 'jours'], ['lissage', 'rémunération'], ['entrée', 'sortie', 'cours', 'période', 'référence'], ['traitement', 'absence'], ['planning', 'prévisionnels', 'jours', 'travail', 'repos'], ['décompte', 'jours', 'travaillés'], ['entretiens', 'relatifs', 'forfait', 'jours'], ['respect', 'règles', 'repos', 'concernant', 'forfaits', 'jours'], ['fractionnement', 'conge', 'payés'], ['duree', 'accord', 'modalites', 'suivi', 'revision', 'denonciation'], ['accord', 'pourra', 'être', 'dénoncé', 'condition', 'prévues', 'article', 'présent', 'accord'], ['dépôt', 'légal', 'information'], ['accord', 'entrera', 'vigueur', 'novembre', '2019']]"
T03322011835,"[['avenant', 'n°3', 'accord', 'entreprise', 'relatif', 'duree', 'amenagement', 'temp', 'travail'], ['disposition', 'generales'], ['cadre', 'juridique'], ['champ', 'application'], ['objet'], ['temp', 'repos'], ['duree', 'maximale', 'minimale', 'travail'], ['durée', 'maximale', 'quotidienne'], ['durée', 'maximale', 'minimale', 'hebdomadaire'], ['salariés', 'temp', 'complet'], ['salariés', 'temp', 'partiel'], ['contingent', 'heures', 'supplementaires'], ['modalites', 'organisation', 'temp', 'travail'], ['cadre', 'autonomes', 'temp', 'complet', 'aménagement', 'année', 'octroi', 'jours', 'rtt'], ['définition', 'cadre', 'autonomes'], ['aménagement', 'temp', 'travail'], ['compte', 'épargne', 'temp'], ['salary', 'non', 'cadre', 'cadre', 'integres', 'salary', 'temp', 'partiel', 'cadre', 'non', 'cadre', 'annualisation', 'temp', 'travail'], ['définition', 'salariés', 'non', 'cadre', 'cadre', 'intégrés', 'salariés', 'temp', 'partiel', 'cadre', 'non', 'cadre'], ['période', 'annualisation', 'programmation', 'indicative'], ['limites', 'maximales', 'répartition', 'horaires'], ['entrée-sortie', 'cours', 'période', 'annualisation'], ['changement', 'durée', 'moyenne', 'hebdomadaire', 'cours', 'période', 'annualisation'], ['heures', 'excédentaires', 'cours', 'période', 'annualisation'], ['duree', 'maximale', 'minimale', 'travail'], ['durée', 'maximale', 'quotidienne'], ['durée', 'maximale', 'minimale', 'hebdomadaire'], ['salariés', 'temp', 'complet'], ['salary', 'non', 'cadre', 'cadre', 'integres', 'salary', 'temp', 'partiel', 'cadre', 'non', 'cadre', 'annualisation', 'temp', 'travail'], ['heures', 'excédentaires', 'cours', 'période', 'annualisation']]"
T06723013425,"[['temp', 'travail', 'forfait', 'jours'], ['stef', 'logistique', 'alsace'], ['aménagement', 'temp', 'travail'], ['durée', 'travail'], ['annualisation', 'temp', 'travail'], ['détermination', 'temp', 'travail', 'jours', 'réduction', 'temp', 'travail', 'jrtt'], ['prise', 'jours', 'réduction', 'temp', 'travail', 'jrtt'], ['condition', 'amplitude'], ['planning'], ['contrôle', 'horaire', 'travail'], ['heures', 'supplémentaires'], ['détermination', 'heures', 'supplémentaires'], ['constituent', 'heures', 'supplémentaires'], ['contrepartie', 'obligatoire', 'repos', 'cor'], ['lissage', 'rémunération'], ['absence'], ['congés', 'payés'], ['embauche', 'rupture', 'contrat', 'travail', 'cours', 'période', 'lissage', 'temp', 'travail'], ['droit', 'déconnexion'], ['aménagement', 'temp', 'travail', 'salariés', 'cadre'], ['convention', 'individuelles', 'forfait', 'annuel', 'jours'], ['période', 'référence', 'forfait'], ['nombre', 'jours', 'travaillés'], ['organisation', 'activité'], ['suivi', 'contrôle'], ['document', 'suivi', 'forfait'], ['jours', 'fériés', 'chômés'], ['entretien', 'périodique'], ['dépassement'], ['droit', 'déconnexion'], ['articulation', 'entre', 'vie', 'personnelle', 'vie', 'professionnelle'], ['sensibilisation', 'management'], ['réunion', 'déplacements', 'professionnels'], ['suivi', 'collectif', 'forfaits', 'jours'], ['rémunération'], ['congés', 'payés'], ['clause', 'finale'], ['publicité', 'accord']]"
A06718006926,"[['accord', 'entreprise', 'portant'], ['instauration', 'decompte', 'temp', 'travail', 'jours'], ['contingent', 'annuel', 'heures', 'supplementaires'], ['contingent', 'annuel', 'heures', 'supplémentaires'], ['contingent', 'annuel', 'heures', 'supplémentaires'], ['salariés', 'visés'], ['contingent', 'annuel', 'heures', 'supplémentaires'], ['mise', 'œuvre'], ['forfait', 'annuel', 'jours'], ['salariés', 'visés'], ['nombre', 'jours', 'travaillés', 'période', 'référence'], ['année', 'incomplète'], ['temp', 'repos', 'obligation', 'déconnexion'], ['amplitude', 'journées', 'travaillées', 'charge', 'travail', 'salariés', 'doivent', 'rester', 'raisonnable', 'assurer', 'bonne', 'répartition', 'travail', 'intéressés'], ['rémunération', 'temp', 'travail'], ['contrôle', 'décompte', 'jours', 'travaillés', 'non', 'travaillés'], ['suivi', 'charge', 'travail', 'amplitude', 'journées', 'travail', 'équilibre', 'vie', 'privée', 'vie', 'professionnelle'], ['entretiens', 'individuels'], ['consultation', 'institution', 'représentatives', 'personnel'], ['suivi', 'médical'], ['mise', 'œuvre', 'forfait', 'annuel', 'jours'], ['renonciation', 'jours', 'repos', 'rfj'], ['congés', 'payés', 'annuels'], ['consultation', 'personnel'], ['communication', 'accord'], ['entrée', 'vigueur', 'accord']]"
T07518000821,"[['accord', 'collectif', 'entreprise', 'relatif', 'durée', 'travail', 'heures', 'supplémentaires'], ['champ', 'application', 'territorial', 'professionnel'], ['présentation', 'accord'], ['organisation', 'consultation'], ['durée', 'date', 'effet', 'agrément'], ['durée', 'maximale', 'quotidienne', 'travail'], ['durée', 'maximale', 'hebdomadaire', 'travail'], ['horaires', 'travail'], ['repos', 'compensateur', 'équivalent'], ['contingent', 'heures', 'supplémentaires'], ['taux', 'majoration', 'heures', 'supplémentaires'], ['heures', 'supplémentaires', 'choisies'], ['contestation'], ['dénonciation'], ['information']]"
T07320002660,"[['accord', 'entreprise', 'annualisation', 'temp', 'travail'], ['durée', 'travail', 'quotidienne', 'hebdomadaire'], ['notion', 'temp', 'travail', 'effectif'], ['organisation', 'quotidienne', 'hebdomadaire', 'temp', 'travail'], ['salariés', 'temp', 'plein', 'heures', 'supplémentaires'], ['salariés', 'temp', 'partiel'], ['annualisation', 'temp', 'travail'], ['condition', 'mise', 'place', 'annualisation'], ['détermination', 'nouvelle', 'durée', 'annuelle', 'hebdomadaire', 'moyenne'], ['contenu', 'programme', 'indicatif'], ['périodes', 'bass', 'juillet', 'août', 'décembre'], ['personnel', 'temp', 'partiel'], ['personnel', 'contrat', 'durée', 'déterminée'], ['contrôle', 'durée', 'travail'], ['lissage', 'rémunération'], ['heures', 'supplémentaires'], ['période', 'annualisation', 'incomplète'], ['durée'], ['textes', 'définitifs'], ['dépôt', 'publicité', 'entrée', 'vigueur']]"
T06720006211,"[['accord', 'entreprise', 'relatif'], ['travail', 'equipes', 'successives'], ['champ', 'application'], ['travail', 'equipes', 'successives'], ['période', 'pluri-hebdomadaire'], ['etablissement', 'planning', 'modification'], ['avantages', 'statutaires'], ['duree'], ['suivi', 'rendez-vous'], ['depot', 'publicite']]"
T03421005645,"[['avenant', 'révision', 'accord', 'collectif', 'établissement', 'relatif', 'durée', 'travail', 'aménagement', 'temp', 'travail', 'durée', 'déterminée', 'novembre', '2020'], ['concernant', 'disposition', 'commune'], ['article', '2.2.3', 'programmation', 'planning', 'complété', 'comme', 'suit'], ['concernant', 'disposition', 'spécifiques', 'salariés', 'temp', 'complet'], ['article', '2.3.3', 'heures', 'supplémentaires'], ['concernant', 'disposition', 'spécifiques', 'salariés', 'temp', 'partiel'], ['article', '2.4.2', 'heures', 'complémentaires', 'complété', 'fine', 'comme', 'suit'], ['forfaits', 'jours'], ['article', '3.1', 'champ', 'application', 'modifié', 'remplacement', 'paragraphe', 'paragraphe', 'suivant'], ['article', '3.6.1', 'planning', 'prévisionnels', 'jours', 'travail', 'repos', 'complété', 'comme', 'suit'], ['congés', 'payés'], ['article', '4.2', 'période', 'prise', 'congés', 'payés', 'modifié', 'comme', 'suit'], ['article', '4.3', 'supprimé', 'remplacé', 'article', 'suivant'], ['indemnité', 'congés', 'départ', 'entreprise'], ['période', 'transitoire'], ['article', '5.1', 'modifié', 'comme', 'suit'], ['5.3', 'renouvellement'], ['5.4', 'suivi', 'accord', 'rendez'], ['article', '5.3', 'intitulé', 'dépôt', 'publicité', 'devient', 'article', '5.5'], ['renouvellement'], ['suivi', 'accord', 'rendez'], ['révision'], ['publicité', 'dépôt']]"
T07521029378,"[['accord', 'collectif', 'temp', 'travail'], ['objet'], ['ca', 'particuliers'], ['disposition', 'concernant', 'salariés', 'dont', 'temp', 'travail', 'décompté', 'heures'], ['durée', 'travail'], ['organisation', 'travail'], ['notion', 'travail', 'effectif'], ['modalités', 'application', 'durée', 'travail'], ['nombre', 'jours', 'travaillés', 'année'], ['modalités', 'organisation', 'temp', 'travail'], ['explication', 'calcul', 'jours', 'rtt'], ['garanties', 'annuelles', 'nombre', 'jours', 'travaillés'], ['modalités', 'acquisition', 'rtt'], ['modalités', 'prise', 'jours', 'rtt'], ['horaires', 'travail'], ['enregistrement', 'heures', 'travail'], ['ouverture', 'bureau'], ['dérogations', 'horaires', 'travail', 'travaux', 'spécifiques'], ['gestion', 'crédit', 'débit', 'horaire'], ['débit', 'heures'], ['récupération', 'crédit', 'horaire'], ['heures', 'supplémentaires', 'salariés', 'temp', 'plein'], ['décompte', 'heures', 'supplémentaires'], ['constituent', 'heures', 'supplémentaires'], ['compensation', 'heures', 'supplémentaires'], ['heures', 'complémentaires', 'salariés', 'temp', 'partiel'], ['disposition', 'concernant', 'salariés', 'dont', 'temp', 'travail', 'décompté', 'jours'], ['salariés', 'éligibles'], ['formalisation', 'forfait', 'jour', 'cadre', 'convention', 'individuelle', 'forfait'], ['nombre', 'jours', 'travaillés', 'cadre', 'forfait', 'jour'], ['décompte', 'temp', 'travail', 'selon', 'type', 'forfait'], ['jours', 'repos', 'jours', 'non', 'travaillés', 'jnt'], ['calcul', 'nombre', 'jnt'], ['modalités', 'prise', 'jours', 'non', 'travaillés', 'jnt'], ['prise', 'compte', 'absence', 'arrivées', 'départs', 'cours', 'année'], ['incidence', 'absence'], ['arrivées', 'départs', 'cours', 'année'], ['calcul', 'jours', 'travaillés'], ['calcul', 'repos', 'jnt'], ['suivi', 'régulier', 'organisation', 'travail', 'charge', 'salarié', 'supérieur', 'hiérarchique'], ['employeur', 'engage', 'analyser', 'information', 'relative', 'suivi', 'jours', 'travaillés', 'moins', 'fois', 'semestre'], ['entretien', 'individuel', 'annuel'], ['dispositif', 'alerte', 'salarié'], ['droit', 'déconnexion'], ['employeur', 'efforcera', 'éviter', 'toute', 'sollicitation', 'pendant', 'temp', 'repos', 'et/ou', 'congés']]"
T05019001069,"[['accord', 'collectif', 'contingent', 'heures', 'supplementaires'], ['objet', 'accord'], ['utilisation', 'contingent'], ['durée', 'application'], ['approbation', 'accord'], ['dépôt']]"
T00221001852,"[['accord', 'relatif', 'aménagement', 'réduction', 'temp', 'travail'], ['article', '3121-41', 'code', 'travail', 'relatif', 'réduction', 'négociée', 'temp', 'travail', 'organise', 'processus', 'réduction', 'temp', 'travail', 'privilégiant', 'voie', 'négociation', 'collective'], ['party', 'signataires', 'conviennent'], ['durée', 'travail', 'annuelle', 'référence'], ['durée', 'travail', 'effectif'], ['maintien', 'rémunérations', 'réduction', 'temp', 'travail'], ['heures', 'supplémentaires'], ['congés', 'payés'], ['modalités', 'organisation', 'réduction', 'temp', 'travail', 'attribution', 'jours', 'repos', 'rtt'], ['détermination', 'nombre', 'jours', 'repos'], ['modalités', 'prise', 'jours', 'repos'], ['calendrier', 'jours', 'repos'], ['périodes', 'prise', 'jours', 'repos'], ['disposition', 'spécifiques', 'cadre'], ['mesure', 'temp', 'travail', 'effectif'], ['disposition', 'générales'], ['condition', 'suivi', 'périodicité', 'rendez-vous'], ['entrée', 'vigueur']]"
T07522045038,"[['accord', 'collectif', 'arbre', 'connaissances'], ['table', 'matières'], ['temp', 'travail'], ['accord', 'collectif', 'entreprise'], ['disposition', 'générales'], ['cadre', 'juridique'], ['congés', 'payés'], ['association', 'impose', 'salariés', 'poser'], ['congés', 'exceptionnels', 'enfants', 'malades'], ['temp', 'travail'], ['possibilité', 'forfait', 'jours'], ['modalités', 'forfait', 'jour', 'employés'], ['modalités', 'forfait', 'jour', 'cadre'], ['veille', 'équilibre', 'salarié', 'forfait'], ['droit', 'déconnexion'], ['remboursement', 'frais', 'professionnels'], ['allocation', 'forfaitaire', 'télétravail'], ['remboursement', 'frais', 'téléphoniques'], ['titre', 'restaurant'], ['indemnisation', 'arrêt', 'maladie', 'congé', 'maternité'], ['arrêts', 'maladie'], ['déduction', 'garantie', 'net'], ['congé', 'maternité'], ['clause', 'suivi', 'rendez-vous'], ['formalités', 'adoption', 'accord'], ['dépôt', 'publicité', 'mise', 'ligne', 'accord'], ['entrée', 'vigueur', 'accord']]"
T07519017841,"[['avenant', '2019'], ['accord', 'aménagement', 'organisation', 'temp', 'travail'], ['novembre', '2013'], ['champ', 'application', 'avenant'], ['organisation', 'temp', 'travail'], ['reprise', 'disposition', 'antérieures'], ['durée', 'travail', 'nombre', 'jours', 'rtt'], ['heures', 'supplémentaires'], ['salariés', 'forfait', 'jours'], ['mise', 'place', 'forfait', 'annuel', 'jours'], ['forfaits', 'jours', 'applicables'], ['forfait', 'salarié', 'autonome'], ['forfait', 'director', 'managing', 'director'], ['décompte', 'temp', 'travail'], ['détermination', 'nombre', 'jours', 'repos'], ['calcul', 'applicable'], ['proratisation', 'jours', 'repos', 'ca', 'absence'], ['renonciation', 'jours', 'repos', 'rémunération'], ['mesures', 'suivi', 'temp', 'repos', 'charge', 'travail'], ['déclaratif', 'mensuel', 'relatif', 'respect', 'temp', 'repos', 'journalier', 'hebdomadaire'], ['droit', 'alerte', 'salarié'], ['procédure', 'prise', 'jours', 'rtt', 'jours', 'repos', 'congés', 'payés'], ['jours', 'rtt'], ['jours', 'repos'], ['congés', 'payés'], ['modalités', 'exercice', 'droit', 'déconnexion'], ['définition', 'droit', 'déconnexion'], ['exercice', 'droit', 'déconnexion'], ['bonnes', 'pratiques', 'utilisation', 'outils', 'numériques'], ['régime', 'astreintes'], ['compte', 'epargne-temps'], ['ouverture', 'compte', 'alimentation'], ['procédure'], ['plafonds'], ['plafond', 'affectation', 'applicable', 'rtt', 'jours', 'repos'], ['plafonds', 'affection', 'conservation', 'applicables', 'semaine', 'congés', 'payés'], ['plafond', 'conservation'], ['utilisation', 'compte'], ['utilisation', 'jours', 'rtt', 'jours', 'repos'], ['utilisation', 'jours', 'correspondant', 'semaine', 'congés', 'payés'], ['gestion', 'compte'], ['unité', 'compte'], ['valorisation', 'éléments', 'inscrits', 'compte'], ['cessation', 'compte'], ['duree', 'date', 'entree', 'vigueur'], ['revision', 'denonciation'], ['notification', 'depot']]"
T01422005514,"[['accord', 'entreprise'], ['amenagement', 'temp', 'travail'], ['objet'], ['champ', 'application'], ['planification', 'horaires', 'travail', 'modification'], ['remuneration', 'temp', 'travail'], ['décompte', 'heures', 'supplémentaires'], ['lissage', 'rémunération'], ['incidence', 'arrivées', 'départs', 'cours', 'période', 'référence'], ['incidence', 'absence', 'cours', 'période', 'référence'], ['disposition', 'finale'], ['entree', 'vigueur', 'duree'], ['revision'], ['denonciation'], ['suivi', 'clause', 'rendez-vous'], ['depot', 'publicite']]"
T07919001202,"[['accord', 'entreprise', 'relatif', 'organisatiion', 'temp', 'travail', 'indemnite', 'repas', 'indemnite', 'trajet', 'grand', 'deplacements', 'contingent', 'annuel', 'heures', 'supplementaires'], ['champ', 'application', 'territorial', 'professionnel'], ['organisation', 'temp', 'travail'], ['horaires', 'décalés'], ['travail', 'samedi'], ['travail', 'dimanche', 'et/ou', 'jour', 'férié'], ['exclusion', 'certaines', 'situation'], ['non', 'cumul', 'majoration'], ['contingent', 'annuel', 'heures', 'supplémentaires'], ['indemnité', 'repas'], ['indemnité', 'trajet'], ['grand', 'déplacements'], ['durée', 'accord', 'entreprise', 'entrée', 'vigueur'], ['dépôt', 'accord', 'entreprise'], ['base', 'données', 'nationale', 'accord', 'collectifs']]"
T07520021215,"[['révision', 'article', '6.9.6', 'chapitre'], ['modification', 'article', '6.9.8'], ['révision', 'article', '1.2', 'chapitre'], ['champ', 'révision']]"
T08620001024,"[['accord', 'collectif', 'entreprise', 'amenagement', 'decompte', 'temp', 'travail', 'personnel', 'sedentaire', 'roulant'], ['partie', 'modalites', 'amenagement', 'temp', 'travail', 'personnel', 'sedentaire'], ['disposition', 'applicables', 'personnel', 'sedentaire'], ['champ', 'application', 'accord'], ['définitions', 'générales'], ['modalités', 'organisation'], ['disposition', 'applicables', 'personnel', 'sedentaire', 'non', 'soumis', 'forfait', 'jours'], ['définition'], ['aménagement', 'temp', 'travail'], ['horaires', 'hebdomadaires', 'fix'], ['jours', 'rtt'], ['modalité', 'contrôle', 'temp', 'travail'], ['dépassement', 'durée', 'moyenne', 'hebdomadaire', 'période'], ['valorisation', 'absence'], ['rémunération'], ['contingent', 'annuel', 'heures', 'supplémentaires'], ['disposition', 'applicables', 'salary', 'temp', 'partiel'], ['durée', 'hebdomadaire', 'moyenne'], ['organisation', 'travail'], ['heures', 'complémentaires'], ['absence', 'salarié'], ['salariés', 'travaillé', 'pendant', 'totalité', 'période', 'référence'], ['disposition', 'specifiques', 'personnel', 'cadre', 'non', 'cadre', 'autonomes'], ['cadre', 'dirigeants'], ['cadre', 'non', 'cadre', 'autonomes', 'dont', 'durée', 'travail', 'décomptée', 'jours'], ['salariés', 'visés'], ['régime', 'juridique'], ['nombre', 'jours', 'travaillés'], ['suivi', 'contrôle'], ['droit', 'déconnexion'], ['partie', 'modalites', 'amenagement', 'temp', 'travail', 'personnel', 'roulant'], ['champ', 'apllication'], ['organisation', 'travail'], ['définitions', 'générales'], ['temp', 'travail', 'effectif'], ['modalités', 'organisation'], ['aménagement', 'temp', 'travail'], ['modalités', 'décompte', 'temp', 'travail', 'catégorie'], ['durée', 'moyenne', 'hebdomadaire'], ['amplitude', 'heures', 'supplémentaires'], ['dépassement', 'durée', 'moyenne', 'hebdomadaire', 'période'], ['entrée/sortie', 'cours', 'période'], ['valorisation', 'absence'], ['disposition', 'applicables', 'salary', 'temp', 'partiel'], ['durée', 'hebdomadaire', 'moyenne'], ['organisation', 'travail'], ['heures', 'complémentaires'], ['absence', 'salarié'], ['salariés', 'travaillé', 'pendant', 'totalité', 'période', 'référence']]"
T04022002661,"[['accord', 'entreprise', 'portant', 'temp', 'travail'], ['objet', 'accord'], ['suivi', 'clause', 'rendez-vous', 'modalités', 'révision', 'dénonciation'], ['formalités'], ['définition', 'temp', 'travail', 'effectif'], ['durée', 'quotidienne', 'maximale', 'travail'], ['durée', 'hebdomadaire', 'maximale', 'travail'], ['article10', 'repos', 'quotidien'], ['heures', 'supplémentaires'], ['contingent', 'annuel', 'heures', 'supplémentaires'], ['paiement', 'heures', 'supplémentaires'], ['mise', 'place', 'repos', 'compensateur', 'remplacement'], ['dépassement', 'contingent', 'annuel', 'heures', 'supplémentaires'], ['période', 'référence'], ['durée', 'collective', 'travail', 'jours', 'réduction', 'temp', 'travail'], ['modalités', 'acquisition', 'jrtt'], ['modalités', 'fixation', 'prise', 'jrtt'], ['indemnisation', 'jrtt'], ['décompte', 'heures', 'travail', 'heures', 'supplémentaires'], ['lissage', 'rémunération'], ['impact', 'absence', 'arrivées', 'départs', 'cours', 'période', 'référence'], ['contrôle', 'durée', 'travail'], ['période', 'référence'], ['caractéristiques', 'convention', 'forfait', 'annuelle', 'jours'], ['condition', 'mise', 'place'], ['incidence', 'absence', 'départ', 'arrivées', 'rémunération'], ['forfait', 'jours', 'réduit'], ['jours', 'repos'], ['renonciation', 'jours', 'repos'], ['contrôle', 'décompte', 'jours', 'travaillés', 'non', 'travaillés'], ['temp', 'repos'], ['droit', 'déconnexion'], ['lissage', 'rémunération'], ['condition', 'mise', 'place'], [], ['disposition', 'générales'], ['objet', 'accord'], ['suivi', 'clause', 'rendez-vous', 'modalités', 'révision', 'dénonciation'], ['formalités'], [], ['définition', 'temp', 'travail', 'effectif'], ['durée', 'quotidienne', 'maximale', 'travail'], ['durée', 'hebdomadaire', 'maximale', 'travail'], ['article10', 'repos', 'quotidien'], [], ['heures', 'supplémentaires'], ['heures', 'supplémentaires'], ['contingent', 'annuel', 'heures', 'supplémentaires'], ['paiement', 'heures', 'supplémentaires'], ['mise', 'place', 'repos', 'compensateur', 'remplacement'], ['dépassement', 'contingent', 'annuel', 'heures', 'supplémentaires'], [], ['aménagement', 'annuel', 'temp', 'travail'], ['période', 'référence'], ['durée', 'collective', 'travail', 'jours', 'réduction', 'temp', 'travail'], ['modalités', 'acquisition', 'jrtt'], ['modalités', 'fixation', 'prise', 'jrtt'], ['indemnisation', 'jrtt'], ['décompte', 'heures', 'travail', 'heures', 'supplémentaires'], ['lissage', 'rémunération'], ['impact', 'absence', 'arrivées', 'départs', 'cours', 'période', 'référence'], ['contrôle', 'durée', 'travail'], ['période', 'référence'], ['caractéristiques', 'convention', 'forfait', 'annuelle', 'jours'], ['condition', 'mise', 'place'], ['incidence', 'absence', 'départ', 'arrivées', 'rémunération'], ['forfait', 'jours', 'réduit'], ['jours', 'repos'], ['renonciation', 'jours', 'repos'], ['contrôle', 'décompte', 'jours', 'travaillés', 'non', 'travaillés'], ['temp', 'repos'], ['droit', 'déconnexion'], ['lissage', 'rémunération'], ['condition', 'mise', 'place']]"
T04923060044,"[['accord', 'collectif', 'entreprise'], ['objet', 'temp', 'travail'], ['personnel', 'concerné'], ['temp', 'travail'], ['condition', 'modalités', 'prise', 'repos'], ['rendez-vous', 'suivi', 'application', 'accord'], ['révision'], ['dénonciation']]"
T03423060515,"[['accord', 'collectif'], ['amenagement', 'temp', 'travail'], ['disposition', 'generales'], ['définition', 'temp', 'travail'], ['rappel', 'durée', 'légale', 'travail'], ['durées', 'maximales', 'travail', 'journalières', 'hebdomadaires'], ['droit', 'repos'], ['travail', 'exceptionnel', 'samedi', 'dimanche', 'jours', 'fériés'], ['mensualisation', 'temp', 'travail'], ['salary', 'temp', 'complet'], ['période', 'référence'], ['modalité', 'mensualisation', 'temp', 'travail'], ['décompte', 'heures', 'travail', 'fin', 'période', 'référence'], ['incidence', 'arrivées', 'départs', 'cours', 'période', 'référence'], ['incidence', 'absence', 'malady'], ['incidence', 'absence', 'exceptionnelles', 'autorisées'], ['détermination', 'heures', 'supplémentaires'], ['seuil', 'déclenchement', 'heures', 'supplémentaires'], ['détermination', 'heures', 'supplémentaires'], ['majoration', 'heures', 'supplémentaires'], ['repos', 'compensateur'], ['repos', 'compensateur', 'obligatoire'], ['salary', 'temp', 'partiel'], ['période', 'référence'], ['egalité', 'traitement', 'profit', 'salariés', 'recrutés', 'temp', 'partiel'], ['durée', 'minimale', 'travail'], ['période', 'minimale', 'travail', 'continue'], ['modalités', 'rémunération'], ['majoration', 'heures', 'complémentaires'], ['salary', 'beneficiant', 'convention', 'forfait', 'jours'], ['principe'], ['convention', 'individuelle', 'forfait'], ['organisation', 'durée', 'travail'], ['forfait', 'jour'], ['forfait', 'jour', 'réduit'], ['dépassement', 'forfait', 'annuel', 'renonciation', 'jours', 'repos'], ['modalités', 'prise', 'jours', 'rtt'], ['suivi', 'solde', 'jrtt'], ['incidence', 'absence'], ['embauche', 'rupture', 'contrat', 'travail', 'cours', 'année'], ['contrôle', 'suivi', 'temp', 'travail'], ['contrôle', 'charge', 'amplitude', 'travail']]"
T07620004661,"[['accord', 'negociation', 'annuelle', 'obligatoire'], ['eiffage', 'construction', 'haute', 'normandie'], ['champ', 'application'], ['disposition', 'salariales'], ['collège', 'compagnons'], ['collège', 'etam', 'cadre'], ['revalorisation', 'indemnités', 'déplacements', 'repas'], ['petits', 'déplacements', 'zone', 'concentriques', 'compagnons'], ['grand', 'déplacements'], ['remboursement', 'frais', 'kilométriques', 'indemnités', 'forfaitaires', 'repas', 'ticket', 'restaurant'], ['durée', 'effective', 'organisation', 'temp', 'travail'], ['-heures', 'supplémentaires'], ['constituent', 'heures', 'supplémentaires', 'heures', 'effectuées'], ['-paiement', 'heures', 'supplémentaires'], ['médailles', 'travail'], ['modalité', 'versement', 'gratification', '13ème', 'mois'], ['egalité', 'professionnelle', 'salariale', 'entre', 'hommes', 'femmes', 'qualité', 'vie', 'travail', 'discrimination', 'droit', 'expression', 'travailleurs', 'handicapés'], ['entrée', 'vigueur', 'durée', 'accord'], ['modalité', 'révision', 'accord'], ['publicité', 'accord']]"
T00621005447,"[['accord', 'collectif', 'organisation', 'temp', 'travail', 'sein', 'societe', 'village', 'vacances', 'personnel'], ['revisant', 'accord', 'collectif', 'decembre', '2005', 'organisation', 'temp', 'travail', 'societe', 'village', 'vacances', 'personnel'], ['disposition', 'commune'], ['champ', 'application', 'accord'], ['définition', 'temp', 'travail', 'effectif'], ['définition', 'cadre', 'annuel', 'décompte', 'durée', 'travail', 'périodes', 'fermeture'], ['cadre', 'annuel', 'décompte', 'durée', 'travail'], ['modalités', 'générales'], ['modalités', 'particulières', 'cdi', 'date', 'signature', 'présent', 'accord'], ['détermination', 'périodes', 'fermeture'], ['organisation', 'temp', 'travail', 'salariés', 'temp', 'partiel', 'cadre', 'annuel'], ['effectifs', 'concernés'], ['modalités', 'organisation', 'durée', 'travail'], ['durée', 'annuelle', 'travail', 'effectif'], ['modalités', 'particulières', 'cdi', 'date', 'signature', 'présent', 'accord'], ['elaboration', 'planning'], ['réalisation', 'heures', 'complémentaires'], ['organisation', 'temp', 'travail', 'salariés', 'temp', 'complet', 'cadre', 'annuel'], ['effectifs', 'concernés'], ['modalités', 'organisation', 'durée', 'travail'], ['durée', 'annuelle', 'travail', 'effectif'], ['modalités', 'particulières', 'cdi', 'date', 'signature', 'présent', 'accord'], ['elaboration', 'planning'], ['réalisation', 'heures', 'supplémentaires'], ['lissage', 'rémunération'], ['traitement', 'entrées', 'sortie', 'cours', 'mois'], ['congés', 'payés'], ['prise', 'congés', 'payés'], ['modalités', 'particulières', 'cdi', 'date', 'signature', 'présent', 'accord'], ['disposition', 'diverses'], ['compensation', 'préjudice', 'subi', 'ca', 'passage', 'temp', 'partiel', 'application', 'présent', 'accord'], ['augmentation', 'exceptionnelle', 'indemnité', 'transport', 'entérinée', 'cadre', 'nao', '2021'], ['disposition', 'transitoires'], ['durée', 'travail', 'répartition'], ['heures', 'supplémentaires'], ['modalités', 'prise', 'repos', 'compensateurs', 'remplacement'], ['portée', 'accord'], ['suivi', 'accord', 'clause', 'rendez-vous'], ['révision'], ['dénonciation']]"
T05323003701,"[['accord', 'collectif', 'entreprise'], ['objet'], ['accomplissement', 'heures', 'supplémentaires'], ['contingent', 'annuel', 'heures', 'supplémentaires'], ['portée', 'accord'], ['durée'], ['révision'], ['dénonciation'], ['bordereau', 'dépôt']]"
T08123002684,"[['négociation', 'annuelle', 'obligatoire'], [], ['accord', 'organisation', 'temp', 'travail', 'equilibre', 'entre'], ['vie', 'professionnelle', 'vie', 'familiale'], ['utilisation', 'nouvelles', 'technology', 'information', 'communication', 'ntic', 'outils', 'ressources', 'humaines', 'communiquer', 'cette', 'organisation', 'individuelle'], ['etendue', 'accord', 'modification'], ['période', 'transitoire'], ['gestion', 'temp', 'individualisé'], ['construction', 'emploi', 'temp', 'théorique', 'ett'], ['amplitude', 'horaire', 'habituelle', 'fixée', 'règlement', 'intérieur', 'heures'], ['modification', 'cet', 'emploi', 'temp', 'théorique'], ['gestion', 'temp', 'libérés', 'cadre', 'ett'], ['emploi', 'temp', 'réel', 'etr'], ['concrétisation', 'écarts'], ['écrit', 'indique', 'début', 'fin', 'cet', 'écart'], ['validation', 'écarts'], ['heures', 'flottantes'], ['gestion', 'heures', 'flottantes'], ['journée', 'libérée', 'heures', 'flottantes'], ['règles', 'générales', 'pose', 'congés', 'heures', 'flottantes'], ['construction', 'directive', 'taux', 'présence', 'pendant', 'temp', 'ouverture', 'service'], ['co-construction', 'directive', 'continuité', 'service'], ['congés', 'heures', 'soumis', 'directive'], ['calcul', 'taux', 'présence'], ['cumul', 'congés', 'heures', 'flottantes'], ['autres', 'congés'], ['congés', 'soutien', 'familial', 'csf'], ['définition', 'proches'], ['remise', 'certificat', 'médical'], ['ponts', 'jours', 'fériés'], ['définition', 'pont'], ['condition', 'salarié'], ['congés', 'exceptionnels'], ['journées', 'solidarité'], ['plan', 'sénior'], ['professionnels', 'concernés', 'plan'], ['tutorat', 'référent'], ['priorité', 'gestion', 'emplois', 'temp', 'congés'], ['attribution', 'mesures', 'séniors', 'intervenant', 'hors', 'locaux', 'udaf', 'tarn'], ['soutien', 'équipes'], ['utilisation', 'heures', 'supplémentaires', 'complémentaires'], ['utilisation', 'heures', 'supplémentaires/complémentaires', 'conditionnée'], ['condition', 'accès', 'heures', 'supplémentaires', 'complémentaires'], ['désignation', 'intervenants'], ['validation', 'accord'], ['dénonciation-révision'], ['dépôt', 'publicité', 'accord']]"
T06020002944,"[['accord', 'collectif', 'anticipé', 'adaptation', 'relatif', 'duree', 'amenagement', 'temp', 'travail'], ['section', 'regles', 'generales', 'relative', 'duree', 'travail'], ['définition', 'durée', 'travail', 'effectif'], ['repos', 'quotidien', 'minimum'], ['repos', 'hebdomadaire', 'minimum'], ['durée', 'hebdomadaire'], ['disposition', 'visant', 'réduire', 'amplitude', 'journées'], ['section', 'disposition', 'relative', 'salary', 'soumis', 'regime', 'horaire', 'temp', 'travail', 'annee'], ['aménagement', 'durée', 'travail', 'année', 'attribution', 'jour', 'repos', 'rtt'], ['période', 'durée', 'annuelle', 'travail'], ['horaires', 'travail', 'collectifs', 'modalités', 'modification'], ['horaires', 'travail'], ['temp', 'pause', 'pause', 'déjeuner'], ['modalités', 'modification', 'horaires', 'collectifs'], ['détermination', 'heures', 'supplémentaires'], ['modalités', 'heures', 'supplémentaires', 'demande', 'direction'], ['contreparties', 'heures', 'supplémentaires'], ['rémunération', 'lissée'], ['acquisition', 'prise', 'jours', 'repos', 'rtt'], ['modalités', 'particulières', 'applicables', 'salariés', 'temp', 'partiel'], ['durée', 'travail'], ['heures', 'complémentaires'], ['garanties', 'relative', 'mise', 'œuvre', 'salary', 'temp', 'partiel', 'droits', 'reconnus', 'salariés', 'temp', 'complet'], ['incidence', 'entrées-sorties', 'absence', 'cours', 'période', 'référence'], ['section', 'disposition', 'relative', 'salary', 'soumis', 'convention', 'forfait', 'jours', 'annee'], ['principe'], ['période', 'référence', 'nombre', 'jours', 'travailles', 'année'], ['forfait', 'jours', 'réduit'], ['acquisition', 'prise', 'jours', 'repos', 'forfait', 'jours'], ['suivi', 'prise', 'jours', 'repos', 'rtt'], ['rémunération', 'prise', 'compte', 'absence', 'ainsi', 'arrivées', 'départs', 'cours', 'période'], ['rémunération'], ['forfait', 'jours', 'réduit'], ['prise', 'compte', 'absence', 'entrées', 'sortie', 'cours', 'période', 'référence', 'rémunération'], ['renonciation', 'jours', 'repos'], ['maitrise', 'charge', 'travail', 'encadrement', 'forfait', 'annuel', 'jours'], ['respect', 'obligatoire', 'temp', 'repos', 'minimum'], ['encadrement', 'amplitude', 'travail', 'temp', 'travail', 'effectif'], ['modalités', 'suivi', 'jours', 'travaillés'], ['système', 'suivi', 'jours', 'travaillés'], ['entretien', 'annuel', 'suivi', 'forfait', 'jour']]"
T09220022403,"[['aménagement', 'temp', 'travail'], ['champ', 'application'], ['principe', 'generaux', 'duree', 'travail'], ['définition', 'temp', 'travail', 'effectif', 'temp', 'pause', 'repos'], ['modalites', 'organisation', 'temp', 'travail'], ['définition'], ['volume', 'forfait'], ['repos'], ['convention', 'forfait', 'heures', 'mois'], ['volume', 'forfait'], ['rémunération'], ['horaires', 'travail'], ['heures', 'supplémentaires'], ['heures', 'hebdomadaires'], ['horaires', 'travail'], ['journee', 'solidarite'], ['disposition', 'applicables', 'salary', 'temp', 'partiel'], ['statut', 'collaborateur', 'temp', 'partiel'], ['dispositifs', 'légaux', 'passage', 'temp', 'partiel'], ['recours', 'volontaire', 'procédure', 'demande', 'passage', 'temp', 'partiel'], ['information', 'collaborateurs'], ['retour', 'temp', 'plein'], ['heures', 'complémentaires'], ['teletravail'], ['heures', 'supplémentaires'], ['volume', 'contingent', 'annuel'], ['contreparties', 'heures', 'supplémentaires', 'accomplies', 'contingent'], ['contreparties', 'obligatoires', 'repos'], ['modalités', 'déclarations', 'heures', 'sup'], ['astreintes', 'temp', 'deplacements'], ['astreintes'], ['définition'], ['intervention'], ['contreparties', 'astreinte'], ['organisation', 'astreintes', 'effectue', 'cadre', 'programmation', 'individuelle'], ['temp', 'déplacements'], ['catégories', 'collaborateurs', 'concernés'], ['modalité', 'compensation'], ['modalité', 'compensation'], ['conge'], ['congés', 'annuels'], ['disposition', 'générales'], ['modalités', 'prises', 'congés', 'pavés'], ['congés', 'fractionnement'], ['rappel', 'collaborateur', 'pendant', 'congés'], ['jours'], ['congés', 'enfant', 'malade'], ['disposition', 'finale', 'duree', 'revision', 'date', 'effet', 'accord'], ['cessation', 'accord', 'usage', 'existants', 'objet'], ['clause', 'indivisibilité', 'présent', 'accord']]"
T03321008928,"[['accord', 'modulation'], ['annualisation', 'temp', 'travail'], ['contrats', 'régime', 'temp', 'travail', 'concernés'], ['durée', 'temp', 'travail'], ['définition', 'temp', 'travail', 'effectif'], ['calcul', 'durée', 'effective', 'travail'], ['décompte', 'calcul', '1607', 'heures'], ['heures'], ['heures', 'supplémentaires', 'complémentaires'], ['régime', 'heures', 'supplémentaires', 'applicable', 'collaborateur', 'temp', 'complet'], ['heures', 'comprises', 'modulation'], ['heures', 'au-delà', 'limite', 'supérieure', 'modulation'], ['constituent', 'heures', 'supplémentaires'], ['heures', 'supplémentaires', 'majoration'], ['contingent', 'annuel', 'heures', 'supplémentaires'], ['régime', 'heures', 'complémentaires', 'applicable', 'collaborateur', 'temp', 'partiel'], ['temp', 'pause'], ['temp', 'repos', 'quotidien', 'hebdomadaire'], ['modulation', 'temp', 'travail'], ['objet', 'modulation'], ['programmation', 'modulation'], ['salariés', 'temp', 'complet'], ['salariés', 'sou', 'contrat', 'temp', 'partiel'], ['situation', 'collaborateurs', 'multi', 'employeur'], ['calendrier', 'prévisionnel'], ['suivi', 'temp', 'travail'], ['lissage', 'rémunération'], ['absence'], ['périodes', 'non', 'travaillées', 'rémunérées'], ['périodes', 'non', 'travaillées', 'non', 'rémunérées'], ['périodes', 'non', 'travaillées', 'indemnisées', 'sécurité', 'sociale', 'maladie', 'accident', 'travail', 'maternité'], ['valorisation', 'complément', 'employeur'], ['embauche', 'rupture', 'contrat', 'travail', 'cours', 'période', 'modulation'], ['début', 'contrat', 'cours', 'période'], ['rupture', 'contrat', 'cours', 'période'], ['solde', 'décompte', 'positif'], ['solde', 'décompte', 'négatif'], ['traitement', 'temp', 'travail', 'collaborateurs', 'présent', 'totalité', 'période', 'référence'], ['solde', 'compteur', 'positif'], ['solde', 'compteur', 'négatif'], ['recours', 'activité', 'partielle'], ['condition', 'validité'], ['différends'], ['dépôt', 'légal', 'publication']]"
T06921015969,"[['indemnisation'], ['régime', 'social', 'fiscal', 'heures', 'supplémentaires'], ['interprétation', 'suivi', 'rendez-vous'], ['durée', 'révision', 'dénonciation']]"
T01419002037,"[['accord', 'collectif', 'relatif', 'durée', 'aménagement', 'temp', 'travail', 'sein', 'societe', 'lea', 'leo', 'grand'], ['entrées', 'sortie', 'cours', 'année'], ['rémunération', 'salariés', 'soumis', 'forfait', 'jours'], ['repos', 'quotidien', 'hebdomadaire'], ['protection', 'santé', 'salariés', 'forfait', 'jours'], ['entretiens', 'forfait', 'annuel', 'jours'], ['dispositif', 'vigilance'], ['droit', 'déconnexion'], ['objectif', 'droit', 'déconnexion'], ['définition', 'droit', 'déconnexion'], ['exercice', 'droit', 'déconnexion'], ['bonnes', 'pratiques', 'utilisation', 'outils', 'numériques'], ['formation', 'sensibilisation', 'salariés', 'usage', 'raisonné'], ['outils', 'numériques'], ['conge'], ['périodes', 'prise', 'congés', 'payés'], ['ordre', 'départs'], ['compte', 'epargne', 'temp'], ['salariés', 'bénéficiaires', 'condition', 'ouverture', 'compte'], ['épargne', 'temp'], ['alimentation', 'compte', 'épargne', 'temp'], ['comité', 'suivi'], ['publicité'], ['champ', 'application', 'accord', 'collectif'], ['champ', 'application', 'accord', 'collectif'], ['effet', 'accord', 'collectif'], ['date', 'application'], ['principe', 'generaux', 'relatifs', 'organisation', 'duree', 'travail'], ['duree', 'contractuelle', 'temp', 'travail', 'effectif'], ['durees', 'maximales', 'travail'], ['heures', 'supplementaires'], ['accomplissement', 'heures', 'supplémentaires'], ['décompte', 'heures', 'supplémentaires'], ['contrepartie', 'heures', 'supplémentaires'], ['taux', 'majoration', 'heures', 'supplémentaires'], ['contingent', 'heures', 'supplémentaires'], ['contrepartie', 'obligatoire', 'repos'], ['controle', 'suivi', 'duree', 'travail', 'heures'], ['amenagement', 'temp', 'travail', 'sou', 'forme', 'attribution', 'jours', 'repos', 'annee'], ['champ', 'application'], ['periode', 'reference', 'duree', 'annuelle', 'travail'], ['durée', 'hebdomadaire', 'travail'], ['modalites', 'prise', 'jrtt'], ['remuneration'], ['gestion', 'droits', 'jrtt', 'ca', 'absence'], ['incidence', 'periodes', 'absence', 'entree', 'sortie', 'cours', 'annee', 'nombre', 'jours', 'rtt'], ['modalites', 'convention', 'forfaits', 'jours'], ['salary', 'eligibles', 'forfait-', 'jours'], ['accord', 'vise', 'salariés', 'dont', 'qualification', 'responsabilité', 'autonomie', 'permet', 'satisfaire', 'critères', 'définition', 'cadre', 'autonome', 'tels', 'ressortent', 'code', 'travail']]"
T06020002273,"[['accord', 'entreprise'], ['relatif', 'duree', 'travail'], ['champ', 'application'], ['organisation', 'temp', 'travail', 'salary', 'itinerant'], ['modalités', 'organisation', 'travail', 'entreprise'], ['temp', 'chargement', 'déchargement', 'préparation', 'chantier'], ['déplacements', 'rendre', 'chantiers', 'hors', 'chauffeur', 'véhicules', 'poids', 'lourds'], ['situation', 'chauffeur', 'poids', 'lourds'], ['temp', 'pause', 'pause', 'méridienne'], ['astreintes'], ['intempéries'], ['gestion', 'temp', 'travail'], ['modalités', 'organisation'], ['nature', 'époque', 'travaux', 'effectués', 'cours', 'période', 'annuelle'], ['programmation', 'annualisation'], ['compte', 'individuel', 'compensation'], ['durées', 'maximum', 'travail'], ['dépassement', 'durée', 'annuelle', 'travail', 'contingent', 'annuel', 'heures', 'supplémentaires'], ['compte', 'faisant', 'apparaître', 'heures', 'modulation'], ['compte', 'faisant', 'apparaître', 'heures', 'compensation'], ['rémunération'], ['modalités', 'enregistrement', 'temp', 'travail'], ['sous-titre', 'personnel', 'sédentaire'], ['modalités', 'organisation', 'temp', 'travail'], ['durées', 'maximum', 'travail'], ['heures', 'supplémentaires'], ['contingent', 'annuel', 'heures', 'supplémentaires'], ['rémunération', 'heures', 'supplémentaires'], ['conge', 'paye', 'journee', 'solidarite'], ['période', 'prise', 'congés', 'payés'], ['journée', 'solidarité'], ['disposition', 'finale'], ['modalités', 'conclusion', 'présent', 'accord'], ['dépôt', 'publicité', 'accord']]"
T06923027338,"[['accord', 'entreprise', 'relatif', 'duree', 'amenagement', 'temp', 'travail'], ['suivi', 'accord', 'clause', 'rendez-vous'], ['durée', 'accord', 'entrée', 'vigueur'], ['dénonciation/révision'], ['cadre', 'juridique'], ['champ', 'application', 'territorial', 'professionnel'], ['travail', 'effectif'], ['durée', 'travail', 'heures', 'supplémentaires'], ['durée', 'hebdomadaire', 'travail'], ['régime', 'heures', 'supplémentaires'], ['modalité', 'prise', 'heures', 'supplémentaires'], ['modalités', 'prise', 'repos', 'compensateur', 'remplacement'], ['décompte', 'indemnisation', 'repos', 'compensateur', 'remplacement'], ['contingent', 'heures', 'supplémentaires'], ['suivi', 'accord', 'clause', 'rendez-vous'], ['dénonciation/révision']]"
T06721008569,"[['accord', 'relatif', 'organisation', 'temp', 'travail'], ['bénéficiaires'], ['disposition', 'commune', 'tous', 'salariés'], ['temp', 'travail', 'effectif'], ['temp', 'repos'], ['amplitude', 'journalière'], ['congés', 'supplémentaires', 'fractionnement'], ['journée', 'solidarité'], ['droit', 'déconnexion'], ['durée', 'maximales', 'travail', 'hors', 'forfait', 'jours'], ['durée', 'quotidienne'], ['horaire', 'individualisé'], ['repos', 'compensateur', 'remplacement', 'rcr'], ['plafond', 'compteur'], ['modalité', 'prise', 'heures', 'rcr'], ['horaires', 'variable'], ['horaires', 'variable', 'droit', 'commun'], ['temp', 'pause'], ['forfait', 'jours'], ['durée', 'annuelle', 'travail'], ['gestion', 'jours', 'repos'], ['modalité', 'calcul', 'droits', 'annuels'], ['prise', 'jours', 'repos'], ['renonciation', 'jours', 'repos'], ['gestion', 'entrées', 'sortie'], ['suivi', 'mensuel', 'charge', 'travail'], ['suivi', 'annuel', 'salarié'], ['suivi', 'santé', 'sécurité', 'salariés'], ['durée', 'travail'], ['repos', 'compensateur', 'remplacement', 'rcr'], ['organisation', 'temp', 'travail'], ['définition', 'temp', 'travail', 'effectif'], ['temp', 'trajet'], ['trajet', 'domicile', 'site', 'intervention'], ['trajet', 'dernier', 'site', 'intervention', 'retour', 'domicile'], ['trajet', 'entre', 'site', 'intervention'], ['temp', 'déplacement', 'longue', 'durée', 'fourgon'], ['temp', 'déplacement', 'train', 'avion'], ['temp', 'pause', 'déjeuner'], ['temp', 'pause'], ['révision', 'entretien', 'véhicule', 'service', 'usage', 'professionnel'], ['chargement', 'déchargement', 'véhicule', 'rangement', 'inventaire'], ['affranchissement', 'courrier'], ['tâches', 'administratives'], ['suivi', 'accord', 'clause', 'rendez-vous'], ['publicité']]"
T05719001717,"[['accord', 'entreprise', 'categoriel', 'relatif', 'duree', 'travail'], ['accord', 'entreprise', 'categoriel', 'relatif', 'duree', 'travail'], ['objet', 'accord'], ['modalites', 'mise', 'œuvre', 'accord'], ['champ', 'application', 'salariés', 'concernés'], ['caractéristiques', 'convention', 'individuelles'], ['condition', 'mise', 'place'], ['nombre', 'heures', 'travaillées'], ['période', 'référence'], ['décompte', 'temp', 'travail'], ['condition', 'prise', 'compte', 'absence'], ['suivi', 'temp', 'travail'], ['relevé', 'heures', 'travaillées'], ['dispositif', 'alerte'], ['exercice', 'droit', 'déconnexion'], ['rémunération'], ['dépassement', 'éventuel', 'nombre', 'heures', 'fixé', 'contingent', 'annuel'], ['heures', 'supplémentaires'], ['contexte', 'objet'], ['accomplissement', 'heures', 'supplémentaires'], ['contingent', 'annuel', 'heures', 'supplémentaires'], ['repos', 'compensateur', 'remplacement'], ['compte', 'epargne', 'temp'], ['objet'], ['fonctionnement', 'compte'], ['tenue', 'compte'], ['utilisation', 'compte', 'épargne', 'temp'], ['délai', 'utilisation', 'droits'], ['congés', 'indemnisés'], ['rémunération', 'immédiate'], ['modalités', 'utilisation'], ['plafond', 'droits', 'inscrits', 'compte'], ['clôture', 'compte'], ['situation', 'compte', 'ca', 'rupture', 'contrat', 'travail'], ['disposition', 'commune'], ['suivi', 'application', 'présent', 'accord', 'rendez-vous'], ['révision'], ['notification', 'dépôt']]"
T00620004373,"[['accord', 'entreprise'], ['relatif', 'heures', 'supplementaires'], ['convention'], ['cadre', 'juridique'], ['contingent', 'heures', 'supplémentaires'], ['définition'], ['période', 'référence'], ['volume', 'contingent', 'annuel'], ['majoration', 'heures', 'supplémentaires', 'incluses', 'contingent', 'annuel'], ['contrepartie', 'obligatoire', 'repos'], ['composition'], ['mission'], ['réunion'], ['durée'], ['dénonciation', 'révision'], ['ratification', 'personnel'], ['publicité', 'accord'], ['date', 'entrée', 'accord']]"
T04422014855,"[['accord', 'adaptation', 'substitution', 'relatif', 'amenagement', 'temp', 'travail'], ['accord', 'appliquera', 'plein', 'droit', 'tous', 'salariés', 'embauchés', 'temp', 'plein'], ['période', 'référence'], ['bilan'], ['détermination', 'durée', 'travail', 'période', 'référence'], ['décompte', 'heures', 'supplémentaires'], ['personnel', 'administratif', '10h00'], ['détermination', 'rythmes', 'travail'], ['décompte', 'heures', 'supplémentaires'], ['rupture', 'contrat'], ['révision'], ['dénonciation']]"
T97221001565,"[['champ', 'application', 'accord'], ['définition', 'temp', 'travail', 'effectif'], ['cadre', 'annuel', 'décompte', 'durée', 'travail'], ['rtt'], ['aménagement', 'temp', 'travail'], ['durée', 'annuelle', 'travail', 'effectif'], ['elaboration', 'planning'], ['heures', 'supplémentaires'], ['respect', 'durées', 'travail', 'maximales'], ['planning', 'horaires', 'travail'], ['prime', 'accord', '2021'], ['dépôt', 'accord'], ['publicité', 'accord'], ['entrée', 'vigueur', 'accord']]"
T05023004007,"[['projet', 'accord', 'entreprise', 'duree'], ['amenagement', 'temp', 'travail'], ['soumis', 'approbation', 'salary'], ['champ', 'application'], ['articulation', 'entre', 'differentes', 'disposition', 'collective', 'applicables'], ['duree', 'travail', 'heures', 'supplementaires'], ['definition', 'temp', 'travail', 'effectif'], ['durees', 'maximales', 'travail', 'repos', 'quotidien', 'hebdomadaire'], ['définition'], ['rémunération'], ['contrepartie', 'obligatoire', 'repos'], ['contingent', 'annuel', 'heures', 'supplémentaires'], ['période', 'annuelle', 'référence', 'plafonnement', 'nombre', 'annuel', 'heures', 'travaillées'], ['durées', 'travail', 'maximales', 'repos', 'obligatoire', 'sujétions', 'particulières', 'travail', 'nuit', 'dimanche', 'jours', 'fériés'], ['dispositifs', 'visant', 'préserver', 'vie', 'personnelle', 'familiale', 'salarié', 'santé', 'sécurité'], ['suivi', 'régulier', 'organisation', 'travail', 'salarié', 'charge', 'travail'], ['entretien', 'suivi'], ['dispositif', 'alerte'], ['usage', 'dispositif', 'alerte', 'doit', 'entraîner', 'aucune', 'sanction'], ['droit', 'déconnexion'], ['mise', 'place', 'forfait', 'annuel', 'jours'], ['période', 'annuelle', 'référence', 'plafonnement', 'nombre', 'annuel', 'heures', 'travaillées'], ['plafond', 'annuel', 'jours', 'travaillés'], ['période', 'annuelle', 'référence'], ['jours', 'supplémentaires', 'repos'], ['forfait', 'annuel', 'jours', 'réduit'], ['lissage', 'rémunération'], ['prise', 'compte', 'absence', 'arrivées', 'départs', 'cours', 'période', 'annuelle', 'référence'], ['prise', 'compte', 'absence', 'arrivées', 'départs', 'cours', 'période', 'annuelle', 'référence'], ['arrivée', 'cours', 'année'], ['renonciation', 'jours', 'supplémentaires', 'repos'], ['exemple'], ['dispositifs', 'visant', 'préserver', 'vie', 'personnelle', 'familiale', 'salarié', 'santé', 'sécurité'], ['amplitude', 'travail', 'respect', 'temp', 'repos', 'obligatoires'], ['suivi', 'régulier', 'organisation', 'travail', 'salarié', 'charge', 'travail'], ['entretien', 'suivi'], ['dispositif', 'alerte'], ['usage', 'dispositif', 'alerte', 'doit', 'entraîner', 'aucune', 'sanction'], ['droit', 'déconnexion'], ['caractéristiques', 'convention', 'individuelles', 'forfait', 'annuel', 'jours'], ['accord', 'écrit', 'salarié'], ['poste', 'salarié'], ['précision', 'nombre', 'jours', 'travaillés'], ['rémunération'], ['dispositifs', 'visant', 'préserver', 'vie', 'personnelle', 'familiale', 'salarié', 'santé', 'sécurité'], ['disposition', 'finale'], ['duree', 'accord', 'entree', 'vigueur'], ['publicite', 'depôt', 'accord']]"
T09218001144,"[['accord', 'relatif', 'amenagement', 'temp', 'travail'], ['entree', 'sortie', 'cours', 'periode', 'p.8'], ['absence', 'cours', 'periode', 'p.8'], ['duree', 'revision', 'denonciation', 'accord', 'p.8'], ['champ', 'application'], ['mise', 'place', 'annualisation', 'temp', 'travail'], ['periode', 'reference'], ['durees', 'maximales', 'travail', 'amplitude', 'travail'], ['programmation', 'annualisation', 'temp', 'travail'], ['modification', 'programmation', 'indicative'], ['prestations', 'exceptionnelles'], ['heures', 'supplementaires'], ['décompte', 'heures', 'supplémentaires'], ['contreparties', 'heures', 'supplémentaires'], ['contingent', 'annuel', 'heures', 'supplémentaires'], ['remuneration'], ['entree', 'sortie', 'cur', 'periode'], ['absence', 'cours', 'periode'], ['duree', 'revision', 'denonciation', 'accord'], ['durée'], ['révision', 'dénonciation'], ['depot']]"
A09218029734,"[['accord', 'duree', 'amenagement', 'temp', 'travail'], ['salary', 'travaillant', 'chantiers'], ['salary', 'concernes'], ['duree', 'travail'], ['modalites', 'suivi', 'duree', 'travail'], ['salary', 'non', 'affectes', 'chantiers'], ['salary', 'non', 'affectes', 'chantiers', 'dont', 'temp', 'travail', 'peut', 'etre', 'integre', 'service', 'lequel', 'travaillent'], ['durée', 'travail'], ['modalités', 'suivi', 'durée', 'travail'], ['salary', 'non', 'affectes', 'chantiers', 'dont', 'temp', 'travail', 'peut', 'etre', 'predetermine'], ['cadre', 'dit', 'autonomes'], ['autres', 'catégories', 'salariés'], ['modalites', 'application', 'decompte', 'duree', 'travail', 'base', 'convention', 'individuelles', 'forfait', 'jours'], ['personnel', 'exploitation'], ['encadrement', 'exploitation'], ['modalités', 'prise', 'jours', 'repos', 'suivi', 'convention', 'forfait', 'jours', 'année'], ['encadrement', 'opérationnel'], ['modalités', 'prise', 'jours', 'repos', 'suivi', 'convention', 'forfait', 'jours', 'année'], ['personnel', 'commercial', 'administratif'], ['encadrement', 'commercial'], ['autres', 'catégories', 'commerciales'], ['encadrement', 'direction'], ['encadrement', 'support', 'administratif'], ['forfait', 'annuel', 'modalités', 'décompte', 'temp', 'travail'], ['modalités', 'prise', 'jours', 'repos', 'suivi', 'convention', 'forfait', 'jours', 'année'], ['garanties', 'dispostions', 'applicables', 'tous', 'forfaits', 'jours'], ['renonciation', 'jours', 'repos'], ['arrivée', 'départ', 'cours', 'période', 'référence', 'annuelle'], ['traitement', 'absence'], ['droit', 'déconnexion'], ['heures', 'supplementaires'], ['cadre', 'general'], ['forfaits', 'jours', 'annee'], ['temp', 'partiel'], ['priorite', 'augmentation', 'duree', 'travail'], ['egalite', 'traitement'], ['durée', 'accord', 'entree', 'vigueur'], ['revision', 'denonciation', 'accord'], ['publicite', 'accord', 'dépôt', 'accord']]"
T03223060072,"[['accord', 'collectif', 'relatif', 'amenagement', 'temp', 'travail', 'sein', 'société', 'ecocert', 'sa'], ['disposition', 'generales'], ['date', 'application', 'durée', 'accord'], ['suivi', 'accord', 'clause', 'rendez-vous'], ['accord', 'pourra', 'être', 'révisé', 'tout', 'moment', 'suivant', 'prise', 'effet'], ['dépôt', 'accord'], ['transmission', 'accord', 'commission', 'paritaire', 'permanente', 'négociation', 'interprétation', 'branche'], ['publication', 'accord'], ['duree', 'travail', 'modalites', 'organisation', 'temp', 'travail'], ['répartition', 'horaire', 'durée', 'travail'], ['temp', 'travail', 'effectif'], ['temp', 'pause'], ['durées', 'maximales', 'travail', 'repos', 'minimum'], ['durée', 'quotidienne', 'travail'], ['durée', 'hebdomadaire', 'travail', 'semaines', 'consécutives'], ['repos', 'quotidien'], ['durée', 'travail'], ['durée', 'travail', 'salariés', 'bénéficiant', 'convention', 'annuelle', 'forfait', 'jours'], ['durée', 'travail', 'salariés', 'bénéficiant', 'convention', 'annuelle', 'forfait', 'jours'], ['durée', 'travail', 'salariés', 'temp', 'partiel', 'salariés', 'forfait', 'jours', 'réduit'], ['modalités', 'organisation', 'temp', 'travail'], ['modalités', 'organisation', 'temp', 'travail', 'salariés', 'relèvent', 'convention', 'annuelle', 'forfait', 'jours'], ['organisation', 'hebdomadaire'], ['organisation', 'annuelle', 'temp', 'travail', 'type', 'jrtt'], ['période', 'référence', 'répartition', 'temp', 'travail'], ['rémunération'], ['absence'], ['entrée', 'sortie', 'cours', 'période', 'référence'], ['effet', 'absence', 'décompte', 'heures', 'supplémentaires', 'complémentaires'], ['modalités', 'pratiques', 'organisation', 'temp', 'travail'], ['modification', 'horaire', 'salariés', 'temp', 'complet'], ['acquisition', 'prise', 'jrtt'], ['organisation', 'temp', 'travail', 'type', 'modalité', 'accord', 'branche', 'convention', 'collective', 'nationale', 'bureau', 'études', 'technique', 'cabinet', 'ingénieurs-conseils', 'sociétés', 'conseils'], ['modalités', 'organisation', 'temp', 'travail', 'salariés', 'relèvent', 'convention', 'annuelle', 'forfait', 'jours'], ['convention', 'individuelle', 'forfait', 'jours'], ['champ', 'application'], ['convention', 'individuelle', 'forfait', 'jours'], ['nombre', 'journées', 'travail'], ['période', 'annuelle', 'référence'], ['fixation', 'forfait'], ['forfait', 'réduit'], ['jours', 'repos', 'liés', 'forfait'], ['renonciation', 'jours', 'repos'], ['décompte', 'déclaration', 'jours', 'demi-journées', 'travaillés'], ['décompte', 'journées', 'demi-journées', 'travail']]"
T07622009023,"[['issue', 'négociations', 'annuelles', 'obligatoires', 'prévues', 'article', '2242-1', 'suivants', 'code', 'travail', 'portant', 'thèmes', 'suivants'], ['partage', 'valeur', 'ajoutée'], ['novembre', '2022'], ['décembre', '2022'], ['perimetre', 'accord'], ['remuneration'], ['disposition', 'applicable', 'ensemble', 'personnel', 'dotation', 'exceptionnelle', 'budget', 'activités', 'sociales', 'culturelles', 'cse'], ['disposition', 'spécifiques', 'personnel', 'sédentaire'], ['titre', 'restaurant'], ['disposition', 'spécifiques', 'personnel', 'roulant'], ['prime', 'manutention'], ['prime', 'polyvalence'], ['champ', 'application', 'condition', 'attribution'], ['condition', 'mise', 'œuvre'], ['montant', 'modalités', 'calcul'], ['prime', 'samedi'], ['montant', 'modalités', 'calcul'], ['prime', 'départ', 'dimanche', 'jour', 'férié'], ['prime', 'respect', 'réglementation', 'prime', 'prime'], ['duree', 'effective', 'organisation', 'temp', 'travail'], ['partage', 'valeur', 'ajoutee'], ['dispositifs', 'épargne', 'salariale'], ['intéressement'], ['participation'], ['plan', 'epargne', 'entreprise', 'percol'], ['egalite', 'professionnelle', 'entre', 'femmes', 'hommes', 'qualite', 'vie', 'travail']]"
T07320002695,"[['accord', 'entreprise', 'agate'], ['cadre', 'duree', 'organisation', 'travail'], ['disposition', 'spécifiques', 'temp', 'partiels'], ['duree', 'repartition', 'pluri-hebdomadaire', 'temp', 'travail', 'temp', 'partiels'], ['organisation', 'jours', 'repos', 'temp', 'partiels'], ['heures', 'complementaires', 'temp', 'partiels'], [], ['disposition', 'generales'], ['champ', 'application'], ['travail', 'effectif'], ['duree', 'quotidienne', 'maximale'], ['duree', 'hebdomadaire', 'maximale'], ['repos', 'quotidien'], ['repos', 'hebdomadaire'], ['repartition', 'duree', 'hebdomadaire'], ['volume', 'contingent', 'annuel', 'heures', 'supplementaires'], ['taux', 'majoration', 'heures', 'supplementaires'], ['mise', 'place', 'repos', 'compensateur', 'remplacement'], [], ['salary', 'concernes'], ['periode', 'decompte', 'horaire', 'programmation', 'modification', 'horaire'], ['durée', 'minimale'], ['calendrier', 'previsionnel', 'delai', 'prevenance'], ['organisation', 'type', 'travail'], ['flexibilite', 'horaires'], ['decompte', 'heures', 'heures', 'supplementaires'], ['indemnisation', 'temp', 'trajet', 'anormalement', 'longs'], ['remuneration'], ['absence'], ['embauche', 'rupture', 'contrat', 'cours', 'annee'], ['modalites', 'specifiques', 'contrats', 'duree', 'determinee'], ['suivi', 'temp', 'travail'], ['duree', 'repartition', 'pluri-hebdomadaire', 'temp', 'travail', 'temp', 'partiels'], ['organisation', 'jours', 'repos', 'temp', 'partiels'], ['heures', 'complementaires', 'temp', 'partiels'], ['egalite', 'traitement', 'droits', 'salary', 'temp', 'partiels'], [], ['objectif', 'teletravail'], ['principe', 'teletravail'], ['définition'], ['organisation'], ['formalisation'], ['criteres', 'eligibilite'], ['situation', 'générales', 'exceptionnelles'], ['situation', 'spécifiques', 'individuelles'], ['ancienneté', 'minimale'], ['nature', 'activité', 'poste'], ['modalites', 'mise', 'œuvre'], ['détermination', 'jours', 'télétravail']]"
T07122003699,"[['disposition', 'generales'], ['objet', 'avenant'], ['temp', 'travail', 'effectif'], ['temp', 'pause', 'pause', 'méridienne'], ['temp', 'habillage', 'déshabillage'], ['temp', 'déplacement', 'salariés', 'hors', 'convention', 'forfait', 'jours'], ['contrôle', 'temp', 'travail'], ['contingent', 'annuel', 'heures', 'supplémentaires', 'repos', 'remplacement'], ['jours', 'fériés', 'exceptionnellement', 'travaillés', 'cet', 'article', 'concerne', 'équipes', 'suppléance'], ['journée', 'solidarité'], ['cycle', 'travail', 'posté', '3x8'], ['période', 'référence', 'répartition', 'durée', 'travail'], ['condition', 'délais', 'prévenance', 'changements', 'durée', 'horaires', 'travail'], ['lissage', 'rémunération'], ['appréciation', 'heures', 'supplémentaires'], ['incidence', 'absence', 'ainsi', 'arrivées', 'départs', 'cours', 'période', 'référence'], ['horaire', 'référence', 'délai', 'prévenance'], ['octroi', 'jours', 'repos'], ['acquisition', 'jrtt'], ['prise', 'jrtt'], ['paiement', 'suivi', 'jrtt'], ['lissage', 'rémunération'], ['appréciation', 'heures', 'supplémentaires'], ['incidence', 'absence', 'ainsi', 'arrivées', 'départs', 'cours', 'période', 'référence'], ['champ', 'application', 'convention', 'forfaits', 'jours'], ['convention', 'individuelle', 'forfait'], ['octroi', 'jours', 'repos'], ['renonciation', 'jours', 'repos'], ['suivi', 'jours', 'travaillés'], ['evaluation', 'suivi', 'régulier', 'charge', 'travail'], ['entretien', 'annuel', 'forfait', 'jours'], ['dispositif', 'alerte'], ['droit', 'déconnexion'], ['rémunération'], ['traitement', 'absence', 'entrées', 'départs', 'cours', 'période'], ['recours', 'équipes', 'suppléance'], ['définition'], ['mise', 'place'], ['durée', 'travail', 'répartition', 'horaire', 'travail'], ['rémunération'], ['congés', 'payés'], ['droits', 'légaux', 'conventionnels', 'équipes', 'suppléance'], ['priorité', 'affectation', 'poste', 'semaine'], ['accès', 'formation'], ['sort', 'prime', 'accord', '35h'], ['ancienneté', 'cadre'], ['prime', 'ancienneté']]"
T01320007643,"[['accord', 'entreprise', 'relatif', 'contingent', 'heures', 'supplementaires'], ['mise', 'œuvre'], ['contingent', 'heures', 'supplementaires'], ['disposition', 'finale'], ['ratification', 'accord'], ['durée', 'entrée', 'vigueur'], ['dépôt', 'publicité', 'accord']]"
T04421009803,"[['accord', 'collectif', 'association', 'caap', 'ouest'], ['association', 'caap', 'ouest', 'compte', 'délégué', 'syndical', 'sein', 'structure'], ['disposition', 'generales'], ['portée', 'accord'], ['suivi', 'accord', 'clause', 'rendez-vous'], ['accord', 'pourra', 'être', 'révisé', 'suite', 'prise', 'effet'], ['communication', 'accord'], ['dépôt', 'accord'], ['regime', 'heures', 'travail', 'supplementaires'], ['définition', 'heures', 'travail', 'supplémentaires'], ['effet', 'absence', 'poste', 'travail', 'décompte', 'heures', 'travail', 'supplémentaires'], ['contingent', 'annuel', 'heures', 'travail', 'supplémentaires'], ['repos', 'compensateur', 'remplacement'], ['prise', 'repos', 'compensateur'], ['information', 'salariés', 'repos', 'compensateur'], ['financement', 'mutuelle'], ['evolution', 'professionnelle', 'salary'], ['entretien', 'annuel'], ['evolution', 'professionnelle', 'salarié', 'raison', 'capacités', 'professionnelles', 'emploi', 'ou/et', 'implication', 'emploi'], ['evolution', 'professionnelle', 'raison', 'ancienneté', 'salarié', 'emploi'], ['conge', 'remuneres', 'enfant', 'malade'], ['reduction', 'nombre', 'jours', 'delai', 'carence', 'ouverture', 'droit', 'maintien', 'salaire', 'patronal', 'ca', 'maladie', 'accident']]"
T05718000407,"[['accord', 'organisation'], ['temp', 'travail'], ['amenagement', 'temp', 'travail'], ['champ', 'application', 'titre'], ['periode', 'duree', 'annuelle', 'decompte', 'temp', 'travail'], ['amplitude', 'annualisation'], ['compte', 'individuel', 'annuel'], ['prise', 'compte', 'absence'], ['entree', 'sortie', 'effectif', 'cours', 'annee'], ['condition', 'remuneration'], ['rémunération', 'cours', 'période', 'décompte'], ['rémunération', 'fin', 'période', 'annuelle', 'décompte'], ['taux', 'majoration', 'contingent', 'heures', 'supplementaires'], ['champ', 'application', 'titre'], ['taux', 'majoration', 'heures', 'supplementaires'], ['contingent', 'annuel', 'heures', 'supplementaires'], ['modalites', 'application', 'accord'], ['duree', 'denonciation', 'depot'], ['publicité']]"
T07123004039,"[['negociations', 'annuelles', 'obligatoires', '2023'], ['issue', 'négociation', 'annuelle', 'obligatoire', 'prévue', 'article', 'l2242-1', 'suivants', 'code', 'travail', 'convenu', 'suit', 'entre'], ['evolution', 'générale', 'salaires'], ['prime', 'travail', 'froid'], ['avenant', 'convention', 'collective', 'fixe', 'critères', 'travail', 'froid', 'indemnisation'], ['evolution', 'individuelles'], ['majoration', 'heures', 'nuit'], ['journée', 'solidarité'], ['contrat', 'intéressement'], ['prime', 'exceptionnelle', 'pouvoir', 'achat', 'prime', 'partage', 'valeur']]"
T07520025137,"[['juin', '2019'], ['article', 'accord', 'collectif', 'juin', '2019', 'remplacé', 'article', 'ci-dessous'], ['heures', 'supplémentaires', 'heures', 'complémentaires'], ['majoration', 'heures', 'supplémentaires', 'heures', 'complémentaires'], ['majoration', 'heures', 'dites', 'normales'], ['article', 'accord', 'collectif', 'juin', '2019', 'remplacé', 'article', 'ci-dessous'], ['forfait', 'jours'], ['révision', 'article', 'conséquences', 'absence', 'rémunération', 'accord', 'juin', '2019'], ['article', 'accord', 'collectif', 'juin', '2019', 'remplacé', 'article', 'ci-dessous'], ['conséquences', 'absence', 'rémunération', 'forfait']]"
T02819001100,"[['accord', 'entreprise', 'relatif', 'contingent', 'heures', 'supplementaires', 'organisation', 'petits', 'deplacements', 'temp', 'travail'], ['heures', 'supplementaires'], ['contingent', 'heures', 'supplémentaires'], ['majorations', 'applicables', 'heures', 'supplémentaires'], ['indemnites', 'petits', 'deplacements'], ['indemnité', 'trajet', 'indemnité'], ['amenagement', 'temp', 'travail'], ['horaire', 'été/hiver'], ['temp', 'habillage'], ['pause', 'entre', '10h'], ['pause', '-déjeuner'], ['déroulement', 'journée', 'type', 'titre', 'exemple'], ['travail', 'exceptionnel', 'dimanche', 'jour', 'ferie', 'nuit'], ['travail', 'dimanche', 'et/ou', 'jour', 'férié'], ['travail', 'nuit', 'exceptionnel', 'programmé'], ['non', 'cumul'], ['duree', 'accord'], ['suivi', 'accord'], ['formalites']]"
T07519010604,"[['accord', 'aménagement', 'temp', 'travail'], ['personnel', 'concerné'], ['nombre', 'jrtt'], ['impact', 'absence'], ['heures', 'supplémentaires'], ['modalités', 'suivi', 'charge', 'travail'], ['obligation', 'déconnexion'], ['personnel', 'concerné'], ['durée', 'annuelle', 'travail'], ['modalités', 'prise', 'jrtt'], ['impact', 'absence'], ['modalités', 'suivi', 'charge', 'travail'], ['obligation', 'déconnexion'], ['rémunération'], ['jours', 'congés', 'entraide', 'familiale'], ['forfait', 'hebdomadaire', 'heures', 'couplé', 'jrtt'], ['personnel', 'concerné'], ['aménagement', 'durée', 'travail'], ['nombre', 'jrtt'], ['modalités', 'prise', 'jrtt'], ['impact', 'absence'], ['heures', 'supplémentaires'], ['durées', 'maximales', 'travail', 'minimales', 'repos'], ['modalités', 'suivi', 'charge', 'travail'], ['obligation', 'déconnexion'], ['effectivité', 'respect', 'salarié', 'durées', 'maximales', 'travail', 'minimales', 'repos', 'implique', 'dernier', 'obligation', 'déconnexion', 'outils', 'communication', 'distance'], ['rémunération'], ['forfait', 'annuel', 'jours'], ['personnel', 'concerné'], ['durée', 'annuelle', 'travail'], ['amplitude', 'travail', 'respect', 'temp', 'repos'], ['modalités', 'prise', 'jrtt'], ['impact', 'absence'], ['modalités', 'décompte', 'journées', 'demi-journées', 'travaillées'], ['modalités', 'suivi', 'charge', 'travail'], ['obligation', 'déconnexion'], ['rémunération'], ['congés', 'payés'], ['jours', 'congé', 'ancienneté'], ['jours', 'congés', 'entraide', 'familiale'], ['don', 'jours', 'repos'], ['commission', 'suivi', 'interprétation', 'accord'], ['révision', 'dénonciation'], ['publicité', 'dépôt', 'accord']]"
T09419003402,"[['accord', 'entreprise', 'societe', 'sarl', 'creche', 'skypia'], ['durée', 'révision', 'dénonciation'], ['suivi'], ['embauche', 'contrat', 'travail'], ['document', 'obligatoires'], ['salaires'], ['obligation', 'particulières', 'salarié'], ['renouvellement', 'contrat', 'durée', 'déterminée'], ['durée', 'travail'], ['référence', 'hebdomadaire'], ['temp', 'pause'], ['taux', 'majoration', 'heures', 'non', 'récupérées'], ['temp', 'partiel'], ['durée', 'minimale'], ['heures', 'complémentaires'], ['planning', 'modification', 'salariés', 'temp', 'complet'], ['congés', 'jours', 'fériés'], ['absence', 'autorisées', 'évènements', 'familiaux', 'démarche', 'administrative'], ['jours', 'enfant', 'malade'], ['jours', 'fériés'], ['garantie', 'frais', 'santé', 'prévoyance'], ['frais', 'transport'], ['primauté', 'accord', 'entreprise'], ['publicité']]"
T03321008601,"[['accord', 'entreprise'], ['relatif', 'contingent', 'heures', 'supplémentaires'], ['contingent', 'heures', 'supplémentaires'], ['majorations', 'applicables', 'heures', 'supplémentaires'], ['formalités']]"
T09120004993,"[['accord', 'collectif', 'portant', 'augmentation', 'contingent', 'annuel', 'heures', 'supplémentaires'], ['objet'], ['définition', 'contingent', 'annuel', 'heures', 'supplémentaires'], ['condition', 'accomplissement', 'heures', 'supplémentaires', 'au-delà', 'contingent', 'annuel'], ['caractéristiques', 'condition', 'prise', 'contrepartie', 'obligatoire', 'sou', 'forme', 'repos'], ['employeur', 'dispose', 'délai', 'sept', 'jours', 'faire', 'connaître', 'réponse', 'salarié'], ['clause', 'rendez-vous', 'suivi', 'impact', 'santé', 'sécurité', 'salariés'], ['révision', 'dénonciation'], ['condition', 'validité']]"
T04418002509,"[['avenant', 'accord', 'collectif', 'entreprise'], ['contrepartie', 'obligatoire', 'repos'], ['lutte', 'contre', 'stress', 'lié', 'utilisation', 'outils', 'numériques', 'professionnels'], ['volet', 'organisation', 'temp', 'travail'], ['durée', 'travail'], ['durée', 'légale', 'travail'], ['définition', 'temp', 'travail', 'effectif']]"
T08822003328,"[['accord', 'collectif', 'portant'], ['contingent', 'annuel', 'heures', 'supplémentaires'], ['objet', 'accord'], ['champ', 'application'], ['notion', 'heures', 'supplémentaires'], ['contingent', 'annuel', 'heures', 'supplémentaires'], ['durée', 'accord'], ['clause', 'suivi'], ['révision', 'dénonciation'], ['depot', 'publicité'], ['formalités', 'dépôt']]"
T02523004718,"[['accord', 'substitution', 'relatif', 'amenagement'], ['reduction', 'temp', 'travail'], ['partie'], ['notion', 'temp', 'travail', 'effectif'], ['temp', 'pause'], ['horaires', 'variable'], ['main', 'œuvre', 'indirecte'], ['main', 'œuvre', 'directe', 'mod'], ['durees', 'maximales', 'travail', 'repos', 'quotidien', 'hebdomadaire'], ['durée', 'quotidienne', 'maximale', 'travail'], ['durée', 'hebdomadaire', 'maximale', 'travail'], ['amplitude', 'maximale', 'journée', 'travail'], ['repos', 'quotidien', 'hebdomadaire'], ['contingent', 'heures', 'supplementaires'], ['journee', 'solidarite'], ['conge', 'paye'], ['equivalence', 'congés', 'salariés', 'habituellement', 'présents', 'moins', 'jours', '/semaine'], ['periode', 'reference'], ['travail', 'samedi'], ['travail', 'jours', 'feries'], ['partie'], ['salary', 'concernes'], ['mise', 'place', 'repartition', 'temp', 'travail', 'jours'], ['volontariat'], ['periode', 'transitoire', '04/09/2023', '30/04/2024'], ['fixation', 'jour', 'hebdomadaire', 'non', 'travaille'], ['suspension', 'repartition', 'jours'], ['reversibilite', 'repartition', 'jours'], ['reversibilite', 'initiative', 'employeur'], ['reversibilite', 'collective'], ['reversibilite', 'initiative', 'salarie'], ['partie'], [], ['salary', 'concernes'], ['periode', 'reference'], ['amenagement', 'temp', 'travail', 'duree', 'superieure', 'semaine'], ['salary', 'beneficiant', 'contrat', 'travail', 'base', 'hebdomadaire', 'heures', 'moyenne', 'annee'], ['salary', 'beneficiant', 'contrat', 'travail', 'base', 'hebdomadaire', 'superieure', 'heures', 'moyenne', 'annee'], ['variation', 'duree', 'hebdomadaire', 'planification', 'delai', 'prevenance', 'changements', 'planning'], ['decompte', 'temp', 'travail'], ['compteurs', 'annualisation', 'mise', 'place', 'compteur', 'annualisation', 'salarie', 'compteur', 'annualisation', 'employeur'], ['definition', 'compteur', 'annualisation', 'salarie'], ['definition', 'compteur', 'annualisation', 'employeur'], ['fonctionnement', 'compteur', 'annualisation', 'salarie'], ['salary', 'concernes']]"
T07521035447,"[['accord', 'annualisation'], ['temp', 'travail'], ['principe', 'généraux', 'régissant', 'organisation', 'travail', 'sein', 'entreprise'], ['temp', 'travail', 'effectif', 'temp', 'pause', 'temp', 'repos', 'temp', 'trajet'], ['durées', 'maximales', 'travail', 'hebdomadaire', 'amplitude'], ['modalités', 'aménagement', 'temp', 'travail'], ['répartition', 'annuelle', 'travail', 'calendrier'], ['décompte', 'horaires', 'travail'], ['limites', 'décompte', 'heures', 'supplémentaires'], ['limites', 'décompte', 'heures', 'complémentaires'], ['rémunération'], ['absence'], ['embauche', 'rupture', 'contrat', 'cours', 'année'], ['communication', 'accord'], ['dénonciation', 'usage', 'pratiques', 'existantes'], ['approbation', 'référendaire'], ['publicité']]"
T07622009105,"[['accord', 'entreprise', 'portant'], ['amenagement', 'temp', 'travail', 'travail', 'nuit'], ['amenagement', 'temp', 'travail', 'semaines'], ['durée', 'travail', 'entreprise'], ['travail', 'temp', 'plein'], ['travail', 'temp', 'partiel'], ['travailleur', 'nuit'], ['définition', 'travail', 'nuit'], ['définition', 'travailleurs', 'nuit'], ['durées', 'maximales', 'travail', 'nuit'], ['contreparties', 'travail', 'nuit'], ['modalités', 'paiement', 'majorations'], ['mesures', 'amélioration', 'condition', 'travail', 'salariés', 'protection', 'santé', 'sécurité', 'travailleur', 'nuit'], ['surveillance', 'médicale'], ['temp', 'travail', 'maximal', 'repos', 'hebdomadaire'], ['programmation', 'indicative'], ['limite', 'supérieure'], ['limite', 'inférieure'], ['modification', 'horaires'], ['modalités', 'décompte', 'durée', 'travail'], ['heures', 'supplémentaires', 'contingent'], ['personnel', 'cadre'], ['personnel', 'employé', 'agent', 'maitrise'], ['comptabilisation', 'horaires'], ['imputation', 'périodes', 'suspension', 'décompte', 'mensuel', 'durée', 'travail'], ['embauche', 'rupture', 'contrat', 'travail', 'cours', 'période', 'mensuelle'], ['clause', 'juridiques'], ['durée', 'accord', 'révision', 'dénonciation'], ['modification', 'légales']]"
T07522040315,"[['proces', 'verbal', 'accord'], ['negociations', 'annuelles', 'obligatoires', '2022'], ['portant', 'remuneration'], ['temp', 'travail', 'partage', 'valeur', 'ajoutee'], ['heures', 'supplémentaires'], ['durée', 'travail'], ['télétravail'], ['salaires', 'effectifs', 'augmentation', 'générales'], ['complément', 'prime', 'pouvoir', 'achat'], ['révision', 'grille', 'salaires'], ['disposition', 'finale', 'publicité']]"
T01919000348,"[['accord', 'entreprise'], ['ensemble', 'disposition', 'arrêtées', 'présent', 'accord', 'complètent', 'celles', 'convention', 'collective', 'métallurgie', 'corrèze'], ['horaires', 'travail', 'organisation'], ['duree'], ['horaire', 'normal', 'travail'], ['personnel', 'administratif', 'journée'], ['formation'], ['mobilite-polyvalence'], ['ponctualite', 'objectifs', 'industriels'], ['droit', 'deconnection'], ['jours', 'feries', '2019', 'tombant', 'jour', 'ouvré'], ['journée', 'solidarité'], ['definition', 'ponts'], ['planning', 'arret', 'redemarrage', 'secteur'], ['pont', 'mai'], ['personnel', '2x8'], ['personnel', '3x8'], ['personnel', 'administratif', 'journee'], ['personnel', '2x8'], ['personnel', '3x8'], ['personnel', 'administratif', 'journee'], ['modalites', 'prise', 'jours', 'rtt'], ['conge', 'paye', '2019'], ['semaine'], ['gestion', 'autorisations', 'absence'], ['planning', 'présentéisme'], ['planning', 'reunion', 'cse'], ['information', 'personnel'], ['accord', 'entreprise'], ['rappel', 'textes', 'reglementaires'], ['heures', 'supplémentaires', 'rappel', 'législation', 'vigueur'], ['repos', 'compensateur', 'art', 'l3121-11'], ['modalités', 'prise', 'jours', 'réduction', 'temp', 'travail']]"
T01323017065,"[['table', 'matieres'], ['avis', 'délégation', 'syndicale', 'favorable'], ['modalite', 'attribution', 'conge'], ['avis', 'délégation', 'syndicale', 'favorable'], ['modalite', 'calcul', 'attribution', 'prime', 'vacances'], ['avis', 'délégation', 'syndicale', 'favorable'], ['duree', 'effective', 'organisation', 'travail', 'entreprise'], ['nombre', 'contrats', 'forfaits', 'jours', 'décembre', '2021'], ['avis', 'délégation', 'syndicale', 'favorable'], ['avis', 'délégation', 'syndicale', 'favorable'], ['organisation', 'travail', 'direction', 'operation'], ['travail', 'plateforme'], ['service', 'csn', 'admin', 'infra'], ['horaires', 'bureau', '8h30/12h', '14h/17h30'], ['service', 'cco', 'centre', 'contact'], ['service', 'cybersecurite'], ['avis', 'délégation', 'syndicale', 'avis', 'favorable'], ['organisation', 'travail', 'collaborateurs', 'site', 'client', 'assistance', 'technique', 'forfait'], ['avis', 'délégation', 'syndicale', 'favorable'], ['droit', 'deconnexion'], ['avis', 'délégation', 'syndicale', 'favorable'], ['teletravail'], ['avis', 'délégation', 'syndicale', 'favorable'], ['paiement', 'heures', 'supplementaires', 'modulation', 'annualisation', 'temp', 'travail'], ['avis', 'délégation', 'syndicale', 'favorable'], ['quota', 'annuel', 'heures', 'supplementaires'], ['avis', 'délégation', 'syndicale', 'favorable'], ['repos', 'compensateur'], ['avis', 'délégation', 'syndicale', 'favorable'], ['organisation', 'astreintes'], ['avis', 'délégation', 'syndicale', 'favorable'], ['compensation', 'temp', 'trajet', 'exceptionnels'], ['avis', 'délégation', 'syndicale', 'favorable'], ['remboursement', 'frais', 'deplacement', 'kilometriques'], ['avis', 'délégation', 'syndicale', 'favorable'], ['avis', 'délégation', 'syndicale', 'favorable'], ['remuneration'], ['presentation', 'salaires', 'moyens', '2021', 'entreprise', 'qualification', 'hors', 'direction', 'générale'], ['avis', 'délégation', 'syndicale', 'favorable'], ['compte', 'personnel', 'prevention', 'penibilite'], ['avis', 'délégation', 'syndicale', 'favorable'], ['mutuelle', 'frais', 'soins'], ['avis', 'délégation', 'syndicale', 'favorable'], ['prevoyance', 'sante'], ['avis', 'délégation', 'syndicale', 'favorable'], ['titre', 'restaurant', 'carte', 'swile'], ['avis', 'délégation', 'syndicale', 'favorable'], ['accord', 'participation'], ['avis', 'délégation', 'syndicale', 'favorable'], ['gpec', 'gestion', 'prévisionnelle', 'emploi', 'compétences'], ['avis', 'délégation', 'favorable'], ['publicite']]"
T07521035840,"[['accord', 'relatif', 'duree'], ['organisation', 'temp', 'travail'], ['cadre', 'juridique', 'mise', 'œuvre', 'accord'], ['objet', 'présent', 'accord'], ['calendrier', 'règles', 'mise', 'œuvre'], ['disposition', 'commune', 'ensemble', 'collaborateurs'], ['période', 'référence'], ['repos', 'quotidien', 'hebdomadaire'], ['journée', 'solidarité'], ['congés', 'payés'], ['modalités', 'prise'], ['période', 'estivale'], ['mesures', 'faveur', 'équilibre', 'vie', 'professionnelle', 'vie', 'personnelle', 'collaborateurs'], ['temp', 'partiel', 'forfait-jours', 'réduit'], ['consommation', 'jours', 'donnés'], ['régimes', 'organisation', 'temp', 'travail', 'entreprise'], ['cadre', 'légal'], ['durée', 'annuelle', 'travail'], ['durées', 'maximales', 'travail'], ['rythme', 'travail', 'hebdomadaire', 'jours', 'rtt', 'associés'], ['acquisition', 'jours', 'rtt'], ['modalités', 'prise', 'jours', 'rtt'], ['lissage', 'rémunération'], ['modalités', 'organisation', 'temp', 'travail'], ['modalités', 'suivi', 'temp', 'travail'], ['heures', 'supplémentaires'], ['temp', 'partiel', 'choisi'], ['examen', 'demande'], ['compensation', 'financière', 'octroyée', 'contrepartie', 'passage', 'nouvelle', 'organisation', 'temp', 'travail'], ['collaborateurs', 'concernés'], ['condition', 'mise', 'place'], ['décompte', 'temp', 'travail', 'jours', 'base', 'annuelle', 'jours', 'repos'], ['forfait-jours', 'réduit'], ['suivi', 'nombre', 'jours', 'travaillés'], ['organisation', 'travail', 'respect', 'plage', 'repos'], ['bonnes', 'pratiques', 'meilleure', 'articulation', 'vie', 'professionnelle', 'vie', 'personnelle'], ['droit', 'déconnexion'], ['modalités', 'évaluation', 'charge', 'suivi', 'temp', 'travail'], ['exercice', 'collaborateur', 'droit', 'déconnexion'], ['dispositif', 'suivi', 'complémentaire'], ['information', 'collaborateurs'], ['clause', 'suivi', 'revoyure'], ['entrée', 'vigueur', 'durée', 'accord'], ['révision', 'dénonciation']]"
T06923025178,"[['accord', 'entreprise', 'relatif', 'duree', 'maximale', 'hebdomadaire', 'travail', 'amplitude', 'journaliere'], ['champ', 'application', 'accord'], ['durée', 'quotidienne', 'amplitude', 'journalière'], ['effets', 'amplitude', 'journalière', 'durée', 'quotidienne', 'travail', 'durée', 'travail'], ['rendez-vous'], ['durée', 'accord', 'révision', 'dénonciation'], ['dépôt', 'publicité', 'accord']]"
T09218001524,"[['modification', 'article', '2.2.2', 'relatif', 'modalités', 'accomplissement', 'heures', 'supplémentaires'], ['article', '2.2.2', 'modalités', 'accord', 'décembre', '2001', 'modifié', 'comme', 'suit'], ['modification', 'article', '3.2', 'relatif', 'cadre', 'autonomes'], ['article', '3.2', 'cadre', 'autonomes', 'accord', 'décembre', '2001', 'modifié', 'comme', 'suit'], ['cadre', 'éligibles', 'forfait', 'annuel', 'jours'], ['durée', 'référence', 'forfait', 'annuel', 'jours'], ['période', 'décompte', 'temp', 'travail', 'modalités', 'gestion', 'jrtt'], ['période', 'décompte', 'temp', 'travail', 'jrtt'], ['modalités', 'acquisition', 'jrtt'], ['modalités', 'prise', 'jrtt'], ['forfaits', 'jours', 'réduits'], ['réduction', 'nombre', 'jours', 'annuel', 'travail'], ['congés', 'payés', 'jrtt'], ['rémunération'], ['organisation', 'travail', 'charge', 'associée', 'respect', 'repos'], ['organisation', 'travail', 'cadre', 'forfait'], ['charge', 'travail', 'entretien', 'annuel', 'suivi', 'jours', 'travaillés'], ['suivi', 'jours', 'travaillés'], ['entretien', 'annuel'], ['droit', 'déconnexion'], ['généralités'], ['principe', 'utilisation', 'maitrisée', 'nouvelles', 'technology', 'information', 'communication'], ['modification', 'article', 'relatif', 'détermination', 'prise', 'jrtt', 'salariés', 'non-cadres'], ['article', 'modalités', 'détermination', 'prise', 'jours', 'repos', 'acquis', 'titre', 'réduction', 'temp', 'travail', 'accord', 'décembre', '2001', 'modifié', 'accord', 'novembre', '2008', 'relatif', 'journée', 'solidarité', 'modifié', 'comme', 'suit'], ['modalités', 'prise', 'journées', 'repos', 'acquises', 'titre', 'réduction', 'temp', 'travail'], ['modalités', 'suivi', 'application', 'avenant'], ['clause', 'rendez-vous'], ['entrée', 'vigueur', 'durée', 'avenant'], ['révision', 'dénonciation'], ['publicité', 'dépôt', 'accord']]"
T03623001463,"[[], ['accord', 'collectif', 'realatif', 'creation', 'societe', 'genie', 'civil', 'service'], ['champ', 'äpplication'], ['mesures', 'relative', 'công.es', 'paye'], ['periode', 'acquisition', 'prise', 'conge', 'paye'], ['mesures', 'relative', 'temp', 'travail'], [], ['accord', 'collectif', 'realatif', 'creation', 'societe', 'genie', 'civil', 'service'], ['fixation', 'contingent', 'annuel', 'heures', 'supplementaires'], ['majoration', 'heures', 'supplementaires', 'dela', 'contingent', 'legal'], ['duree/', 'aximale', 'quotidienne', 'temp', 'travail'], ['duree', 'maximale', 'tel\\ps', 'travail', 'hebdomadaire'], ['recours', 'heures', 'supplementaires', 'complementaires'], ['expérience', 'savoir-faire', 'salarié'], ['accord', 'collectif', 'realatif', 'creation', 'societe', 'genie', 'civil', 'service'], ['repos', 'minimum'], ['equilibre', 'vie', 'professionnelle', 'vie', 'persohnelle'], ['mesures', 'relative', 'orgahisatioh', 'temp', 'tràvail'], ['forfait', 'anhuel', 'jours'], ['recuperation', 'heures', 'supplementaires'], [], ['accord', 'collectif', 'realatif', 'creation', 'societe', 'genie', 'civil', 'service'], ['modalite', 'pose', 'journees', 'evenements', 'familiaux'], ['disposition', 'finale'], ['securisation'], ['duree', 'ehtree', 'vigueur', 'accord'], ['revision', 'denonciation'], ['publicite', 'depôt'], ['accord', 'collectif', 'realatif', 'creation', 'societe', 'genie', 'civil', 'service'], [], ['accord', 'collectif', 'realatif', 'creation', 'societe', 'genie', 'civil', 'service']]"
T03521007381,"[['protocole', 'accord', 'n.a.o', '2021'], ['rémunération', 'temp', 'travail', 'partage', 'valeur', 'ajoutée'], ['rémunération'], ['autres', 'éléments'], ['temp', 'travail'], ['partage', 'valeur', 'ajoutée'], ['accord', 'intéressement', 'renouvelé', 'identique', 'juillet', '2020'], ['qualité', 'vie', 'egalité', 'professionnelle'], ['egalité', 'professionnelle'], ['qualité', 'vie', 'travail']]"
T07018000179,"[['régimes', 'travail'], ['durée', 'travail'], ['aménagement', 'temp', 'travail'], ['compartiment', 'distribution'], ['compartiment', 'cabine/guichet'], ['compartiment', 'hors', 'distribution'], ['heures', 'supplémentaires'], ['définition'], ['rémunération'], ['embauche', 'rupture', 'contrat', 'travail', 'cours', 'période', 'référence'], ['agent', 'temp', 'partiel'], [], ['formation', 'adaptation', 'professionnelle'], ['accompagnement', 'social'], ['adaptation', 'nouvelle', 'organisation'], [], [], ['publicité']]"
T01019000581,"[['avenant', 'accord', 'amenagement', 'reduction', 'temp', 'travail'], ['societe', 'rti'], ['contingent', 'heures', 'supplementaires'], ['majoration', 'heures', 'supplmentaires'], ['duree', 'accord'], ['adhesion', 'application', 'accord'], ['artcle', 'revision', 'accord'], ['depot', 'legal']]"
T05120002305,"[['relatif', 'amenagement', 'temp', 'travail'], ['disposition', 'generales'], ['disposition', 'generales'], ['cadre', 'juridique'], ['définition', 'temp', 'travail', 'effectif'], ['différents', 'horaires', 'travail'], ['amenagement', 'temp', 'travail', 'periode', 'egale', 'annee'], ['principe'], ['modalités', 'organisation', 'temp', 'travail', 'année'], ['amplitude', 'horaire', 'travail', 'hebdomadaire', 'pourra', 'varier', 'fonction', 'besoins', 'entreprise'], ['durée', 'travail', 'planification', 'horaires', 'travail'], ['condition', 'délais', 'prévenance', 'changements', 'durée', 'horaires', 'collectifs', 'travail'], ['heures', 'supplémentaires'], ['lissage', 'rémunération'], ['traitement', 'entrées', 'sortie', 'cours', 'période', 'annuelle'], ['traitement', 'soldes', 'heures', 'fin', 'période', 'référence'], ['organisation', 'travail', 'temp', 'partiel', 'annee'], ['répartition', 'temp', 'travail'], ['heures', 'complémentaires'], ['délai', 'prévenance'], ['lissage', 'rémunération'], ['horaires', 'individualises'], ['compensation', 'travail', 'equipes'], ['définition'], ['compensation', 'travail', 'équipes'], ['pause', 'repas'], ['travail', 'nuit'], ['définitions'], ['durée', 'travail', 'nuit'], ['dérogation', 'durée', 'repos', 'quotidien'], ['compensation', 'travail', 'nuit'], ['pause', 'repas'], ['prime', 'nuit'], ['prime', 'panier'], ['autres', 'disposition', 'relative', 'travail', 'nuit'], ['travail', 'intermittent'], ['définition', 'travail', 'intermittent'], ['durée', 'annuelle', 'travail'], ['périodes', 'travaillées', 'non', 'travaillées'], ['rémunération'], ['heures', 'supplémentaires'], ['astreintes'], ['principe'], ['personnel', 'concerné'], ['fréquence', 'information'], ['indemnisation'], ['temp', 'repos'], ['temp', 'deplacements', 'voyage', 'mission']]"
T04422013727,"[['accord'], ['durée', 'aménagement'], ['temp', 'travail'], ['forfait', 'annuel', 'jours'], ['article', 'disposition', 'générales'], ['cadre', 'juridique'], ['article', 'définitions'], ['temp', 'travail', 'effectif', 'temp', 'pause', 'temp', 'repos'], ['durées', 'maximales', 'travail', 'hebdomadaire', 'amplitude'], ['article', 'salariés', 'éligibles', 'convention', 'individuelles', 'forfait', 'annuel', 'jours'], ['article', 'modalités', 'aménagement', 'temp', 'travail', 'collaborateurs', 'éligibles', 'dispositif', 'forfait', 'jours'], ['nombre', 'jours', 'travaillés', 'forfait', 'annuel', 'jours'], ['impact', 'absence', 'entrées', 'départs', 'cours', 'année'], ['impact', 'absence', 'entrées/', 'sortie', 'rémunération'], ['impact', 'absence', 'entrées/sorties', 'cours', 'année', 'nombre', 'jours', 'travaillés'], ['modalités', 'décompte', 'journées', 'travaillées'], ['prise', 'jours', 'repos', 'supplémentaires'], ['modalités', 'conclusion', 'convention', 'forfait', 'annuel', 'jours'], ['article', 'modalités', 'suivi', 'organisation', 'travail', 'amplitude', 'charge', 'travail'], ['entretien', 'semestriel', 'individuel'], ['amplitude', 'journées', 'travail'], ['entretien', 'demande', 'salarié', 'obligation', 'alerte'], ['article', 'droit', 'déconnexion'], ['implication', 'chacun'], ['article', 'rémunération'], ['article', 'suivi', 'médical'], ['duree', 'organisation', 'temp', 'travail', 'applicables', 'salary', 'offshore'], ['absence', 'cycle'], ['heures', 'supplémentaires'], ['contingent', 'annuel', 'heures', 'supplémentaires'], ['aménagement', 'temp', 'travail', 'base', 'jours', 'consécutifs', 'travaillés', 'jours', 'repos', 'off', 'shore'], ['fondement', 'légal', 'recours', 'code', 'transport', 'mode', 'dérogatoire'], ['champ', 'application', 'personnel', 'offshore'], ['contrôle', 'temp', 'travail', 'effectif', 'fatigue'], ['durée', 'quotidienne', 'durées', 'maximales', 'travail'], ['repos', 'quotidien', 'hebdomadaire'], ['occurrence', 'ensemble', 'personnel', 'travaillant', 'jours', 'consécutifs', 'bénéficie', 'jours', 'repos', 'compensateurs', 'consécutifs'], ['vertu', 'article', '5541-1-1', 'alinéa', 'article', 'l5544-4', 'alinéa', 'code', 'transport', 'tenir', 'compte', 'continuité', 'activités', 'exercées', 'mer', 'contraintes', 'portuaires', 'sauvegarde', 'installation', 'équipements', 'mer', 'répartition', 'durée', 'travail', 'effectuera', 'période', 'deux', 'semaines', 'travail', 'consécutif', 'suivies', 'deux', 'semaines', 'repos', 'consécutifs'], ['exemple'], ['exemple'], ['disposition', 'generales', 'finale'], ['information', 'salariés', 'délégués', 'syndicaux', 'salariés', 'mandatés', 'élus'], ['révision'], ['dénonciation']]"
T07521036615,"[['accord', 'collectif', 'entreprise', 'duree', 'amenagement'], ['temp', 'travail', 'sein', 'societe', 'meaningful'], ['objet', 'accord'], ['bénéficiaires'], ['heures', 'supplémentaires'], ['majoration', 'heures', 'supplémentaires'], ['principe'], ['modalités', 'dispositif', 'repos', 'compensateur', 'remplacement'], ['détermination', 'repos', 'compensateur', 'remplacement'], ['ouverture', 'droit', 'repos', 'compensateur', 'remplacement'], ['modalités', 'prise', 'repos', 'compensateur', 'remplacement'], ['modification', 'report', 'rcr'], ['sort', 'rcr', 'non', 'pris'], ['contingent', 'annuel'], ['revalorisation', 'contingent', 'annuel', 'heures', 'supplémentaires'], ['rappel', 'cadre', 'légal'], ['revalorisation', 'contingent', 'annuel', 'heures', 'supplémentaires'], ['calcul', 'durée', 'obligatoire', 'repos'], ['assimilation', 'partielle', 'temp', 'travail', 'effectif'], ['ouverture', 'droit', 'repos'], ['information', 'salarié'], ['prise', 'contrepartie', 'obligatoire', 'repos'], ['durées', 'maximales', 'travail'], ['définition'], ['horaires'], ['heures', 'complémentaires'], ['accomplissement', 'heures', 'complémentaires', 'salariés', 'temp', 'partiel', 'feront', 'conformément', 'disposition', 'légales', 'conventionnelles', 'vigueur'], ['disposition', 'applicables', 'cadre', 'autonomes', 'categorie', 'conventionnelle', 'forfait', 'annuel', 'jours'], ['bénéficiaires'], ['forfait', 'annuel', 'jours'], ['principe'], ['définition', 'salariés', 'concernés'], ['mise', 'place', 'forfait', 'annuel', 'jours'], ['nombre', 'jours', 'période', 'référence'], ['nombre', 'jours', 'congés', 'forfait'], ['existence', 'jours', 'congés', 'forfait'], ['prise', 'jours', 'congés', 'forfait'], ['rachat', 'jours', 'congés', 'forfait'], ['sort', 'jours', 'congés', 'forfait', 'non', 'pris'], ['condition', 'prise', 'compte', 'arrivées', 'départs', 'cours', 'année'], ['valeur', 'jours', 'travail'], ['condition', 'prise', 'compte', 'absence'], ['modalités', 'suivi'], ['contrôle', 'décompte', 'jours', 'travaillés/non', 'travaillés'], ['suivi', 'charge', 'travail'], ['disposition', 'applicables', 'ensemble', 'personnel'], ['bénéficiaires'], ['droit', 'déconnexion'], ['congés', 'payés'], ['conformément', 'disposition', 'article', 'convention', 'collective', 'syntec', 'article', 'l3141-20', 'code', 'travail', 'société', 'meaningful', 'permet', 'fractionnement', 'congés', 'ainsi', 'salariés', 'possibilité', 'poser', '3ème', '4ème', 'semaine', 'congés', 'période', 'hivernale'], ['condition', 'validité']]"
T07320002603,"[['accord', 'relatif', 'forfait', 'annuel', 'jours', 'contingent', 'heures', 'supplementaires'], ['durée', 'annuelle', 'travail'], ['organisation', 'jours', 'repos'], ['jours', 'repos'], ['modalités', 'prise', 'jours', 'repos'], ['renonciation', 'jours', 'repos'], ['traitement', 'absence', 'arrivées', 'départ', 'cours', 'période', 'référence'], ['arrivée', 'départ', 'cours', 'période', 'référence'], ['absence', 'cours', 'période', 'référence'], ['modalités', 'contrôle', 'temp', 'travail'], ['organisation', 'travail', 'charge', 'travail'], ['entretien', 'individuel'], ['droit', 'déconnexion'], ['principe', 'utilisation', 'outils', 'numériques', 'bonnes', 'pratiques'], ['limiter', 'utilisation', 'fonctions', 'répondre', 'tous', 'envoi', 'pièces', 'jointes', 'nombre', 'trop', 'important', 'mettre', 'copie', 'personnes', 'directement', 'concernées'], ['suivi', 'utilisation', 'outils', 'numériques'], ['information', 'société'], ['action', 'sensibilisation', 'formation'], ['afin', 'faciliter', 'appropriation', 'principe', 'utilisation', 'définis', 'présent', 'article', 'action', 'sensibilisation', 'formation', 'relative', 'utilisation', 'outils', 'numériques', 'auprès', 'personnel', 'concerné', 'pourront', 'être', 'mises', 'place'], ['contingent', 'heures', 'supplémentaires'], ['application', 'accord'], ['dénonciation']]"
T09323011739,"[['accord', 'entreprise', 'relatif', 'amenagement', 'temp', 'travail'], ['disposition', 'generales'], ['champ', 'application'], ['durée', 'accord'], ['publicité', 'accord'], ['temp', 'travail'], ['champ', 'application'], ['principe', 'generaux'], ['définitions', 'temp', 'travail', 'effectif', 'temp', 'pause', 'repos'], ['durées', 'maximales', 'travail', 'salariés', 'dont', 'temp', 'travail', 'décompté', 'heures'], ['organisation', 'amenagement', 'temp', 'travail'], ['période', 'référence'], ['durée', 'annuelle', 'travail'], ['modalités', 'modulation', 'périodes', 'hautes', 'périodes', 'bass'], ['heures', 'supplémentaires'], ['modalités', 'calcul', 'versement', 'heures', 'supplémentaires'], ['incidence', 'absence', 'heures', 'supplémentaires'], ['incidence', 'embauches', 'départs', 'cours', 'année'], ['modalités', 'décompte', 'temp', 'travail'], ['lissage', 'rémunération'], ['delai', 'prevenance', 'prime', 'disponibilite'], ['conge', 'paye'], ['droit', 'deconnexion'], ['forfait', 'annuel', 'jours'], ['salary', 'eligibles'], ['nombre', 'jours', 'compris', 'forfait', 'annuel', 'jours'], ['periode', 'reference'], ['forfait', 'annuel', 'jours', 'reduit'], ['remuneration'], ['condition', 'prise', 'compte', 'absence', 'remuneration'], ['incidence', 'absence', 'jours', 'repos'], ['valorisation', 'absence'], ['condition', 'prise', 'compte', 'entree', 'sortie', 'cours', 'periode', 'reference'], ['entrée', 'cours', 'période', 'référence'], ['sortie', 'cours', 'période', 'référence'], ['modalites', 'evaluation', 'suivi', 'regulier', 'charge', 'travail', 'salarie'], ['exercice', 'droit', 'deconnexion'], ['contrepartie', 'obligatoire', 'repos', 'disposition', 'legales'], ['article', 'charte', 'droits', 'fondamentaux', 'union', 'européenne', 'garantit', 'salarié', 'bénéficier', 'condition', 'travail', 'respectant', 'santé', 'sécurité', 'dignité'], ['disposition', 'generales'], ['champ', 'application'], ['durée', 'accord'], ['publicité', 'accord'], ['modulation', 'temp', 'travail'], ['temp', 'travail'], ['champ', 'application'], ['principe', 'generaux'], ['définitions', 'temp', 'travail', 'effectif', 'temp', 'pause', 'repos'], ['durées', 'maximales', 'travail', 'salariés', 'dont', 'temp', 'travail', 'décompté', 'heures'], ['organisation', 'amenagement', 'temp', 'travail'], ['période', 'référence'], ['durée', 'annuelle', 'travail'], ['modalités', 'modulation', 'périodes', 'hautes', 'périodes', 'bass'], ['heures', 'supplémentaires'], ['modalités', 'calcul', 'versement', 'heures', 'supplémentaires'], ['incidence', 'absence', 'heures', 'supplémentaires'], ['exemple'], ['incidence', 'embauches', 'départs', 'cours', 'année'], ['exemple'], ['exemple'], ['modalités', 'décompte', 'temp', 'travail'], ['lissage', 'rémunération'], ['delai', 'prevenance', 'prime', 'disponibilite'], ['conge', 'paye'], ['droit', 'deconnexion'], ['forfait', 'annuel', 'jours'], ['salary', 'eligibles'], ['nombre', 'jours', 'compris', 'forfait', 'annuel', 'jours'], ['periode', 'reference'], ['forfait', 'annuel', 'jours', 'reduit'], ['remuneration'], ['condition', 'prise', 'compte', 'absence', 'remuneration'], ['incidence', 'absence', 'jours', 'repos'], ['valorisation', 'absence'], ['condition', 'prise', 'compte', 'entree', 'sortie', 'cours', 'periode', 'reference'], ['entrée', 'cours', 'période', 'référence'], ['sortie', 'cours', 'période', 'référence'], ['modalites', 'evaluation', 'suivi', 'regulier', 'charge', 'travail', 'salarie'], ['exercice', 'droit', 'deconnexion'], ['contrepartie', 'obligatoire', 'repos', 'disposition', 'legales']]"
T07221003249,"[['accord', 'entreprise', 'aménagement', 'temp', 'travail'], ['temp', 'repos', 'durees', 'maximales', 'travail'], ['durées', 'maximales', 'travail'], ['repos', 'journalier', 'hebdomadaire'], ['amenagement', 'temp', 'travail', 'service', 'logistique'], ['modalités', 'aménagement', 'temp', 'travail'], ['période', 'référence'], ['organisation', 'travail', 'équipes', 'chevauchantes'], ['durée', 'travail', 'hebdomadaire', 'habituelle'], ['aménagement', 'annuel', 'temp', 'travail'], ['absence', 'salarié'], ['mode', 'suivi', 'temp', 'travail'], ['disposition', 'diverses'], ['avenant', 'contrat', 'travail'], ['modalités', 'conclusion', 'avenant', 'accord', 'entreprise'], ['dépôt', 'avenant']]"
T00620004499,"[['accord', 'entreprise', 'relatif'], ['temp', 'travail'], ['champ', 'application'], ['duree', 'accord'], ['duree', 'moyenne', 'maximale', 'travail', 'heures', 'supplementaires'], ['durée', 'moyenne', 'maximale', 'travail'], ['définition', 'heures', 'supplémentaires'], ['majoration', 'heures', 'supplémentaires'], ['repos', 'compensateur', 'équivalent'], ['contingent', 'annuel', 'heures', 'supplementaires'], ['fixation', 'contingent', 'annuel', 'heures', 'supplémentaires'], ['heures', 'supplémentaires', 'au-delà', 'contingent', 'annuel'], ['entree', 'vigueur', 'accord'], ['depot', 'information', 'salary'], ['transmission', 'accord', 'entreprise'], ['interpretation'], ['revoyure'], ['revision'], ['denonciation'], ['proces-verbal', 'referendum']]"
T01421005100,"[['avenant', 'n°1', 'accord', 'entreprise', 'date', 'novembre', '2019'], ['mise', 'place', 'politique', 'remuneration', 'recompensant', 'implication', 'conducteurs', 'amelioration', 'qualite', 'prestation', 'transport', 'conjuguee', 'respect', 'renforce', 'reglementation', 'securite'], ['accord', 'entre', 'vigueur', '1er', 'janvier', '2021']]"
T00521000923,"[['accord', 'entreprise'], ['activité', 'association', 'initiative', 'alpes', 'provence', 'connaît', 'fluctuation', 'dont', 'résulte', 'alternance', 'périodes', 'haute', 'basse', 'activité', 'outre', 'nécessité', 'adapter', 'décompte', 'temp', 'travail', 'certains', 'salariés', 'effet', 'mission', 'spécifiques', 'certains', 'salariés', 'association', 'nécessitent', 'mise', 'place', 'organisation', 'travail', 'particulière'], ['définition', 'temp', 'travail', 'effectif'], ['temp', 'pause'], ['temp', 'déplacement', 'indemnisation', 'déplacements'], ['temp', 'déplacement'], ['indemnisation', 'déplacements'], ['durée', 'travail'], ['mensualisation', 'salariés', 'non', 'concernés', 'organisation', 'pluri-hebdomadaire', 'temp', 'travail', 'forfait', 'heures', 'jours'], ['activité', 'association', 'initiative', 'alpes', 'provence', 'connaît', 'fluctuation', 'volume', 'activités', 'marquant', 'alternance', 'périodes', 'haute', 'basse', 'activité'], ['principe', 'variation', 'horaires', 'durée', 'travail'], ['période', 'référence', 'répartition', 'temp', 'travail'], ['programmation', 'prévisionnelle'], ['modification', 'horaire', 'durée', 'travail'], ['durée', 'maximale', 'travail', 'temp', 'repos'], ['définition', 'semaine', 'travail'], ['heures', 'supplémentaires', 'salariés', 'temp', 'plein'], ['définition', 'heures', 'supplémentaires'], ['effet', 'absence', 'décompte', 'heures', 'supplémentaires'], ['contingent', 'annuel', 'heures', 'supplémentaires'], ['rémunération', 'heures', 'supplémentaires'], ['contrepartie', 'obligatoire', 'repos'], ['prise', 'contrepartie', 'obligatoire', 'repos'], ['information', 'salariés', 'contrepartie', 'obligatoire', 'repos'], ['heures', 'complémentaires', 'salariés', 'temp', 'partiel'], ['volume', 'heures', 'complémentaires'], ['définition', 'heures', 'complémentaires'], ['effet', 'absence', 'décompte', 'heures', 'complémentaires'], ['garanties', 'accordées', 'salariés', 'temp', 'partiel'], ['information', 'salarié', 'nombre', 'heures', 'réalisées', 'lors', 'période', 'référence'], ['lissage', 'rémunération'], ['prise', 'compte', 'absence'], ['embauche', 'rupture', 'contrat', 'cours', 'période'], ['salariés', 'soumis', 'forfait', 'annuel', 'jours'], ['accord', 'salarié'], ['nombre', 'journées', 'travail'], ['période', 'annuelle', 'référence'], ['fixation', 'forfait'], ['forfait', 'réduit'], ['acquisition', 'jours', 'repos'], ['utilisation', 'jours', 'repos'], ['renonciation', 'jours', 'repos'], ['modalités', 'décompte', 'jours', 'travaillées'], ['décompte', 'journées', 'demi-journées', 'travail'], ['système', 'auto-déclaratif'], ['contenu', 'auto-déclaration'], ['auto-déclaration', 'salarié', 'comporte'], ['contrôle', 'responsable', 'hiérarchique']]"
T04423060056,"[['champ', 'application', 'objet'], ['objet', 'accord'], ['temp', 'travail', 'effectif', 'modalités', 'contrôle', 'durée', 'travail'], ['définition', 'temp', 'travail', 'effectif'], ['modalités', 'contrôle', 'durée', 'travail'], ['entreprise', 'définit', 'met', 'place', 'outils', 'permettant', 'contrôle', 'durée', 'travail', 'salariés'], ['durées', 'maximales', 'travail'], ['temp', 'pause'], ['pause', 'réglementaire', 'droit', 'travail'], ['pause', 'relative', 'rse', 'personnel', 'chauffeur', 'manutentionnaires'], ['temp', 'habillage', 'déshabillage', 'temp', 'consacré', 'douche'], ['définition', 'temp', 'habillage', 'déshabillage', 'douche'], ['rémunération', 'temp', 'douche'], ['emplois', 'affectés', 'activités', 'nia', 'nettoyage', 'industriel', 'assainissement'], ['prime', 'habillage-déshabillage'], ['temp', 'déplacement'], ['trajet', 'domicile-lieu', 'habituel', 'travail'], ['principe'], ['contrepartie', 'financière'], ['principe'], ['exemple'], ['ca', 'particulier', 'salariés', 'home', 'office'], ['ca', 'salariés', 'forfait', 'annuel', 'jour'], ['trajet', 'entre', 'deux', 'lieux', 'travail'], ['astreintes'], ['cadre', 'juridique', 'définition', 'astreinte', 'sein', 'société', 'aretzia', 'groupe', 'chimirec'], ['personnel', 'concerné'], ['organisation', 'astreintes'], ['planification', 'astreintes', 'information', 'salariés'], ['moyens'], ['indemnisation', 'temp', 'intervention'], ['indemnisation', 'temp', 'intervention', 'téléphonique'], ['journée', 'travail', 'habituelle'], ['samedi', 'dimanche', 'jours', 'fériés'], ['indemnisation', 'frais', 'engagés'], ['annualisation', 'temp', 'travail'], ['période', 'annuelle', 'référence'], ['durées', 'annuelles', 'travail'], ['personnel', 'affecté', 'exploitation', 'laboratoire', 'maintenance', 'qse'], ['personnel', 'affecté', 'emplois', 'chauffeur', 'manutentionnaires', 'activités', 'nia', 'nettoyage', 'industriel', 'assainissement'], ['mode', 'organisation', 'répartition', 'durée', 'travail'], ['répartition', 'horaires', 'travail'], ['travail', 'non', 'posté'], ['travail', 'équipes', 'relais', 'posté'], ['travail', 'posté'], ['planning', 'travail'], ['compensation', 'cours', 'période', 'référence', 'heures', 'effectuées', 'semaine', 'au-delà', 'moyenne', 'hebdomadaire', 'prévue'], ['exemple']]"
T01320008317,"[['accord', 'entreprise', 'relatif', 'contingent', 'heures', 'supplémentaires', 'taux', 'majoration'], ['objet'], ['contingent', 'heures', 'supplémentaires'], ['taux', 'majoration', 'heures', 'supplémentaires'], ['exemple', 'heures', 'sup', 'réalisées'], ['frais', 'kilométriques'], ['durée'], ['suivi']]"
T01420002837,"[['procès-verbal', 'accord', 'négociation', 'annuelle', 'obligatoire'], [], ['champ', 'application', 'accord'], ['objet', 'accord'], ['prime', 'bateau'], ['augmentation', 'salaire'], ['prime', 'samedi'], ['disposition', 'particulières', 'applicables', 'sédentaires'], ['ticket', 'restaurant'], ['disposition', 'particulières', 'applicable', 'service', 'atelier'], ['disposition', 'particulières', 'applicables', 'ensemble', 'personnel'], ['egalité', 'hommes', 'femmes'], ['emploi', 'travailleurs', 'handicapés'], ['dénonciation']]"
T01022001918,"[['accord', 'collectif', 'relatif', 'mise', 'place', 'organisation', 'pluri-hebdomadaires', 'chaource/ervy', 'troyes', 'glpa', 'ppdc'], ['durée', 'travail'], ['aménagement', 'temp', 'travail'], ['heures', 'supplémentaires'], ['définition'], ['rémunération'], ['embauche', 'rupture', 'contrat', 'travail', 'cours', 'période', 'référence'], ['salariés', 'temp', 'partiel'], ['durée', 'accord', 'révision', 'dénonciation'], ['commission', 'suivi', 'clause', 'rendez-vous'], ['publicité']]"
T02620002453,"[['disposition', 'generales'], ['champ', 'application'], ['duree', 'portee'], ['denonciation'], ['revision'], ['conformément', 'article', '2261-7-1', 'code', 'travail'], ['embauche', 'contrat', 'travail'], ['accueil', 'nouveaux', 'embauches'], ['engagement'], ['classification'], ['periode', 'essai'], ['mobilite', 'geographique'], ['mesures', 'accompagnement', 'complémentaires', 'également', 'proposées', 'ca', 'ca'], ['preavis', 'ca', 'rupture', 'contrat'], ['obligation', 'professionnelles'], ['dedit-formation'], ['definition', 'anciennete'], ['promotion'], ['retrait', 'provisoire', 'definitive', 'permis', 'conduire'], ['indemnite', 'licenciement'], ['frais', 'professionnels'], ['frais', 'repas'], ['materiel'], ['maladie', 'accident', 'travail'], ['duree', 'travail'], ['definition'], ['temp', 'travail', 'effectif'], ['convention', 'générales', 'calcul', 'durée', 'travail'], ['repos', 'hebdomadaire', 'jours', 'fériés', 'légaux'], ['modalite', 'amenagement', 'temp', 'travail', 'salary', 'temp', 'partiel'], ['conge', 'paye', 'conge', 'exceptionnels', 'repos', 'conpensateurs', 'jours', 'reduction', 'temp', 'travail', 'jours', 'non', 'travailles'], ['congés', 'payés'], ['prise', 'jours', 'jnt'], ['ca', 'force', 'majeure'], ['échappant', 'contrôle', 'personnes', 'concernées'], ['organisation', 'temp', 'travail', 'salary', 'techniciens', 'agent', 'maitrise', 'decompte', 'forfait', 'horaire', 'annualise'], ['répartition', 'durée', 'annuelle'], ['lorsque', 'accord', 'applique', 'salariés', 'temp', 'partiel', 'prévoit', 'modalités', 'communication', 'modification', 'répartition', 'durée', 'horaires', 'travail'], ['communication', 'organisation', 'horaires', 'travail'], ['compte', 'individuel', 'heures'], ['lissage', 'rémunération', 'condition', 'prise', 'compte', 'absence', 'arrivées', 'et/ou', 'départs', 'cours', 'période'], ['heures', 'supplémentaires']]"
T07518003924,"[['accord', 'relatif'], ['temp', 'travail'], ['objet', 'accord'], ['durées', 'horaires', 'travail'], ['durée', 'minimale', 'maximale', 'travail'], ['temp', 'pause', 'personnel'], ['absence', 'congés'], ['suivi', 'temp', 'travail'], ['modalités', 'report', 'heures'], ['modalités', 'compensation'], ['formation'], ['mutation', 'départ'], ['temp', 'réunion'], ['réunion', 'structure'], ['autres', 'réunions', 'interne'], ['forfait', 'jours', 'salariés', 'classification', '3b+'], ['dépassements', 'organisation', 'particulières', 'temp', 'travail'], ['campagnes'], ['heures', 'supplémentaires'], ['compensation'], ['heures', 'complémentaires'], ['compensation'], ['travail', 'nuit', 'occasionnel'], ['compensation'], ['travail', 'occasionnel', 'dimanches', 'jours', 'fériés'], ['intervention', 'site', 'astreinte'], ['article', '5.2', 'accord', 'régime', 'astreintes', 'janvier', '2001', 'modifié', 'ainsi'], ['compensation'], ['rôle/', 'accompagnement', 'acteurs', 'autres', 'évolutions'], ['rôles', 'responsabilités', 'acteurs'], ['formation', 'information', 'acteurs'], ['progrès', 'organisation', 'travail'], ['instauration', 'horaire', 'variable', 'individuel', 'cnes', 'introduit', 'règles', 'fonctionnement', 'nouvelles', 'elles', 'rendent', 'nécessaire', 'amélioration', 'organisation', 'individuelle', 'collective', 'travail', 'afin', 'préserver', 'fois', 'qualité', 'collectifs', 'travail', 'également', 'équilibre', 'vie', 'professionnelle', 'vie', 'privée', 'salariés'], ['exercice', 'mission', 'représentants', 'personnel'], ['salariés', 'senior', 'salariés', 'temps-partiel', 'horaire', 'fixe', 'individuel', 'apprentis', 'doctorants', 'post-doctorants', 'travaillant', 'centre', 'métropole', 'stagiaires'], ['travail', 'gris'], ['dispositifs', 'prévention', 'traitement', 'dépassements', 'temp', 'travail', 'suivi', 'accord'], ['information', 'annuelle', 'instance'], ['information', 'trimestrielle', 'instance'], ['consultation', 'dépassement', 'heures', 'hebdomadaires'], ['bilan', 'mise', 'œuvre', 'accord'], ['disposition', 'administratives', 'juridiques'], ['révision', 'dénonciation']]"
T08021002708,"[['accord', 'entreprise', 'amenagement', 'temp', 'travail', 'societe', 'vinci', 'facility', 'picardie'], ['temp', 'travail', 'effectif'], ['durée', 'travail'], ['heures', 'supplémentaires'], ['temp', 'pause', 'temp', 'repos'], ['horaire', 'hebdomadaire', 'référence'], ['jours', 'réduction', 'temp', 'travail', 'jrtt'], ['principe', 'annualisation', 'temp', 'travail', 'modulation'], ['fonctionnement', 'dispositif', 'modulation', 'temp', 'travail'], ['modalités', 'organisation', 'temp', 'travail'], ['communication', 'modification', 'programmation', 'annuelle'], ['jours', 'réduction', 'temp', 'travail', 'jrtt'], ['traitement', 'heures', 'cours', 'modulation'], ['heures', 'effectuées', 'dessous', 'horaire', 'hebdomadaire', 'référence'], ['heures', 'effectuées', 'au-delà', 'horaire', 'hebdomadaire', 'référence', 'limite', 'plafond', 'hebdomadaire', 'retenu', 'heures'], ['heures', 'effectuées', 'au-delà', 'limite', 'plafond', 'hebdomadaire', 'retenu', 'heures'], ['rémunération', 'absence', 'arrivées', 'départ', 'cours', 'période'], ['temp', 'partiel', 'aménagé', 'toute', 'partie', 'année'], ['formalisation', 'forfait', 'convention', 'individuelle', 'forfait', 'jours'], ['durée', 'annuelle', 'travail'], ['repos', 'organisation', 'temp', 'travail'], ['contrôle', 'nombre', 'jours', 'travaillés'], ['nombre', 'jours', 'rtt', 'modalités', 'prise', 'jours'], ['modalités', 'rémunération'], ['modalites', 'specifiques', 'organisation', 'temp', 'travail'], ['travail', 'nuit'], ['travail', 'nuit', 'habituel'], ['travail', 'nuit', 'programmé'], ['travail', 'nuit', 'posté'], ['travail', 'dimanche'], ['travail', 'jours', 'fériés'], ['travail', 'équipes'], ['travail', 'équipes', 'successives', 'travail', 'posté'], ['equipes', 'suppléance', 'fin', 'semaine'], ['activite', 'partielle'], ['définition'], ['condition', 'exécution'], ['indemnisation', 'astreinte'], ['temp', 'intervention'], ['temp', 'astreinte', 'temp', 'repos', 'obligatoire'], ['suivi', 'astreintes'], ['disposition', 'finale'], ['clause', 'résolutoire'], ['publicité'], ['dépôt']]"
T07620004453,"[['accord', 'entreprise'], ['relatif', 'organisation', 'duree', 'travail'], ['champ', 'application'], ['organisation', 'temp', 'travail'], ['modalités', 'organisation', 'travail', 'entreprise'], ['temp', 'déplacements', 'rendre', 'chantiers'], ['temp', 'pause'], ['gestion', 'temp', 'travail'], ['modalités', 'organisation', 'temp', 'travail'], ['heures', 'supplémentaires'], ['modalités', 'enregistrement', 'temp', 'travail'], ['jours', 'fractionnement'], ['disposition', 'finale'], ['modalités', 'conclusion', 'présent', 'accord'], ['dépôt', 'publicité', 'accord'], ['proces', 'verbal', 'consultation']]"
T01022001917,"[['accord', 'collectif', 'relatif', 'mise', 'place', 'organisation', 'pluri-hebdomadaires', 'bar', 'seine', 'troyes', 'glpa', 'ppdc'], ['durée', 'travail'], ['aménagement', 'temp', 'travail'], ['heures', 'supplémentaires'], ['définition'], ['rémunération'], ['embauche', 'rupture', 'contrat', 'travail', 'cours', 'période', 'référence'], ['salariés', 'temp', 'partiel'], ['durée', 'accord', 'révision', 'dénonciation'], ['commission', 'suivi', 'clause', 'rendez-vous'], ['publicité']]"
T04923010419,"[['accord', 'relatif', 'amenagement', 'temp', 'travail'], ['repartition', 'duree', 'travail'], ['accord', 'organise', 'donc', 'condition', 'cette', 'gestion'], [], ['disposition', 'liminaires'], ['objet'], ['champ', 'application'], [], ['duree', 'contractuelle', 'temp', 'travail', 'effectif'], ['durees', 'maximales', 'travail'], ['repos', 'quotidien'], ['repos', 'hebdomadaire'], ['conformément', 'article', '3132-2', 'code', 'travail', 'repos', 'hebdomadaire', 'durée', 'minimale'], ['controle', 'suivi', 'duree', 'travail', 'heures'], ['heures', 'supplementaires'], ['décompte', 'heures', 'supplémentaires'], ['contingent', 'heures', 'supplémentaires'], ['rémunération', 'heures', 'supplémentaires'], [], ['modalites', 'amenagement', 'temp', 'travail', 'repartition'], ['personnel', 'assujetti'], ['periode', 'reference'], ['repartition', 'duree', 'travail', 'annee'], ['amplitude', 'variation'], ['horaires', 'hebdomadaires'], ['condition', 'delais', 'prevenance', 'changements', 'duree', 'horaire', 'travail'], ['traitement', 'heures', 'travail', 'decompte', 'heures', 'supplementaires'], ['condition', 'prise', 'compte', 'absence'], ['embauche', 'rupture', 'contrat'], ['lissage', 'remuneration'], ['activite', 'partielle'], [], ['definition', 'travail', 'nuit'], ['definition', 'travailleur', 'nuit'], ['durees', 'quotidiennes', 'travail', 'nuit'], ['salarié', 'travaillant', 'occasionnellement', 'nuit'], ['travailleur', 'nuit'], ['majoration', 'travailleur', 'nuit'], [], ['definition', 'travail', 'samedi'], ['24h', 'samedi'], ['contreparties', 'travail', 'samedi'], [], ['disposition', 'finale'], ['duree', 'accord'], ['entree', 'vigueur'], ['modalites', 'suivi'], ['communication']]"
A09218030852,"[['contingent', 'heures', 'supplementaires', 'journees', 'nuits', 'supplementaires'], ['champ', 'application'], ['forfaits'], ['duree', 'accord'], ['suivi', 'accord'], ['revision'], ['formalites', 'depot', 'publication', 'notification']]"
T01519000218,"[['accord', 'entreprise', 'relatif', 'contingent'], ['heures', 'supplémentaires'], ['durée'], ['révision'], ['interprétation'], ['suivi'], ['contingent', 'heures', 'supplémentaires'], ['réalisation', 'heures', 'supplémentaires'], ['fixation', 'contingent', 'conventionnel', 'entreprise'], ['consultation', 'cse'], ['publicité', 'dépôt']]"
T01423060027,"[['accord', 'methode', 'relatif', 'negociations', 'cadre', 'projet', 'reorganisation', 'plan', 'sauvegarde', 'emploi'], ['société', 'keolis', 'bus', 'verts'], ['moyens', 'mi', 'œuvre'], ['obligation', 'réciproques', 'party'], ['révision']]"
T08523007990,"[['article', 'accord', 'collectif', 'entreprise', 'relatif', 'temp', 'travail', 'date', 'décembre', '2018', 'entrée', 'vigueur', '1er', 'janvier', '2019', 'ailleurs', 'supprimé', 'profit', 'régime', 'légal', 'régime', 'conventionnel', 'gestion', 'congés', 'payés'], ['date', 'entrée', 'vigueur', 'présent', 'avenant'], ['champ', 'application', 'territorial', 'professionnel'], ['objet', 'présent', 'avenant', 'révision'], ['article', 'intitulé', 'aménagement', 'temp', 'travail', 'ainsi', 'modifié'], ['durée', 'travail', 'période', 'référence'], ['volume', 'horaire'], ['modalités', 'programmation', 'indicative'], ['horaire', 'prévu', 'semaine', 'donnée', 'planning', 'prévisionnel', 'peut', 'être', 'adapté', 'nécessités', 'fonctionnement', 'société'], ['heures', 'positive'], ['temp', 'complet', 'heures', 'supplémentaires'], ['temp', 'partiel', 'heures', 'complémentaires'], ['incidence', 'absence'], ['exemple'], ['incidence', 'rémunération'], ['incidence', 'arrivées', 'départs', 'cours', 'année'], ['lissage', 'rémunération'], ['suivi', 'contrôle', 'durée', 'travail'], ['gestion', 'congés', 'payés'], ['article', 'accord', 'collectif', 'entreprise', 'relatif', 'temp', 'travail', 'date', 'décembre', '2018', 'entré', 'vigueur', '1er', 'janvier', '2019', 'ailleurs', 'supprimé', 'profit', 'régime', 'légal', 'régime', 'conventionnel', 'gestion', 'congés', 'payés'], ['durée', 'agrément', 'révision', 'accord'], ['dépôt', 'publicité', 'accord']]"
T05721004261,"[['heures', 'supplémentaires'], ['contingent', 'annuel', 'heures', 'supplémentaires'], ['/communication', 'comité', 'social', 'economique']]"
A09218030362,"[['accord', 'portant', 'transposition', 'vers', 'statut', 'collectif'], ['gan', 'assurance', 'salary', 'issus', 'groupama', 'transferes', 'compter', '1er', 'janvier', '2018'], ['disposition', 'générales'], ['durée', 'révision'], ['formalités', 'dépôt', 'publicité'], ['disposition', 'générales'], ['objet', 'accord'], ['ancienneté'], ['modalités', 'transposition', 'système', 'protection', 'sociale'], ['protection', 'sociale', 'base'], ['retraite', 'complémentaire', 'supplémentaire'], ['prévoyance', 'complémentaire'], ['congé', 'maladie'], ['modalités', 'transposition', 'système', 'classification', 'rémunération'], ['classification'], ['structure', 'rémunération'], ['prime', 'expérience'], ['modalités', 'transposition', 'matière', 'temp', 'travail', 'absence', 'congés'], ['aménagement', 'temp', 'travail'], ['compensation', 'temp', 'sou', 'forme', 'jours', 'repos', 'personnel', 'supplémentaires'], ['compensation', 'argent', 'sou', 'forme', 'augmentation', 'rémunération'], ['travail', 'temp', 'partiel'], ['télétravail'], ['compte', 'épargne', 'temp'], ['congés', 'payés'], ['congés', 'exceptionnels', 'événements', 'familiaux'], ['congé', 'demi', 'traitement', 'issue', 'congé', 'maternité'], ['compte', 'personnel', 'formation', 'cpf'], ['modalités', 'transposition', 'diverses'], ['tarifs', 'préférentiels', 'assurance'], ['prêts', 'personnel'], ['disposition', 'générales'], ['durée', 'révision']]"
T03819004054,"[['accord', 'entreprise'], ['relatif', 'contingent', 'heures', 'supplémentaires'], ['contingent', 'heures', 'supplémentaires'], ['majorations', 'applicables', 'heures', 'supplémentaires'], ['formalités']]"
T09222036251,"[['revision', 'accord'], ['notification', 'depot', 'publicite'], ['champ', 'application'], ['principe', 'generaux'], ['conge', 'paye'], ['conge', 'evenement', 'familial'], ['journee', 'solidarite'], ['duree', 'temp', 'travail', 'personnel', 'non-cadre', 'cadre', 'non', 'autonome'], ['duree', 'hebdomadaire', 'travail'], ['prise', 'compte', 'entrees/sorties', 'absence'], ['impacte', 'entrees/', 'sortie', 'absence', 'remuneration'], ['durees', 'maximales', 'travail'], ['heures', 'supplementaires'], ['decompte', 'heures', 'supplementaires'], ['majoration', 'heures', 'supplementaires'], ['convention', 'forfait', 'jours', 'cadre', 'autonome'], ['salary', 'vise'], ['duree', 'forfait'], ['forfait', 'jours', 'reduit'], ['jours', 'repos', 'jrtt'], ['prise', 'compte', 'absence'], ['impact', 'entre/sortie', 'absence', 'remuneration'], ['regime', 'juridique'], ['garanties'], ['modalites', 'decompte', 'journees', 'travaillees'], ['entretien', 'annuel', 'specifique'], ['élimination', 'nouvelle', 'priorisation', 'certaines', 'activités'], ['adaptation', 'objectifs', 'annuels'], ['droit', 'deconnexion'], ['compte', 'epargne', 'temp', 'cet'], ['beneficiaires'], ['plafonnement', 'alimentation', 'cet'], ['transfert', 'cet', 'vers', 'perco'], ['utilisation', 'cet'], ['utilisation', 'jour'], ['utilisation', 'numeraire'], ['specificites', 'relative', 'salary', 'temp', 'partiel'], ['rupture', 'contrat'], ['regime', 'fiscal'], ['disposition', 'finale'], ['cessation', 'accord', 'usage', 'existants', 'meme', 'objet'], ['duree', 'entree', 'vigueur', 'accord'], ['notification', 'depot', 'publicite']]"
T05621004110,"[['accord', 'amenagement', 'gestion', 'temp', 'travail', 'sa', 'port', 'commerce', 'lorient', 'bretagne', 'sud'], ['régime', 'juridique'], ['régime', 'juridique'], ['service', 'administratifs'], ['evènements', 'exceptionnels-déplacements'], ['récupération', 'heures', 'effectuées'], ['service', 'exploitation', 'maintenance'], ['cadre', 'forfaits', 'jours'], ['calcul', 'convention', 'annuelle', 'jours'], ['rémunération'], ['traitement', 'absence', 'cours', 'période'], ['incidence', 'absence', 'cours', 'année'], ['modalités', 'décompte', 'suivi', 'jours', 'travaillés'], ['respect', 'réglementation', 'durée', 'travail'], ['entretien', 'annuel'], ['non', 'réalisation', 'nombre', 'jours', 'travail', 'prévu', 'forfait', 'jour'], ['droit', 'déconnexion'], ['amenagement', 'temp', 'travail'], ['gestion', 'heures', 'supplémentaires'], ['gestion', 'repos', 'compensateurs'], ['gestion', 'temp', 'partiels'], ['temp', 'partiel', 'ca', 'général'], ['heures', 'complémentaires'], ['harmonisation', 'horaires', 'docker'], ['gestion', 'pause'], ['travail', 'nuit'], ['travail', 'samedi'], ['travail', 'dimanche', 'jour', 'férié'], ['temp', 'habillage', 'déshabillage'], ['compte', 'epargne', 'temp'], ['bénéficiaires', 'modalités', 'ouverture', 'alimentation', 'compte', 'epargne', 'temp'], ['alimentation', 'cet', 'initiative', 'salarié'], ['alimentation', 'cet', 'numéraire'], ['eléments', 'salaire'], ['utilisation', 'individuelle', 'droits', 'capitalisés', 'initiative', 'salarié'], ['modalités', 'utilisation', 'droits', 'épargnés', 'jours'], ['prises', 'congés'], ['rachat', 'droits', 'capitalisés'], ['etat', 'surendettement', 'constaté', 'judiciairement'], ['clôture', 'compte', 'salarié'], ['conséquences', 'rupture', 'contrat', 'travail'], ['conséquences', 'décès', 'salarié'], ['information', 'individuelle', 'personnel'], ['ordre', 'prise', 'congés', 'payés'], ['calcul', 'règle', 'ème', 'régularisation'], ['planification', 'congés'], ['congés', 'ancienneté'], ['congés', 'fractionnement'], ['revision', 'denonciation']]"
T04122001891,"[['accord', 'entreprise', 'relatif', 'amenagement', 'temp', 'travail'], ['disposition', 'generales'], ['cadre', 'juridique'], ['duree', 'date', 'effet'], ['disposition', 'finale'], ['révision'], ['dénonciation'], ['clause', 'suivi', 'clause', 'rendez-vous'], ['publicité', 'accord'], ['champ', 'application'], ['definition', 'notion', 'heure', 'supplementaire'], ['taux', 'majoration', 'heures', 'supplementaires'], ['definition', 'contingent', 'annuel', 'heures', 'supplementaires'], ['contrepartie', 'obligatoire', 'sou', 'forme', 'repos', 'heures', 'accomplies', 'dela', 'contingent', 'annuel', 'heures', 'supplementaires'], ['durée', 'caractéristique', 'contrepartie'], ['condition', 'prise', 'contrepartie'], ['absence', 'demande', 'prise', 'contrepartie', 'obligatoire', 'repos', 'salarié', 'peut', 'entraîner', 'perte', 'droit'], ['modalités', 'demande', 'contrepartie'], ['suivi', 'mensuel', 'droits', 'contrepartie', 'obligatoire', 'repos'], ['modalités', 'caractéristiques', 'forfait', 'jours'], ['période', 'annuelle'], ['principe', 'nouvelle', 'organisation', 'cadre', 'forfait', 'annuel', 'jours'], ['jours', 'repos', 'supplémentaire'], ['incidence', 'absence', 'arrivée', 'départ', 'cours', 'période', 'rémunération'], ['modalités', 'rémunération'], ['garanties', 'relative', 'forfait', 'jours'], ['respect', 'règles', 'relative', 'repos'], ['evaluation', 'suivi', 'régulier', 'jours', 'travaillés', 'charge', 'travail', 'salarié'], ['entretien', 'suivi'], ['droit', 'déconnexion'], ['organisation', 'duree', 'travail'], ['definition'], ['cadre', 'dirigeants'], ['cadre', 'autonomes', 'personnel', 'autonome'], ['cadre', 'intégrés'], ['duree', 'amenagement', 'temp', 'travail'], ['durée', 'hebdomadaire', 'durée', 'travail', 'supérieure', 'semaine'], ['durée', 'hebdomadaire'], ['repos', 'compensateur', 'remplacement']]"
T03123060866,"[['accord', 'collectif', 'entreprise'], ['principe'], ['cadre', 'législatif'], ['article', '2232-23-1', 'suivants', 'code', 'travail', 'conclusion', 'accord', 'membres', 'cse'], ['cadre', 'conventionnel'], ['portée', 'juridique', 'accord'], ['champ', 'application', 'salariés', 'bénéficiaires'], ['champ', 'application', 'accord', 'entreprise'], ['catégories', 'salariés', 'bénéficiaires'], ['durée', 'temp', 'travail'], ['rappel', 'définition', 'temp', 'travail', 'effectif'], ['rappel', 'limites', 'maximales', 'temp', 'travail', 'effectif'], ['rappel', 'droits', 'repos'], ['réduction', 'aménagement', 'temp', 'travail'], ['principe', 'généraux'], ['organisation', 'référence', 'rotation', 'horaire', 'pluri-hebdomadaire', 'article'], ['organisation', 'organisation', 'horaire', 'hebdomadaire'], ['organisation', 'organisation', 'horaire', 'pluri-hebdomadaire', 'rotation'], ['rémunération'], ['régime', 'absence'], ['entrée', 'sortie', 'salarié', 'cours', 'période', 'référence'], ['heures', 'supplémentaires', 'suivi', 'temp', 'travail', 'effectif'], ['principe', 'général'], ['définition', 'majoration', 'heures', 'supplémentaires'], ['majoration', 'heures', 'supplémentaires'], ['contingent', 'annuel', 'heures', 'supplémentaires'], ['suivi', 'temp', 'travail', 'effectif'], ['disposition', 'matière', 'congés', 'payés'], ['nombre', 'jours', 'congés', 'payés', 'légaux'], ['congés', 'fractionnement'], ['période', 'référence', 'congés', 'payés', 'légaux'], ['période', 'modalités', 'prise', 'congés', 'payés', 'légaux'], ['indemnité', 'rupture', 'conventionnelle', 'homologuée', 'autorisée'], ['indemnité', 'rupture', 'conventionnelle', 'homologuée', 'rupture', 'conventionnelle', 'autorisée'], ['clause', 'administratives', 'juridiques'], ['composition', 'commission', 'paritaire', 'suivi'], ['condition', 'validité']]"
T09123010060,"[['accord', 'entreprise'], ['accord', 'collectif', 'contingent', 'heures', 'supplementaires'], ['chez', 'sasu', 'printeos', 'cevennes'], ['disposition', 'générales'], ['cadre', 'juridique', 'accord'], ['heures', 'supplémentaires', 'augmentation', 'contingent', 'annuel'], ['iii', 'entrée', 'vigueur', 'durée', 'publicité', 'information', 'personnel', 'révision', 'dénonciation', 'accord'], ['publicité', 'accord'], ['disposition', 'générales'], ['cadre', 'juridique', 'accord'], ['article', 'l.2253-3', 'code', 'travail', 'consacrant', 'primauté', 'accord', 'collectif', 'entreprise', 'accord', 'branche'], ['conclusion', 'accord'], ['portée', 'juridique', 'accord'], ['champ', 'application', 'accord'], ['personnel', 'bénéficiaire', 'accord'], ['heures', 'supplémentaires', 'augmentation', 'contingent', 'annuel'], ['rappel', 'définition', 'temp', 'travail', 'effectif'], ['réalisation', 'heures', 'supplémentaires'], ['repos', 'compensateur', 'remplacement'], ['contingent', 'annuel', 'heures', 'supplémentaires'], ['iii', 'entrée', 'vigueur', 'durée', 'publicité', 'information', 'personnel', 'révision', 'dénonciation', 'accord'], ['durée', 'date', 'entrée', 'vigueur', 'accord'], ['absence', 'accord', 'issue', 'processus', 'négociation', 'disposition', 'antérieures', 'demeureront', 'vigueur'], ['condition', 'suivi', 'accord', 'clause', 'rendez-vous'], ['publicité', 'accord'], ['procès-verbal', 'consultation', 'salariés'], ['accord', 'collectif', 'contingent', 'heures', 'supplémentaires'], ['date', 'consultation', 'février', '2023']]"
T02620002529,"[['accord', 'entreprise'], ['accord', 'entreprise', 'donc', 'objet', 'thèmes', 'suivants'], ['champ', 'application'], ['temp', 'travail', 'effectif'], ['temp', 'repos', 'durees', 'maximales', 'travail'], ['temp', 'pause'], ['temp', 'repos', 'journalier'], ['temp', 'repos', 'hebdomadaire'], ['durée', 'maximale', 'quotidienne', 'travail'], ['durée', 'maximale', 'hebdomadaire', 'travail'], ['principe', 'modalites', 'recours', 'heures', 'supplementaires'], ['augmentation', 'contingent', 'heures', 'supplementaires'], ['forfait', 'annuel', 'jours'], ['catégorie', 'salariés'], ['période', 'référence', 'forfait'], ['gestion', 'absence'], ['condition', 'prise', 'compte', 'arrivées', 'départs', 'cours', 'période'], ['evaluation', 'suivi', 'régulier', 'charge', 'travail', 'salarié'], ['conclusion', 'convention', 'individuelles', 'forfait', 'jours'], ['renonciation', 'salarié', 'partie', 'jours', 'repos'], ['droit', 'deconnexion'], ['organisation', 'temp', 'travail', 'periodes', 'duree', 'maximale', 'semaines', 'travailleurs', 'temp', 'complet'], ['bénéficiaires'], ['condition', 'modalités', 'application'], ['durée', 'travail', 'effectif', 'période', 'référence'], ['programmation', 'indicative', 'variation', 'horaires', 'travail'], ['heures', 'supplémentaires'], ['rémunération', 'absence', 'embauche', 'rupture', 'contrat', 'travail', 'cours', 'année'], ['rémunération'], ['traitement', 'absence'], ['embauche', 'rupture', 'contrat', 'travail', 'cours', 'cycle', 'non', 'atteinte', 'durée', 'travail', 'correspondant', 'rémunération', 'mensuelle', 'lissée'], ['organisation', 'temp', 'travail', 'periodes', 'duree', 'maximale', 'semaines', 'travailleurs', 'temp', 'partiel'], ['bénéficiaires'], ['condition', 'modalités', 'application'], ['durée', 'minimale', 'travail', 'période', 'référence'], ['programmation', 'indicative', 'variation', 'horaires', 'travail'], ['augmentation', 'diminution', 'durée', 'journalière', 'travail'], ['variation', 'horaires', 'travail'], ['horaire', 'moyen', 'période', 'référence', 'cycle', 'reste', 'toutefois', 'nécessairement', 'inférieur', 'durée', 'légale'], ['heures', 'complémentaires'], ['droits', 'reconnus', 'salariés', 'temp', 'partiel'], ['rémunération', 'absence', 'embauche', 'rupture', 'contrat', 'travail', 'cours', 'année'], ['rémunération'], ['absence'], ['embauche', 'rupture', 'contrat', 'travail', 'cours', 'période'], ['contrat', 'travail']]"
T05719002411,"[['accord', 'collectif', 'entreprise', 'durée', 'effective', 'organisation', 'temp', 'travail', 'politique', 'salariale', 'égalité', 'entre', 'hommes', 'femmes', 'égalité', 'rémunérations', 'entre', 'hommes', 'femmes', 'année', '2020'], ['exposé', 'préalable'], ['champ', 'application', 'durée'], ['aménagement', 'temp', 'travail', '2019', '2020'], ['horaires', 'personnel', 'direct'], ['zone', 'cockpit', 'production'], ['rappel', 'principe', 'modulation'], ['semaine', '37h00', 'compteur'], ['bilan', 'modulation'], ['situation', 'pourront', 'alors', 'présenter'], ['suivi', 'modulation'], ['traitement', 'absence', 'période', 'modulation'], ['interdiction', 'récupération'], ['valorisation', 'absence'], ['gestion', 'journées', 'modulation', 'basse'], ['ajustement', 'transfert', 'entre', 'bâtiments'], ['ca', 'figure'], ['organisation', 'globale', 'travail', '2019', '2020'], ['congés', 'personnel', 'lié', 'production'], ['fermeture', 'hiver', '2019/2020'], ['congés', 'autres', 'service'], ['contingent', 'annuel', 'jours', 'travail', 'cadre', 'autonomes'], ['nombre', 'jours', 'rtt', 'jours'], ['recours', 'travail', 'samedi'], ['samedis', 'travaillés'], ['délai', 'prévenance'], ['souplesse'], ['heures', 'supplémentaires', 'fin', 'poste'], ['contingent', 'annuel', 'heures', 'supplémentaires', 'salariés', 'indirects'], ['compteurs'], ['gestion', 'compteurs', 'cet', 'rc…'], ['journée', 'solidarité'], ['politique', 'salariale'], ['autres', 'mesures'], ['prime', 'poste', 'salariés', 'modulants', 'sa', 'automotive', 'france', 'hambach'], ['prime', 'présence', 'salariés', 'sa', 'automotive', 'france', 'hambach'], ['mesure', 'complémentaire', 'aménagement', 'temp', 'travail'], ['egalité', 'professionnelle', 'égalité', 'rémunération', 'hommes-femmes', 'qualité', 'vie', 'travail'], ['insertion', 'maintien', 'emploi', 'travailleurs', 'handicapés'], ['gestion', 'accord'], ['litiges'], ['période', 'octobre', '2019', 'septembre2020'], ['jours']]"
T03821008547,"[['accord', 'entreprise'], ['relatif', 'contingent', 'heures', 'supplémentaires'], ['contingent', 'heures', 'supplémentaires'], ['majorations', 'applicables', 'heures', 'supplémentaires'], ['formalités'], ['clause', 'rendez-vous']]"
T05018000266,"[['accord', 'entreprise', 'juin', '2018', 'portant', 'heures', 'supplémentaires'], ['champ', 'application'], ['rappel', 'règles', 'applicables', 'matière', 'détermination', 'heures', 'supplémentaires'], ['temp', 'repas'], ['temp', 'pause'], ['majoration', 'heures', 'supplémentaires', 'contingent', 'annuel', 'repos', 'compensateur'], ['taux', 'majoration', 'heures', 'supplémentaires'], ['contingent', 'annuel', 'heures', 'supplémentaires'], ['duree', 'entree', 'vigueur'], ['denonciation', 'revision'], ['depot', 'publicite', 'accord']]"
T04023060156,"[['accord', 'entreprise', 'relatif', 'contingent', 'heures', 'supplementaires'], ['champ', 'application', 'territorial', 'professionnel'], ['activité', 'exercée', 'salariés', 'concernés', 'nécessairement', 'caractère', 'non', 'sédentaire'], ['contingent', 'annuel', 'heures', 'supplémentaires'], ['durée', 'accord', 'entreprise', 'entrée', 'vigueur'], ['dépôt', 'accord', 'entreprise'], ['base', 'données', 'nationale', 'accord', 'collectifs']]"
T05620003147,"[['negociation', 'annuelle', 'obligatoire', '2020'], ['protocole', 'accord'], ['salaires', 'rémunérations'], ['prime', 'vacances'], ['indemnité', 'panier'], ['paiement', 'samedis', 'travaillés', 'excédant', 'lissage', 'prévu', 'accord', '28/03/2014'], ['report', 'rtt', '2020']]"
T07221002862,"[['aménagement', 'temp', 'travail'], ['compartiment', 'distribution'], ['disposition', 'commune'], ['heures', 'supplémentaires'], ['rémunération'], ['embauche', 'rupture', 'contrat', 'travail', 'cours', 'période', 'référence'], ['salariés', 'temp', 'partiel'], ['publicité'], ['aménagement', 'temp', 'travail'], ['compartiments', 'distribution', 'distribution', 'collecte'], ['disposition', 'commune'], ['heures', 'supplémentaires'], ['rémunération'], ['embauche', 'rupture', 'contrat', 'travail', 'cours', 'période', 'référence'], ['salariés', 'temp', 'partiel'], ['publicité'], ['aménagement', 'temp', 'travail'], ['compartiment', 'distribution'], ['compartiment', 'position', 'arrières'], ['heures', 'supplémentaires'], ['rémunération'], ['embauche', 'rupture', 'contrat', 'travail', 'cours', 'période', 'référence'], ['salariés', 'temp', 'partiel'], ['publicité'], ['aménagement', 'temp', 'travail', 'article', '3.1', 'compartiment', 'distribution'], ['compartiment', 'position', 'arrières'], ['heures', 'supplémentaires'], ['rémunération'], ['embauche', 'rupture', 'contrat', 'travail', 'cours', 'période', 'référence'], ['salariés', 'temp', 'partiel'], ['publicité'], ['aménagement', 'temp', 'travail'], ['compartiment', 'distribution'], ['compartiment', 'position', 'arrières'], ['disposition', 'commune'], ['heures', 'supplémentaires'], ['rémunération'], ['embauche', 'rupture', 'contrat', 'travail', 'cours', 'période', 'référence'], ['salariés', 'temp', 'partiel'], ['publicité']]"
T06719003877,"[['instauration', 'decompte', 'temp', 'travail', 'jours'], ['contingent', 'annuel', 'heures', 'supplementaires'], ['article', 'accord', 'initial', 'modifié', 'comme', 'suit'], ['article', 'accord', 'initial', 'modifié', 'comme', 'suit'], ['communication', 'accord'], ['procès-verbal', 'résultats', 'consultation', 'personnel'], ['bordereau', 'dépôt'], ['entrée', 'vigueur', 'accord']]"
T06920011011,"[['avenant', 'accord', 'relatif', 'organisation', 'travail', 'durée', 'travail', 'compte', 'epargne', 'temp', '0ctobre', '2010'], ['medippex'], ['existence', 'figurera', 'emplacement', 'réservés', 'communication', 'personnel']]"
T08320001806,"[['accord', 'collectif', 'duree', 'organisation', 'amenagement', 'temp', 'travail'], ['disposition', 'generales'], ['cadre', 'juridique', 'objectif'], ['champ', 'application', 'périmètre', 'organisation', 'temp', 'travail'], ['disposition', 'generales'], ['cadre', 'juridique', 'objectif'], ['champ', 'application', 'périmètre', 'organisation', 'temp', 'travail'], ['définition', 'temp', 'travail', 'effectif'], ['définition', 'temp', 'travail', 'effectif'], ['exclusion', 'temp', 'travail', 'effectif'], ['durée', 'travail'], ['semaine', 'travail'], ['durée', 'maximale', 'hebdomadaire'], ['repos', 'hebdomadaire', 'dominical'], ['travail', 'nuit'], ['définition', 'contrepartie', 'travail', 'nuit'], ['entreprise', 'applique', 'disposition', 'article', 'accord', 'septembre', '2002', 'relatif', 'travail', 'nuit', 'notamment', 'concerne'], ['jours', 'fériés'], ['situation', 'particulière', 'personnel', 'nuit'], ['définition', 'périodes', 'prise', 'congés', 'payés'], ['ordre', 'condition', 'départ', 'congés', 'payés'], ['ordre', 'départs', 'congés', 'payés'], ['ancienneté', 'service'], ['jours', 'fractionnement'], ['travail', 'exceptionnel', 'samedi'], ['heures', 'supplémentaires'], ['contrepartie', 'heures', 'supplémentaires'], ['traitement', 'heures', 'supplémentaires', 'ponctuelles', 'non', 'structurelles'], ['majoration', 'heures', 'supplémentaires', 'ponctuelles', 'non', 'structurelles'], ['traitement', 'heures', 'supplémentaires'], ['contrôle', 'temp', 'travail', 'effectif'], ['temp', 'déplacement'], ['travail', 'temp', 'partiel'], ['décompte', 'éléments', 'variable', 'paie'], ['horaires', 'fix'], ['champ', 'application', 'personnel', 'concerné'], ['horaires', 'collectifs', 'travail'], ['décompte', 'heures', 'supplémentaires'], ['administrateur', 'ventes', 'non', 'confirmés'], ['définition'], ['période', 'référence'], ['amplitude', 'variation', 'durée', 'hebdomadaire', 'moyenne', 'travail'], ['décompte', 'heures', 'supplémentaires'], ['lissage', 'rémunération'], ['incidence', 'arrivées', 'départs', 'cours', 'période', 'référence'], ['incidence', 'absence'], ['amplitude', 'variation', 'durée', 'hebdomadaire', 'moyenne', 'travail'], ['horaires', 'variable'], ['champ', 'application', 'personnel', 'concerné'], ['inverse', 'présence', 'requise', 'pendant', 'périodes', 'présence', 'obligatoire'], ['durée', 'journalière', 'travail', 'temp', 'travail', 'effectif']]"
T04422014145,"[['accord', 'entreprise'], ['disposition', 'generales'], ['objet', 'accord', 'entreprise'], ['champ', 'application'], ['caractere', 'obligatoire'], ['parcours', 'professionnel', 'deroulement', 'carriere'], ['sou', '-titre', 'ii.1', 'disposition', 'generales'], ['definition', 'statuts'], ['sein', 'cadre', 'distingue', 'trois', 'catégories', 'différentes'], ['grille', 'classification', 'metier', 'competence'], ['anciennete'], ['ancienneté', 'correspond', 'nombre', 'jours', 'présence', 'contractuelle', 'sein', 'cariforef'], ['sous-titre', 'ii.2', 'entree', 'fonction'], ['recrutement'], ['embauche', 'document', 'contractuels'], ['contrat', 'travail', 'individuel', 'fiche', 'poste', 'individuelle'], ['remise', 'document'], ['periode', 'essai'], ['sous-titre', 'ii.3', 'evolution', 'carriere', 'remuneration'], ['remuneration', 'embauche'], ['evolution', 'salariales', 'carriere'], ['revalorisations', 'collective'], ['evolution', 'individuelles'], ['prime', 'anciennete'], ['prime'], ['tutorat'], ['entretiens', 'professionnels'], ['entretiens', 'professionnels'], ['formation'], ['droit', 'formation', 'professionnelle'], ['sous-titre', 'ii.4', 'cessation', 'fonctions'], ['demission'], ['licenciement'], ['preavis'], ['indemnite', 'depart', 'retraite'], ['duree', 'amenagement', 'travail'], ['disposition', 'generales'], ['définition', 'temp', 'travail', 'effectif'], ['durées', 'hebdomadaires', 'journalières', 'référence'], ['travail', 'temp', 'complet', 'plage', 'horaires', 'travail'], ['durée', 'temp', 'travail'], ['horaires', 'travail'], ['modalités', 'suivi', 'temp', 'travail'], ['gestion', 'jrtt'], ['absence', 'arrivée', 'cours', 'année'], ['heures', 'supplementaires'], ['contrepartie', 'heures', 'supplémentaires']]"
T09420006030,"[['accord', 'n°2020-07'], ['portant', 'mesures', 'temporaires', 'nature', 'favoriser'], ['recrutement', 'remplacement', 'certaines', 'category'], ['personnel'], ['objet', 'present', 'accord'], ['mesures', 'temporaires', 'faveur', 'personnel', 'soignant', 'nuit'], ['doublement', 'montant', 'prime', 'embauche'], ['modalites', 'revision', 'accord'], ['notification', 'publicite', 'depot', 'accord'], ['objet', 'present', 'accord'], ['mesures', 'temporaires', 'faveur', 'personnel', 'soignant', 'nuit'], ['majoration', 'heures', 'supplémentaires'], ['février', '2021', 'inclus'], ['doublement', 'montant', 'prime', 'embauche'], ['mesures', 'temporaires', 'faveur', 'manipulateurs', 'electroradiologie'], ['création', 'prime', 'embauche'], ['frais', 'déménagement'], ['validite', 'accord'], ['entree', 'vigueur', 'duree', 'accord'], ['modalites', 'revision', 'accord'], ['notification', 'publicite', 'depot', 'accord']]"
T02822002468,"[['compte', 'épargne', 'temps…………………………………………………………………………………………………'], ['décompte', 'temp'], ['temp', 'partiel'], ['disposition', 'finale'], ['champ', 'application'], ['durée'], ['révision'], ['dénonciation'], ['procédure', 'opposition'], ['dépôt', 'publicité'], ['duree', 'travail'], ['modalites', 'amenagement', 'temp', 'travail'], ['service', 'electricité', 'gaz', 'eau', 'magasin', 'cartographie', 'informatique', 'technique', 'clientèle'], ['service', 'clientèle'], ['personnel', 'horaire', 'flexible', 'back-office', 'comptabilité', 'commercial', 'ressources', 'humaines', 'secrétariat'], ['personnel', 'intérimaire', 'contrat', 'apprentissage', 'contrat', 'professionnalisation'], ['temp', 'travail', 'cadre'], ['heures', 'supplémentaires'], ['compte', 'épargne', 'temp'], ['chaque', 'agent', 'pourra', 'ouvrir', 'compte', 'épargne', 'temp'], ['décompte', 'temp'], ['temp', 'partiel'], ['disposition', 'finale'], ['durée'], ['révision'], ['dénonciation'], ['procédure', 'opposition']]"
T07521031491,"[['accord', 'entreprise', 'relatif', 'organisation'], ['aménagement', 'temp', 'travail'], ['champ', 'application', 'objet', 'présent', 'accord'], ['champ', 'application', 'présent', 'accord'], ['objet', 'présent', 'accord'], ['disposition', 'applicables', 'personnel', 'intervenant'], ['définition', 'temp'], ['temp', 'préparation'], ['temp', 'restauration'], ['temp', 'entre', 'deux', 'intervention'], ['salarié', 'bénéficie'], ['plage', 'indisponibilité'], [], ['durées', 'maximales', 'travail', 'amplitude', 'maximale', 'journalière'], ['durées', 'maximales', 'travail'], ['amplitude', 'maximale', 'journalière'], ['amplitude', 'quotidienne', 'travail', 'plus', 'heures'], ['interruption', 'activité', 'cours', 'journée'], ['travail', 'nuit'], ['recours', 'travail', 'nuit'], ['période', 'travail', 'nuit'], ['contreparties', 'travailleurs', 'nuit'], ['durées', 'travail'], ['protection', 'santé', 'mesures', 'destinées', 'améliorer', 'condition', 'travail', 'travailleurs', 'nuit'], ['mesures', 'destinées', 'faciliter', 'articulation', 'activité', 'nocturne', 'exercice', 'responsabilités', 'familiales', 'sociales'], ['travail', 'dimanche', 'jours', 'fériés'], ['travail', 'dimanche'], ['jours', 'fériés', 'chômés', 'payés'], ['jours', 'fériés', 'ordinaires'], ['journée', 'solidarité'], ['astreintes'], ['heures', 'supplémentaires'], ['définition', 'heures', 'supplémentaires'], ['contrepartie', 'heures', 'supplémentaires', 'réalisées', 'cadre', 'contingent', 'annuel'], ['contingent', 'annuel', 'heures', 'supplémentaires'], ['contrepartie', 'obligatoire', 'repos'], ['durée', 'contrepartie', 'obligatoire', 'repos'], ['prise', 'contrepartie', 'obligatoire', 'repos'], ['information', 'salariés', 'contrepartie', 'obligatoire', 'repos'], ['travail', 'temp', 'partiel'], ['heures', 'complémentaires'], ['garanties', 'accordées', 'salariés', 'temp', 'partiel'], ['modification', 'horaires', 'travail'], ['condition', 'modification', 'horaires'], ['délais', 'prévenance', 'ca', 'modification', 'horaires'], ['salarié', 'bénéficie'], ['travail', 'dimanche'], ['durées', 'maximales', 'travail'], ['amplitude', 'quotidienne', 'travail', 'plus', 'heures'], ['définition', 'heures', 'supplémentaires'], [], ['contrepartie', 'heures', 'supplémentaires', 'réalisées', 'cadre', 'contingent', 'annuel'], ['contingent', 'annuel', 'heures', 'supplémentaires'], ['contrepartie', 'obligatoire', 'repos'], ['durée', 'contrepartie', 'obligatoire', 'repos'], ['prise', 'contrepartie', 'obligatoire', 'repos'], ['information', 'salariés', 'contrepartie', 'obligatoire', 'repos'], ['heures', 'complémentaires'], ['garanties', 'accordées', 'salariés', 'temp', 'partiel']]"
T07523060235,"[['accord', 'collectif', 'entreprise', 'relatif', 'organisation', 'temp', 'travail'], ['sein', 'societe', 'bugali'], ['première', 'partie', 'dispositifs', 'organisation', 'temp', 'travail'], ['forfait', 'hebdomadaire', 'heures', 'supplémentaires'], ['durée', 'travail', 'hebdomadaire'], ['heures', 'supplémentaires'], ['contingent', 'annuel', 'heures', 'supplémentaires'], ['modalités', 'décompte', 'temp', 'travail'], ['forfait', 'annuel', 'jours'], ['période', 'référence'], ['décompte', 'durée', 'travail', 'base', '218', 'jours', 'jours', 'repos'], ['durées', 'minimales', 'repos', 'garanties', 'obligation', 'déconnexion'], ['consécutives', 'minimum', 'repos', 'quotidien'], ['consécutives', 'minimum', 'repos', 'hebdomadaire'], ['amplitude', 'journées', 'activité', 'charge', 'travail', 'salariés', 'concernés', 'devront', 'rester', 'raisonnables', 'bonne', 'répartition', 'temp', 'travail', 'devra', 'être', 'assurée'], ['décompte', 'jours', 'travaillés', 'jours', 'repos'], ['modalités', 'pratiques', 'prise', 'jours', 'repos'], ['rémunération'], ['absence'], ['arrivée', 'départ', 'cours', 'période', 'référence'], ['mise', 'œuvre', 'forfait', 'annuel', 'jours'], ['seconde', 'partie', 'disposition', 'application'], ['validité', 'accord'], ['durée', 'entrée', 'vigueur', 'accord'], ['dépôt', 'publicité', 'accord']]"
T07522040922,"[['champ', 'condition', 'application'], ['travail', 'jour', 'ferie'], ['principe'], ['volontariat'], ['compensation'], ['report', 'repos'], ['prime', 'forfaitaire', 'majoration'], ['remboursement', 'frais', 'supplémentaires'], ['travail', 'samedi'], ['information', 'préalable'], ['compensation'], ['report', 'repos'], ['prime', 'forfaitaire', 'majoration'], ['remboursement', 'frais', 'supplémentaires'], ['duree', 'date', 'entree', 'vigueur'], ['information', 'salary'], ['suivi', 'accord'], ['revision'], ['evolution', 'reglementation'], ['depot', 'publicite', 'accord']]"
T07523055711,"[['accord', 'entreprise', 'heures', 'supplémentaires'], ['respect', 'temp', 'déconnexion'], ['partie', 'compensation', 'heures', 'supplémentaires', 'réalisées', 'au-delà', 'durée', 'stipulée', 'convention', 'individuelle', 'forfait', 'heures', 'hebdomadaire'], ['champ', 'application', 'partie'], ['accord', 'vocation', 'inciter', 'réalisation', 'heures', 'travail', 'au-delà', 'durée', 'travail', 'contractuelle', 'party', 'rappellent', 'ensemble', 'attachement', 'respect', 'temp', 'travail', 'stipulé', 'contrat', 'travail', 'garant', 'équilibre', 'vies', 'professionnelle', 'personnelle', 'auquel', 'padam', 'mobility', 'veut', 'attachée'], ['titre', 'liminaire', 'usage', 'avantage', 'social'], ['compensation', 'éventuelles', 'heures', 'supplémentaires', 'au-delà', '38h30/sem'], ['règles', 'respecter', 'matière', 'durée', 'travail', 'appréciée', 'heures'], ['partie', 'respect', 'temp', 'déconnexion'], ['champ', 'application', 'partie'], ['définition', 'déconnexion', 'droit', 'aussi', 'devoir'], ['exercice', 'droit', 'déconnexion'], ['bonnes', 'pratiques', 'utilisation', 'outils', 'numériques'], ['dispositifs', 'spécifiques', 'régulation', 'numérique'], ['formation', 'sensibilisation', 'salariés', 'usage', 'raisonné', 'outils', 'numériques'], ['alerte']]"
T06319001906,"[['accord', 'entreprise'], ['article'], ['reconduction', 'article', 'accord', 'entreprise', 'septembre', '2009', 'relatif', 'contreparties', 'temp', 'déplacement', 'formation', 'professionnelle'], ['reconduction', 'article', 'accord', 'entreprise', 'décembre', '20164', 'relatif', 'attribution', 'jour', 'congé', 'supplémentaire', 'raison', 'ancienneté', 'établissement', 'agessa'], ['reconduction', 'article', 'accord', 'entreprise', 'décembre', '2016', 'relatif', 'revalorisation', 'indemnité', 'travail', 'effectué', 'dimanches', 'jours', 'fériés'], ['reconduction', 'article', 'accord', 'entreprise', 'décembre', '2016', 'relatif', 'modalités', 'calcul', 'indemnité', 'départ', 'retraite', 'salary', 'pass', 'temp', 'partiel'], ['reconduction', 'article', 'accord', 'entreprise', 'décembre', '2016', 'relatif', 'majoration', 'heures', 'supplémentaires'], ['reconduction', 'article', 'accord', 'entreprise', 'décembre', '2017', 'relatif', 'droit', 'déconnexion'], ['reconduction', 'article', 'accord', 'entreprise', 'décembre', '2017', 'relatif', 'temp', 'repos', 'fin', 'carrière'], ['reconduction', 'article', 'accord', 'entreprise', 'décembre', '2017', 'concernant', 'retraite', 'progressive', 'cotisations', 'retraite', 'modification'], ['alinéa', 'article', 'ainsi', 'rédigé', 'dispositif', 'prise', 'charge', 'surplus', 'cotisations', 'régime', 'base', 'complémentaire', 'agessa', 'cesse', 'lorsque', 'accord', 'dénoncé', 'lorsque', 'salarié', 'atteint', 'âge', 'légal', 'départ', 'retraite', 'lorsque', 'salarié', 'cesse', 'remplir', 'condition', 'requises'], ['modalités', 'application'], ['bénéficiaires'], ['modalités', 'attribution'], ['personnel', 'cdd'], ['modalités', 'versement', 'prime', 'décentralisée'], ['modalités', 'répartition', 'reliquat'], ['périodicité', 'entretien'], ['condition', 'organisation', 'entretiens'], ['bilan', 'entretiens'], ['disposition', 'finale'], ['révision', 'dénonciation'], ['notification', 'dépôt'], ['notification', 'organisation', 'syndicales'], ['dépôt'], ['publicité'], ['accord', 'conclu', 'beaumont']]"
T01323017684,"[['avenant', 'constatant', 'rectifiant', 'erreur', 'materielle', 'accord', 'entreprise', 'relatif', 'contingent', 'annuel', 'heures', 'supplémentaires', 'durée', 'quotidienne', 'travail'], ['rectification'], ['durée', 'quotidienne', 'travail', 'effectif'], ['entree', 'vigueur', 'duree', 'avenant'], ['publicite', 'avenant-', 'depot']]"
T01320009256,"[['etant', 'exposé'], ['avenant', 'n°15', 'clarifié', 'horaires', 'travail', 'personnel', 'journée'], ['organisation'], ['heures', 'supplémentaires'], ['congés', 'payés', 'jours', 'fériés'], ['modalités', 'fonctionnement'], ['modalités', 'mise', 'place'], ['rémunération'], ['entrée', 'équipe', 'suppléance', 'passage', 'semaine', 'normale'], ['entrée', 'équipe', 'suppléance'], ['sortie', 'équipe', 'suppléance'], ['heures', 'réalisées', 'semaine'], ['formation'], ['relation', 'hiérarchie', 'autres', 'service'], ['rappel', 'horaires', 'travail', 'personnel', 'journée'], ['communication', 'dépôt', 'accord']]"
T03522011869,"[['accord', 'entreprise', 'societe', 'itga', 'portant', 'heures', 'supplementaires', 'modalites', 'repos'], ['période', 'référence'], ['définition', 'heures', 'supplémentaires'], ['durée', 'maximale', 'travail', 'quotidiennes', 'hebdomadaires'], ['contingent', 'heures', 'supplémentaires'], ['taux', 'majoration'], ['répartition', 'paiement', 'heures', 'supplémentaires'], ['rcr'], ['cor'], ['outils', 'moyens', 'gestion'], ['suivi', 'accord', 'commission', 'suivi'], ['révision', 'dénonciation'], ['notification', 'modalité', 'publicité', 'accord']]"
T07519010115,"[['avenant', 'n°1', 'accord', 'entreprise', 'duree', 'amenagement', 'temp', 'travail'], ['applicable', 'charge', 'formation', 'personnel', 'categorie'], ['amenagement', 'temp', 'travail', 'annee', 'charge', 'formation'], ['organisation', 'temp', 'travail', 'personnel', 'categorie', 'personnel', 'statut', 'employes', 'agent', 'maitrise', 'magasins'], ['duree', 'accord', 'entree', 'vigueur', 'controle', 'suivi', 'accord'], ['depot', 'publicite'], ['principe', 'generaux', 'duree', 'travail'], ['definition', 'temp', 'travail', 'effectif'], ['heures', 'supplementaires'], ['heures', 'supplémentaires'], ['contingent', 'heures', 'supplémentaires'], ['droit', 'deconnection'], ['amenagement', 'temp', 'travail', 'annee', 'charge', 'formation'], ['champ', 'application', 'titre'], ['amenagement', 'temp', 'travail', 'annee', 'periode', 'reference'], ['durée', 'travail', 'heures', 'supplémentaires'], ['durée', 'annuelle', 'travail'], ['heures', 'supplémentaires'], ['paiement', 'heures', 'supplémentaires', 'repos', 'remplacement'], ['programmation', 'indicative', 'condition', 'délais', 'prévenance', 'changements', 'durée', 'horaires', 'travail'], ['prise', 'jours', 'rtt'], ['entrée', 'sortie', 'cours', 'année'], ['condition', 'prise', 'compte', 'absence'], ['lissage', 'rémunération'], ['suivi', 'temp', 'travail'], ['temp', 'deplacement'], ['organisation', 'temp', 'travail', 'personnel', 'categorie', 'personnel', 'statut', 'employes', 'agent', 'maitrise', 'magasins'], ['champ', 'application', 'titre'], ['duree', 'organisation', 'temp', 'travail'], ['travail', 'dimanche'], ['rappel', 'disposition', 'applicables'], ['principe', 'modalités', 'volontariat'], ['principe', 'volontariat'], ['expression', 'volontariat'], ['planification'], ['possibilité', 'rétractation'], ['droit', 'indisponibilité', 'ponctuelle'], ['conciliation', 'vie', 'professionnelle', 'personnelle'], ['droit', 'vote', 'scrutins', 'locaux', 'nationaux'], ['entretien', 'annuel'], ['compensation', 'contreparties', 'accordées', 'salariés', 'volontaires'], ['contreparties', 'salariales'], ['frais', 'garde', 'autres', 'charge', 'induites', 'travail', 'dominical'], ['autres', 'compensation'], ['garanties', 'termes', 'repos', 'hebdomadaire'], ['engagement', 'pris', 'termes', 'emploi', 'faveur', 'certains', 'public', 'difficulté'], ['duree', 'accord', 'entree', 'vigueur', 'controle', 'suivi', 'accord']]"
T06218000261,"[['eventuelles', 'augmentation', 'collective'], ['eventuelles', 'prime'], ['eventuels', 'jours', 'exceptionnels'], ['demande', 'comité', 'entreprise'], ['réponse', 'direction'], ['nouvelles', 'demandes', 'ensemble', 'personnel'], ['prime', 'présence', 'personnel'], ['réponses', 'ensemble', 'personnel'], ['demandes', 'service', 'soudure'], ['réponses', 'service', 'soudure'], ['demande', 'service', 'magasin'], ['réponses', 'service', 'extrusion'], ['demande', 'service', 'qualité'], ['réponse', 'service', 'qualité'], ['réponse', 'service', 'maintenance', 'plast', 'pcr'], ['demande', 'agent', 'entretien'], ['publicité', 'dépôt', 'légal']]"
T02423002417,"[['accord', 'entreprise'], ['/03/2023'], ['duree', 'travail'], ['expose', 'prealable'], ['préalablement', 'ouverture', 'négociations', 'employeur', 'fait', 'connaître', 'cse', 'intention', 'négocier', 'façon', 'générale', 'durée', 'travail'], ['indépendance', 'négociateurs', 'vis-à-vis', 'employeur'], ['disposition', 'générales', 'durée', 'travail'], ['convention'], ['champ', 'application'], ['disposition', 'generales', 'duree', 'travail'], ['durée', 'travail', 'effectif'], ['temp', 'pause'], ['durées', 'maximales', 'travail'], ['durée', 'maximale', 'quotidienne', 'travail'], ['durée', 'maximale', 'hebdomadaire', 'travail'], ['durée', 'maximale', 'hebdomadaire', 'travail', 'semaines', 'consécutives'], ['durées', 'minimales', 'repos'], ['durée', 'minimale', 'quotidienne', 'repos'], ['durée', 'minimale', 'hebdomadaire', 'repos'], ['contingent', 'annuel', 'heures', 'supplémentaires'], ['forfait', 'annuel', 'jours'], ['période', 'référence', 'forfait', 'annuel', 'jours'], ['nombre', 'jours', 'compris', 'forfait'], ['convention', 'individuelle', 'forfait', 'annuel', 'jours'], ['impact', 'rémunération', 'absence', 'arrivées', 'départs', 'cours', 'période', 'référence'], ['traitement', 'absence'], ['entrée', 'cours', 'période'], ['départ', 'cours', 'période'], ['lors', 'départ', 'effectif', 'salarié'], ['rémunération'], ['salaire', 'réel', 'mensuel/22', 'jours'], ['salaire', 'réel', 'mensuel/44', 'demi-journées'], ['renonciation', 'jours', 'repos', 'titre', 'réduction', 'temp', 'travail'], ['organisation', 'activité'], ['entreprise'], ['modalités', 'évaluation', 'suivi', 'charge', 'travail'], ['entretien', 'individuel', 'suivi'], ['droit', 'déconnexion'], ['seuls', 'bénéficient', 'outils', 'numériques', 'communication', 'ordinateur', 'portable', 'téléphone'], ['regime', 'juridique', 'present', 'accord'], ['formalités', 'dépôt', 'entrée', 'vigueur', 'accord'], ['dénonciation', 'révision']]"
T06320002401,"[['accord', 'relatif', 'amenagement', 'duree', 'travail', 'annee'], ['champ', 'application', 'accord'], ['durée', 'travail'], ['période', 'décompte'], ['durée', 'annuelle', 'référence'], ['amplitude', 'variation', 'horaires', 'travail'], ['transmission', 'planning'], ['heures', 'supplémentaires'], ['définition'], ['paiement', 'heures', 'accomplies'], ['repos', 'compensateur', 'remplacement'], ['disposition', 'spécifiques', 'seuil', 'déclenchement', 'heures', 'supplémentaires'], ['disposition', 'spécifiques', 'gardes', 'urgences', 'astreintes'], ['lissage', 'rémunération'], ['gestion', 'absence'], ['arrivées', 'départs', 'cours', 'période'], ['décompte', 'temp', 'travail'], ['disposition', 'particulieres', 'applicables', 'salary', 'temp', 'partiel'], ['définition', 'travail', 'temp', 'partiel'], ['temp', 'partiel', 'aménagé', 'année', 'principe'], ['programmation', 'indicative', 'horaires', 'travail', 'décompte'], ['modalités', 'communication', 'modification', 'répartition', 'durée', 'horaires', 'travail'], ['heures', 'complémentaires'], ['garantie', 'liée', 'travail', 'temp', 'partiel'], ['duree', 'accord', 'formalites', 'publicite', 'depot'], ['entrée', 'vigueur', 'durée', 'révision', 'renonciation'], ['suivi', 'accord', 'clause', 'rendez-vous']]"
T00322002121,"[['avenant', 'accord', 'temp', 'travail', 'diam', 'lurcy'], ['champ', 'application'], ['decompte', 'pluri-hebdomadaire', 'duree', 'travail'], ['temp', 'travail', 'effectif'], ['décompte', 'pluri-hebdomadaire', 'durée', 'travail', 'annualisation'], ['période', 'référence'], ['modalités'], ['condition', 'délais', 'prévenance', 'changements', 'durées', 'horaires', 'travail'], ['décompte', 'horaires'], ['lissage', 'rémunération'], ['heures', 'supplémentaires'], ['contingent', 'annuel', 'heures', 'supplémentaires'], ['arrivée', 'départ', 'cours', 'période', 'annuelle'], ['absence'], ['forfait', 'annuel', 'jours'], ['egalite', 'homme-femme'], ['prime', 'liees', 'travail', 'equipe'], ['prime', 'habillage'], ['recuperation', 'temp', 'deplacements', 'lie', 'travail', 'mission'], ['droit', 'deconnexion'], ['mise', 'œuvre'], ['mesures', 'visant', 'lutter', 'contre', 'utilisation', 'outils', 'numériques', 'communication', 'professionnelle', 'hors', 'temp', 'travail'], ['action', 'menés', 'société'], ['suivi', 'application', 'accord'], ['rendez-vous'], ['revision'], ['denonciation'], ['date', 'effet', 'duree', 'publicite', 'depot']]"
T07519015406,"[['accord', 'entreprise', 'relatif', 'amenagement', 'temp', 'travail'], ['heures', 'supplementaires'], ['categorie', 'salary', 'visee'], ['determination', 'contingent', 'heures', 'supplementaires'], ['heures', 'supplementaires'], ['repos', 'compensateur', 'remplacement'], ['depassement', 'contingent', 'annuel', 'heures', 'supplementaires'], ['forfait', 'heures', 'annee'], ['categorie', 'salary', 'visee'], ['determination', 'duree', 'travail'], ['nombre', 'jours', 'annuels', 'travaillés'], ['incidence', 'absence'], ['1679/12', '140', 'heures'], ['embauche', 'rupture', 'cours', 'année'], ['exemple'], ['remuneration'], ['periode', 'reference'], ['incidence', 'absence'], ['arrivee', 'cours', 'periode', 'annuelle'], ['depart', 'cours', 'periode', 'annuelle'], ['respect', 'repos', 'minimum', 'quotidiens', 'hebdomadaires'], ['amplitude', 'journées', 'travail', 'charge', 'travail', 'salariés', 'doivent', 'rester', 'raisonnables', 'assurer', 'bonne', 'répartition', 'temp', 'travail', 'intéressés'], ['durees', 'amplitude', 'maximale', 'travail'], ['durée', 'hebdomadaire', 'maximale', 'travail', 'heures'], ['formalisation'], ['disposition', 'finale'], ['duree', 'accord'], ['denonciation'], ['publicite', 'depot']]"
T07520026953,"[['accord', 'collectif', 'entreprise', 'relatif', 'amenagement', 'temp', 'travail'], ['généralités', 'champ', 'application', 'portée'], ['temp', 'travail', 'effectif', 'pause'], ['temp', 'déplacement'], ['durées', 'maximales', 'travail', 'repos', 'obligatoires'], ['horaires', 'collectifs'], ['journée', 'solidarité'], ['généralités', 'champ', 'application', 'portée'], ['définitions', 'règles', 'générales', 'matière', 'durée', 'travail'], ['temp', 'travail', 'effectif', 'pause'], ['temp', 'déplacement'], ['durées', 'maximales', 'travail', 'repos', 'obligatoires'], ['i-3.1', 'durée', 'maximale', 'journalière'], ['i-3.2', 'durée', 'maximale', 'hebdomadaire'], ['i-3.3', 'repos', 'quotidien'], ['i-3.4', 'repos', 'hebdomadaire'], ['horaires', 'collectifs'], ['journée', 'solidarité'], ['définition', 'différentes', 'catégories', 'personnel', 'modalités', 'aménagement', 'temp', 'travail', 'correspondantes'], ['collaborateurs', 'non-cadres', 'cadre', 'intégrés'], ['ii-1.1', 'durée', 'travail', 'non-cadres'], ['ii-1.2', 'durée', 'travail', 'cadre', 'intégrés'], ['ii-1.3', 'décompte', 'durée', 'travail'], ['ii-1.4', 'modalités', 'acquisition', 'jours', 'rtt'], ['ii-1.5', 'modalités', 'prise', 'jours', 'rtt'], ['cadre', 'autonomes'], ['ii-2.1', 'définition'], ['ii-2.2', 'durée', 'travail', 'cadre', 'autonomes'], ['jours', 'fériés', 'tombant', 'jour', 'ouvré'], ['ii-2.3', 'embauche', 'départ', 'cours', 'période', 'référence', 'incidence', 'absence'], ['ii-2.4', 'organisation', 'activité'], ['ii-2.5', 'modalités', 'prise', 'journées', 'repos'], ['ii-2.6', 'renonciation', 'jours', 'repos'], ['ii-2.7', 'valeur', 'journée', 'travail', 'ca', 'absence'], ['ii-2.8', 'forfait', 'jours', 'réduit'], ['mise', 'place'], ['procédure', 'demande'], ['retour', 'temp', 'plein'], ['ii-2.9', 'garantie', 'contrôle', 'forfait', 'jours'], ['document', 'suivi', 'forfait'], ['repos', 'hebdomadaire'], ['jours', 'fériés', 'chômés'], ['entretien', 'périodique'], ['suivi', 'collectif', 'forfaits', 'jours'], ['dispositif', 'veille'], ['ii-2.10', 'droit', 'déconnexion'], ['collaborateurs', 'cadre', 'dirigeants'], ['iii-1', 'date', 'effet', 'durée'], ['iii-3', 'adhésion'], ['adhésion', 'entraîne', 'obligation', 'respecter', 'disposition', 'convention', 'accord', 'cause'], ['iii-4', 'interprétation', 'révision']]"
A02718001855,"[['accord', 'entreprise', 'amenagement', 'temp', 'travail', 'sein', 'societe', 'nlh', 'service'], ['champ', 'application'], ['regles', 'generales', 'concernant', 'duree', 'travail'], ['durée', 'effective', 'travail'], ['journée', 'solidarité'], ['référence', 'calcul'], ['salary', 'intervenants', 'domicile'], ['définition', 'temp'], ['plage', 'indisponibilité'], ['temp', 'travail', 'effectif'], ['temp', 'préparation', 'restauration'], ['décompte', 'temp', 'travail', 'repos'], ['décompte', 'heures', 'supplémentaires'], ['compensation', 'heures', 'supplémentaires', 'effectuées', 'cadre', 'contingent', 'annuel'], ['décompte', 'heures', 'complémentaires'], ['décompte', 'périodes', 'non', 'travaillées', 'non', 'rémunérées'], ['décompte', 'périodes', 'non', 'travaillées', 'rémunérées'], ['aménagement', 'temp', 'travail', 'intervenants', 'domicile'], ['paiement', 'rémunération'], ['modalités', 'décompte', 'durée', 'travail', 'ca', 'aménagement'], ['vii', 'disposition', 'spécifiques', 'salariés', 'temp', 'partiel'], ['ainsi'], ['répartition', 'horaires'], ['modalites', 'application', 'accord'], ['durée'], ['accord', 'pourra', 'être', 'révisé', 'modifié', 'avenant', 'selon', 'disposition', 'légales', 'vigueur'], ['dénonciation'], ['interprétation'], ['publicité']]"
T05121003059,"[['accord', 'performance', 'collective', 'portant', 'amenagement', 'temp', 'travail'], ['accord', 'inscrit', 'cadre', 'modalités', 'négociation', 'conclusion', 'prévues', 'article', 'l.2232-24', 'suivants', 'code', 'travail'], ['objet'], ['accord', 'applique', 'ensemble', 'personnel', 'société', 'quelles', 'fonction', 'sauf', 'exclusion', 'mentionnée', 'présent', 'accord'], ['cadre', 'dirigeants'], ['fonctions', 'forfait', 'jours'], ['catégories', 'personnel', 'concernées'], [], ['conclusion', 'convention', 'individuelle', 'forfait'], ['période', 'référence', 'nombre', 'jours', 'travail', 'compris', 'forfait'], ['modalités', 'prise', 'jours', 'repos'], ['rémunération'], ['modalités', 'évaluation', 'suivi', 'communication', 'organisation', 'charge', 'travail'], ['suivi', 'forfaits', 'jours', 'instance', 'représentatives', 'personnel'], ['possibilité', 'bénéficier', 'forfait', 'jours', 'réduit'], ['disposition', 'spécifiques', 'année', '2021'], ['personnel', 'concerné'], ['durée', 'annuelle', 'temp', 'travail'], ['octroi', 'jours', 'repos', 'destinés', 'ramener', 'durée', 'travail', '1607', 'heures'], ['durée', 'horaire', 'hebdomadaire', 'travail', 'effectif', 'référence'], ['octroi', 'modalités', 'prise', 'jours', 'repos'], ['octroi', 'jours', 'repos'], ['incidence', 'absence', 'nombre', 'jours', 'repos', 'supplémentaires'], ['incidence', 'embauches', 'départs', 'cours', 'période'], ['modalités', 'prise', 'jours', 'repos'], ['collaborateurs', 'hors', 'technicien', 'sav'], ['techniciens', 'sav'], ['modalités', 'suivi', 'jours', 'repos', 'heures', 'travail'], ['lissage', 'rémunération', 'incidence', 'arrivées', 'départs', 'cours', 'année/absences'], ['absence'], ['entrées', 'départs', 'cours', 'période', 'annuelle', 'référence'], ['heures', 'supplémentaires'], ['modalités', 'information', 'salariés', 'droit', 'refus'], ['information', 'salariés', 'disposition', 'présent', 'accord'], ['conséquence', 'refus', 'salarié'], ['clause', 'rendez-vous']]"
T06623003241,"[['accord', 'collectif', 'entreprise', 'durée', 'travail'], ['principe', 'généraux'], ['durées', 'maximales', 'travail'], ['repos', 'quotidien'], ['repos', 'hebdomadaire'], ['contrôle', 'temp', 'travail'], ['heures', 'supplémentaires'], ['décompte', 'heures', 'supplémentaires'], ['rémunération', 'heures', 'supplémentaires'], ['contingent', 'annuel', 'heures', 'supplémentaires'], ['révision'], ['dénonciation']]"
T07520024122,"[['accord', 'collectif', 'amenagement', 'temp', 'travail'], ['accord', 'substitue', 'ensemble', 'usage', 'engagement', 'unilatéraux', 'accord', 'atypiques', 'accord', 'collectifs', 'accord', 'entreprise', 'branche', 'portant', 'aménagement', 'temp', 'travail', 'pourraient', 'être', 'applicables', 'sein', 'société'], ['champ', 'application', 'accord'], ['heures', 'supplémentaires', 'heures', 'complémentaires'], ['définitions'], ['majoration', 'heures', 'supplémentaires'], ['contingent', 'annuel', 'heures', 'supplémentaires'], ['dépassement', 'contingent', 'annuel'], ['heures', 'complémentaires'], ['travail', 'dominical'], ['etablissements', 'concernés', 'travail', 'dominical'], ['salariés', 'volontaires', 'renonciation', 'travail', 'dominical'], ['choix', 'dimanches', 'travaillés'], ['contreparties', 'salariales', 'repos', 'travail', 'dominical'], ['heures', 'travail', 'réalisées', 'dimanche', 'bénéficieront', 'majoration'], ['contreparties', 'organisationnelles', 'travail', 'dominical'], ['mesures', 'destinées', 'faciliter', 'conciliation', 'entre', 'vie', 'privée', 'vie', 'professionnelle'], ['engagement', 'société', 'faveur', 'certains', 'public', 'difficultés'], ['majoration', 'applicable', 'ca', 'concours', 'règles'], ['entrée', 'vigueur', 'durée', 'accord'], ['accord', 'entrera', 'vigueur', '1er', 'septembre', '2020']]"
T03719001230,"[['accord', 'collectif', 'relatif', 'regime', 'travail'], ['accompagnement', 'social', 'agent'], ['applicables', 'sein', 'pdc', 'langeais'], ['article1', 'champ', 'application'], ['dispositif', 'formation'], ['durée', 'travail'], ['aménagement', 'temp', 'travail'], ['aménagement', 'temp', 'travail', 'agent', 'affectés', 'service', 'distribution', 'courrier'], ['aménagement', 'temp', 'travail', 'agent', 'cabine'], ['heures', 'supplémentaires'], ['définition'], ['paiement', 'heures', 'supplémentaires', 'accomplies', 'au-delà', 'moyenne', 'heures', 'calculée', 'période', 'référence'], ['rémunération'], ['embauche', 'rupture', 'contrat', 'travail', 'cours', 'période', 'référence'], ['salariés', 'temp', 'partiel'], ['indemnité', 'mobilité', 'géographique'], ['bénéficiaires'], ['indemnité', 'mobilité', 'géographique', 'versée', 'postiers', 'réorientés'], ['montant', 'critères', 'attribution'], ['paiement'], ['accompagnement', 'social', 'lié', 'mise', 'place', 'nouvelle', 'organisation', 'personnel', 'distribution'], ['durée', 'accord', 'révision', 'dénonciation'], ['publicité']]"
T08120001336,"[['projet', 'accord', 'relatif', 'organisation', 'temp', 'travail'], ['disposition', 'generales', 'definition'], ['définitions'], ['temp', 'travail', 'effectif'], ['repos', 'quotidien', 'hebdomadaire'], ['durée', 'maximale', 'travail'], ['déplacements', 'calcul', 'temp', 'travail'], ['congés', 'payés'], ['congés', 'payés'], ['modalités', 'prise', 'congés'], ['modalités', 'report', 'congés', 'payés'], ['congé', 'maternité'], ['congé', 'adoption'], ['jours', 'repos'], ['droit', 'déconnexion'], ['définitions'], ['exercice', 'plein', 'entier', 'droit', 'déconnexion', 'suppose', 'respect', 'règles', 'suivantes'], ['organisation', 'temp', 'travail', 'principe'], ['durée', 'travail', 'applicable', 'sein', 'entreprise'], ['définition', 'heures', 'supplémentaires'], ['mise', 'œuvre', 'heures', 'supplémentaires'], ['contrepartie', 'heures', 'supplémentaires'], ['contingent', 'annuel', 'heures', 'supplémentaires'], ['possibilite', 'recourir', 'convention', 'forfait', 'annuel', 'jours'], ['caractéristiques', 'convention', 'individuelle', 'forfait', 'jours'], ['période', 'référence', 'nombre', 'jours', 'travaillés'], ['jours', 'repos'], ['contrôle', 'suivi', 'charge', 'travail', 'collaborateurs', 'titulaires', 'convention', 'forfait', 'jours'], ['respect', 'obligatoire', 'durées', 'repos'], ['document', 'contrôle', 'jours', 'travaillés'], ['entretiens', 'annuels', 'suivi'], ['droit', 'déconnexion'], ['rémunération'], ['rachat', 'jours', 'repos'], ['mise', 'place', 'compte', 'epargne', 'temp'], ['champ', 'application', 'salariés', 'bénéficiaires'], ['ouverture', 'tenue', 'compte'], ['alimentation', 'cet'], ['alimentation', 'compte', 'temp'], ['alimentation', 'argent'], ['plafond'], ['modalités', 'conversion', 'éléments', 'cet'], ['modalités', 'conversion', 'temp', 'argent'], ['modalités', 'conversion', 'argent', 'temp'], ['utilisation', 'cet'], ['congé', 'longue', 'durée', 'familial'], ['congé', 'fin', 'carrière']]"
T04419005581,"[['amplitude', 'aménagement', 'temp', 'travail', 'année'], ['amplitude', 'aménagement', 'temp', 'travail', 'année'], ['salariés', 'éligibles', 'forfait', 'annuel', 'jours'], ['nombre', 'jours', 'période', 'reference'], ['incidence', 'absence', 'cours', 'période', 'référence', 'décompte', 'forfait'], ['forfait', 'jours', 'réduit'], ['jours', 'repos'], ['nombre', 'jours', 'repos', 'annuels'], ['incidence', 'entrées', 'sortie', 'absence', 'cours', 'jours', 'repos'], ['incidence', 'arrivées', 'départs', 'cours', 'période', 'référence', 'rémunération'], ['modalites', 'evaluation', 'suivi', 'regulier', 'charge', 'travail', 'salary'], ['condition', 'validité', 'publicité'], ['objet', 'champ', 'application'], ['objet'], ['champ', 'application'], ['aménagement', 'temp', 'travail'], ['disposition', 'commune', 'salary', 'temp', 'plein', 'temp', 'partiel'], ['programmation', 'indicative', 'délai', 'prévenance'], ['délai', 'prévenance'], ['formalités'], ['rémunération'], ['absence', 'embauches', 'départs', 'droit', 'salariés', 'travaillé', 'pendant', 'totalité', 'période'], ['absence', 'assimilées', 'travail', 'effectif'], ['absence', 'malady', 'non', 'professionnelles'], ['autres', 'absence'], ['modalités', 'décompte', 'durée', 'annuelle', 'travail'], ['disposition', 'propres', 'salary', 'temp', 'plein', 'annualise'], ['principe', 'annualisation'], ['horaire', 'hebdomadaire', 'moyen', 'horaire', 'mensuel', 'moyen'], ['amplitude', 'aménagement', 'temp', 'travail', 'année'], ['heures', 'supplémentaires', 'contingent', 'annuel'], ['régularisation', 'issue', 'période', 'annualisation'], ['disposition', 'propres', 'salary', 'temp', 'partiel', 'annualise'], ['principe', 'annualisation'], ['durée', 'hebdomadaire', 'moyenne', 'durée', 'mensuelle', 'moyenne', 'durée', 'annuelle'], ['amplitude', 'aménagement', 'temp', 'travail', 'année'], ['heures', 'complémentaires'], ['régularisation', 'issue', 'période', 'annualisation'], ['égalité', 'droits'], ['conge', 'paye'], ['période', 'transitoire'], ['convention', 'forfait', 'annuel', 'jours'], ['salariés', 'éligibles', 'forfait', 'annuel', 'jours'], ['nombre', 'jours', 'période', 'reference'], ['nombre', 'jours', 'travaillés'], ['période', 'référence'], ['incidence', 'entrées', 'sortie', 'cours', 'période', 'référence', 'décompte', 'forfait'], ['incidence', 'absence', 'cours', 'période', 'référence', 'décompte', 'forfait'], ['forfait', 'jours', 'réduit'], ['décompte', 'durée', 'travail']]"
T07623010017,"[['accord', 'entreprise', 'relatif', 'amenagement', 'temp', 'travail', 'remuneration'], ['disposition', 'generales'], ['accord', 'applique', 'ensemble', 'salariés', 'titulaires', 'contrat', 'travail', 'conclu', 'société', 'durée', 'indéterminée', 'déterminée', 'compris', 'salariés', 'intérimaires', 'quelle', 'durée', 'contrats', 'exclusion', 'cadre', 'dirigeants'], ['publicité'], ['date', 'entrée', 'vigueur', 'durée', 'révision', 'dénonciation', 'suivi', 'accord', 'clause', 'rendez-vous'], ['accord', 'peut', 'être', 'révisé', 'demande', 'party', 'signataires', 'toute', 'demande', 'révision', 'doit', 'être', 'portée', 'connaissance', 'autres', 'party', 'lettre', 'recommandée', 'avis', 'réception', 'précisant', 'disposition', 'réviser'], ['peut', 'être', 'dénoncé', 'sou', 'réserve', 'respect', 'préavis', 'trois', 'mois'], ['outre', 'fois', 'secrétaire', 'cse', 'inscrit', 'ordre', 'jour', 'réunion', 'ordinaire', 'cette', 'instance', 'examen', 'opportunité', 'éventuelle', 'révision', 'présent', 'accord', 'secrétaire', 'invite', 'délégués', 'syndicaux', 'cette', 'réunion'], ['ensemble', 'considérations', 'présidé', 'élaboration', 'présent', 'accord', 'notamment', 'volonté', 'signataires', 'concilier', 'objectifs', 'économiques', 'aspiration', 'sociales', 'font', 'cet', 'accord', 'forme', 'tout', 'indivisible', 'saurait', 'être', 'mi', 'œuvre', 'manière', 'fractionnée', 'faire', 'objet', 'dénonciation', 'partielle'], ['temp', 'travail', 'absence'], ['définition', 'temp', 'travail'], ['définition', 'semaine', 'travail'], ['durée', 'maximale', 'quotidienne', 'temp', 'travail'], ['amenagement', 'temp', 'travail'], ['contingent', 'heures', 'supplémentaires'], ['contingent', 'heures', 'supplémentaires'], ['modalités', 'exercice', 'droit', 'déconnexion'], ['prime', 'vacances'], ['congés'], ['suppression', 'congés', 'supplémentaires', 'fractionnement']]"
T07319001148,"[['accord', 'entreprise', 'relatif', 'mise', 'œuvre', 'annualisation', 'temp', 'travail'], ['cadre', 'disposition', 'exonération', 'portant', 'heures', 'supplémentaires'], ['modalités', 'décompte', 'heures', 'supplémentaires'], ['dépôt', 'accord', 'entrée', 'application', 'publicité'], ['cadre', 'disposition', 'exonération', 'portant', 'heures', 'supplémentaires']]"
T00823001683,"[['accord', 'entreprise', 'organisation'], ['travail', '38.50h', 'semaine'], ['champ', 'date', 'application'], ['cadre', 'dispositif'], ['horaire', 'travail', 'durées', 'journalières', 'pause'], ['horaire', 'journée', 'atelier'], ['durée', 'annuelle', 'référence', 'rémunération'], ['disposition', 'substitution', 'organisation', 'travail', 'équipes', 'successives', '5x8', 'annualisé'], ['modalités', 'gestion', 'situation', 'particulières'], ['réalisation', 'heures', 'supplémentaires'], ['baisse', 'activité'], ['réalisation', 'vacation', '1er', 'mai'], ['absence'], ['congés', 'payés'], ['disposition', 'générales']]"
T07719001753,"[['negociations', 'annuelles', '2019'], ['protocole', 'accord'], [], ['service', 'flexibles'], ['organisation', 'travail'], ['autorisation', 'absence'], ['récompense', 'présentéisme'], ['refonte', 'permis', 'qualité', 'service'], [], ['employés'], ['agent', 'maitrise'], [], []]"
T07520025321,"[['accord', 'entreprise', 'relatif'], ['modification', 'horaires', 'travail', 'modalites', 'realisation', 'heures', 'supplementaires', 'complementaires'], ['service', 'logistique'], ['champ', 'application'], ['contingent', 'annuel', 'heures', 'supplementaires', 'salariés', 'temp', 'plein'], ['disposition', 'relative', 'accord'], ['detail', 'nouvelle', 'organisation'], ['depôt', 'publicite']]"
T04720001205,"[['revision', 'objectif', 'annuel'], ['heures', 'supplementaires'], ['application', 'principe', 'entraîne', 'conséquences', 'suivantes'], ['salariés', 'entrés', 'cours', 'période', 'modulation'], ['salariés', 'sortants', 'cours', 'période', 'modulation']]"
T03421004637,"[['accord', 'entreprise', 'relatif'], ['annualisation', 'temp', 'travail'], ['disposition', 'specifiques', 'salariés', 'temp', 'plein'], ['heures', 'supplémentaires', 'contingent', 'annuel'], ['disposition', 'specifiques', 'salariés', 'temp', 'partiel'], ['heures', 'complémentaires'], ['contreparties', 'faveur', 'salariés', 'temp', 'partiel'], ['egalité', 'droits'], ['disposition', 'commune'], ['periode', 'reference'], ['compteurs', 'individuels', 'suivi'], ['lissage', 'rémunération'], ['notification', 'répartition', 'temp', 'travail'], ['examen', 'compteurs', 'issue', 'période', 'référence'], ['entrée', 'vigueur', 'durée', 'accord'], ['portée', 'accord'], ['dépôt', 'publicité', 'accord']]"
A59L18012185,"[['accord', 'collectif', 'relatif', 'mise', 'place'], ['organisation', 'pluri-hebdomadaire'], ['unites', 'decentralisees', 'lomme', 'lambersart', 'perenchies', 'pdc', 'bailleul'], ['durée', 'travail'], ['aménagement', 'temp', 'travail'], ['phase'], ['activités', 'cabine'], ['phase'], ['heures', 'supplémentaires'], ['définition'], ['paiement', 'heures', 'accomplies', 'au-delà', 'moyenne', 'heures', 'calculée', 'période', 'référence'], ['rémunération'], ['embauche', 'rupture', 'contrat', 'travail', 'cours', 'période', 'référence'], ['salariés', 'temp', 'partiel'], ['accord', 'cessera', 'plein', 'droit', 'produire', 'tout', 'effet', 'terme', 'fixé', 'octobre', '2019'], ['publicité']]"
T09221023988,"[['définition', 'nécessites', 'service'], ['définition', 'retenue'], ['condition', 'travail'], ['déterminer', 'durée', 'quotidienne', 'travail', 'partenaires', 'sociaux', 'évoquent', 'situation', 'particulières', 'nature', 'activité'], ['durée', 'ininterrompue', 'repos', 'entre', 'journées', 'travail'], ['volontariat', 'comme', 'principe', 'désignation', 'comme', 'exception'], ['principe'], ['désignation'], ['iii', 'obligation', 'familiales', 'impérieuses'], ['iiii', 'salariés', 'travaillant', 'temp', 'partiel'], ['heures', 'effectuées', 'nécessité', 'service', 'sans', 'respect', 'délai', 'prévenance'], ['lorsque'], ['heures', 'effectuées', 'nécessité', 'service', 'au-delà', 'borne', 'haute', 'heures', 'hebdomadaires'], ['impact', 'heures', 'nécessités', 'service', 'repos', 'salarié'], ['dénomination/planning'], ['adhésion', 'accord'], ['dépôt', 'publicité', 'accord']]"
T08622002495,"[['accord', 'entreprise'], ['heures', 'supplémentaires'], ['contingent', 'heures', 'supplémentaires'], ['majorations', 'applicables', 'heures', 'supplémentaires'], ['durée', 'accord'], ['suivi', 'accord'], ['formalités'], ['révision', 'dénonciation', 'accord']]"
T06721007178,"[['accord', 'collectif', 'entreprise', 'portant', 'gestion', 'temp', 'travail'], ['conclu', 'application', 'article', 'l2232-21', 'l2232-23', 'code', 'travail'], ['etat', 'esprit', 'général'], ['ainsi', 'compte', 'tenu'], ['partie', 'decompte', 'contingent', 'annuel', 'heures', 'supplementaires'], ['partie', 'rtt'], ['instauration', 'repos', 'compensateur', 'equivalent', 'choix', 'salarie'], ['duree', 'repos', 'compensateur', 'equivalent'], ['prise', 'repos', 'compensateur', 'equivalent', 'information', 'salary'], ['avenant', 'contrats', 'travail'], ['partie', 'horaire', 'journalier', 'travail', 'variable'], ['champ', 'application'], ['organisation', 'temp', 'travail'], ['duree', 'travail'], ['horaire', 'journalier', 'théorique', 'horaire', 'journalier', 'théorique', 'représente', '1/5ème', 'horaire', 'hebdomadaire'], ['horaire', 'travail'], ['absence'], ['enregistrement', 'temp', 'presence'], ['partie', 'deconnexion'], ['partie', 'disposition', 'diverses']]"
T06222006949,"[['accord', 'entreprise', 'relatif', 'contingent', 'annuel', 'heures', 'supplémentaires'], ['champ', 'application'], ['article', 'applique', 'salariés', 'soumis', 'salariés', 'employés', 'forfaits', 'annuels', 'jours', 'cadre', 'dirigeants'], ['regles', 'generales', 'matiere', 'duree', 'travail'], ['temp', 'travail', 'effectif', 'temp', 'pause'], ['article', '3121-16', 'code', 'travail', 'prévoit', 'dès', 'temp', 'travail', 'quotidien', 'atteint', 'six', 'heures', 'salarié', 'bénéficie', 'temp', 'pause', 'durée', 'minimale', 'vingt', 'minute', 'consécutives'], ['durée', 'maximale', 'travail', 'durée', 'quotidienne', 'minimale', 'repos'], ['repos', 'hebdomadaire'], ['heures', 'supplementaires'], ['définition'], ['rémunération', 'heures', 'supplémentaires'], ['contingent', 'annuel', 'heures', 'supplémentaires'], ['définition'], ['limite', 'contingent'], ['disposition', 'finale'], ['information', 'salariés'], ['révision', 'dénonciation'], ['dépôt', 'publicité']]"
T09123010380,"[['accord', 'collectif', 'entreprise', 'portant', 'adaptation', 'modalités', 'organisation', 'convention', 'annuelles', 'forfaits', 'jours', 'rémunération', 'contingent', 'heures', 'supplémentaires', 'mise', 'place', 'titre', 'restaurant', 'sein', 'société', 'evenia'], ['article', 'régime', 'juridique', 'convention', 'annuelles', 'forfait', 'jour'], ['article', 'nombre', 'jours', 'travaillés'], ['rémunération'], ['modalités', 'décompte', 'journées', 'travaillées'], ['contingent', 'heures', 'supplementaires', 'ca', 'modulation', 'temp', 'travail'], ['remuneration', 'heures', 'supplementaires'], ['article', 'champ', 'application'], ['article', 'décompte', 'heures', 'supplémentaires'], ['rémunération', 'heures', 'supplémentaires'], ['article', 'champ', 'application'], ['article', 'condition', 'attribution'], ['montant', 'titre', 'restaurant'], ['formalites'], ['article', 'date', 'effet', 'durée', 'accord'], ['article', 'dénonciation', 'révision', 'accord'], ['dépôt', 'accord']]"
T09321007239,"[['accord', 'annualisation', 'temp', 'travail'], ['champ', 'application'], ['période', 'annualisation'], ['principe', 'annualisation'], ['rappel', 'définitions', 'légales'], ['rappel', 'disposition', 'relative', 'durées', 'maximales', 'temp', 'travail'], ['durée', 'maximale', 'hebdomadaire', 'travail'], ['durée', 'maximale', 'quotidienne', 'travail'], ['durée', 'annuelle', 'référence'], ['définition', 'annualisation', 'temp', 'travail'], ['délai', 'prévenance'], ['article', '2.3', 'convention', 'collective', 'entreprises', 'prévention', 'sécurité', 'prévoit', 'ca', 'ajustement', 'ponctuel', 'horaire', 'travail', 'justifié', 'nécessités', 'service', 'traduisant', 'service', 'heures', 'supplémentaires', 'ledit', 'ajustement', 'peut', 'faire', 'objet', 'information', 'moins', 'heures', 'avance', 'précisé', 'salarié', 'oppose', 'refus', 'raisons', 'justifiées', 'refus', 'peut', 'donner', 'lieu', 'application', 'sanction', 'disciplinaires'], ['rémunération', 'absence', 'entrée', 'sortie', 'cours', 'période'], ['rémunération'], ['absence'], ['départ', 'arrivée', 'cours', 'année'], ['décompte', 'heures', 'supplémentaires'], ['salariés', 'absence', 'maladie', 'accident']]"
T01023060121,"[['accord', 'entreprise', 'relatif', 'contingent'], ['heures', 'supplémentaires'], ['objet'], ['définition', 'heures', 'supplémentaires'], ['accomplissement', 'heures', 'supplémentaires'], ['contingent', 'annuel', 'heures', 'supplémentaires'], ['contreparties', 'obligatoires', 'repos'], ['consultation', 'personnel'], ['dépôt', 'publicité', 'accord']]"
T01419002286,"[['avenant', 'accord', 'collectif', 'définissant'], ['organisation', 'temp', 'travail'], ['suspension', 'annualisation'], ['durée', 'travail'], ['suivi', 'accord', 'clause', 'rendez'], ['révision'], ['formalités']]"
T04922008681,"[['avenant', 'accord', 'temp', 'travail'], ['durée', 'travail'], ['définition', 'temp', 'travail'], ['décompte', 'temp', 'travail'], ['contrôle', 'temp', 'travail'], ['heures', 'supplémentaires'], ['paiement', 'compensation', 'heures', 'supplémentaires'], ['dépôt', 'publicité', 'accord']]"
T04919003259,"[['accord', 'rtt', 'ouvriers', 'employés', 'daté', 'juin', '2001'], ['durée', 'travail', 'règles', 'générales'], ['durées', 'maximales', 'travail'], ['durée', 'maximale', 'quotidienne'], ['conformément', 'article', 'l.3121-20', 'code', 'travail', 'durée', 'maximale', 'hebdomadaire', 'travail', 'heures'], ['recours', 'heures', 'supplémentaires'], ['modalités', 'accomplissement', 'heures', 'supplémentaires'], ['rémunération', 'heures', 'supplémentaires'], ['volume', 'heures', 'supplémentaires', 'détermination', 'utilisation', 'dépassement', 'contingent', 'annuel'], ['contrepartie', 'obligatoire', 'repos'], ['repos', 'hebdomadaire'], ['journée', 'solidarité'], ['organisation', 'temp', 'travail'], ['durée', 'travail', 'applicable'], ['horaire', 'collectif', 'travail', 'déterminé', 'base', 'hebdomadaire', '37h00'], ['heures', 'supplémentaires'], ['durée', 'travail', 'applicable'], ['temp', 'pause'], ['heures', 'supplémentaires'], ['régime', 'nuit'], ['organisation', 'temp', 'travail', 'nuit', 'concerne', 'salariés', 'entreprise', 'jogam', 'composants', 'travaillant', 'nuit'], ['organisation', 'travail', 'cadre', 'poste', 'nuit'], ['durée', 'travail', 'applicable'], ['temp', 'pause'], ['durée', 'maximale', 'quotidienne'], ['mesures', 'destinées', 'favoriser', 'égalité', 'professionnelle', 'entre', 'femmes', 'hommes'], ['formation', 'professionnelle', 'travailleurs', 'nuit'], ['contreparties', 'travail', 'nuit'], ['majoration', 'nuit'], ['titre', 'illustration', 'heures', 'travail', 'effectif', 'hebdomadaire', 'comptabilisé', '36.80', 'heures'], ['indemnité', 'restauration'], ['période', 'décompte'], ['volume', 'annuel', 'jours', 'travail', 'convenu'], ['répartition', 'jours', 'travail', 'année'], ['rémunération'], ['principe'], ['renonciation', 'jours', 'repos'], ['incidence', 'rémunération', 'absence', 'arrivées', 'départs', 'cours', 'période', 'décompte'], ['contrôle', 'nombre', 'jours', 'travail'], ['evaluation', 'suivi', 'régulier', 'charge', 'travail'], ['entretiens', 'périodiques'], ['articulation', 'entre', 'activité', 'professionnelle', 'vie', 'personnelle'], ['droit', 'déconnexion'], ['durée', 'accord', 'règles', 'révision', 'dénonciation', 'publicité']]"
T07719001610,"[['accord', 'entreprise'], ['contingent', 'heures', 'supplementaires'], ['contingent', 'annuel', 'heures', 'supplémentaires']]"
T08119000619,"[['accord', 'condition', 'indemnisation'], ['astreintes', 'intervention', 'professionnelles'], ['exceptionnelles', 'hors', 'jours', 'habituels', 'travail'], [], ['disposition', 'générales'], ['repos', 'compensateur', 'remplacement', 'contrepartie', 'obligatoire', 'repos'], ['condition', 'indemnisation'], ['durée', 'accord', 'révision', 'dénonciation'], ['dépôt', 'accord'], ['communication']]"
T04423060676,"[['contenu', 'contrat', 'travail'], ['durée', 'travail'], ['période', 'référence', 'décompte', 'temp', 'partiel'], ['durée', 'minimale', 'maximale', 'travail'], ['information', 'salariés', 'programmation', 'activité', 'leurs', 'horaires', 'travail'], ['condition', 'délais', 'prévenance', 'ca', 'modification', 'programmation', 'indicative', 'temp', 'travail'], ['heures', 'complémentaires'], ['rémunération'], ['prise', 'compte', 'absence'], ['arrivée', 'départ', 'cours', 'période', 'référence'], ['congés', 'payés', 'jours', 'repos'], ['clause', 'dénonciation', 'accord', 'durée', 'indéterminée'], ['clause', 'rendez-vous', 'suivi'], ['clause', 'révision'], ['dépôt', 'publicité', 'mise', 'ligne'], ['entrée', 'vigueur', 'accord']]"
T01419002346,"[['accord', 'entreprise', 'amenagement', 'temp', 'travail', 'annuel', 'salary', 'temp', 'partiel', 'dont', 'temp', 'travail', 'inferieur', 'etp'], ['durée', 'répartition', 'temp', 'travail'], ['heures', 'complémentaires'], ['rémunération']]"
T01118000171,"[['accord', 'entreprise', 'relatif', 'contingent', 'annuel', 'heures', 'supplementaires'], ['décembre', '2017'], ['bref', 'rappel', 'législation'], ['repos', 'compensateur', 'hors', 'contingent'], ['contrepartie', 'obligatoire', 'heures', 'hors', 'contingent'], ['bilan', 'annuel'], ['accord', 'fera', 'objet', 'dépôt', 'prévu', 'article', 'l.2231-6', 'code', 'travail'], ['dénonciation']]"
T03420003350,"[['accord', 'entreprise', 'relatif', 'taux', 'majoration'], ['contingent', 'heures', 'supplémentaires'], ['objet'], ['projet', 'accord', 'soumis', 'cse'], ['temp', 'travail', 'rémunération', 'heures', 'supplémentaires'], ['contingent', 'heures', 'supplémentaires'], ['durée'], ['suivi'], ['renouvellement', 'révision'], ['dénonciation']]"
T04421010650,"[['accord', 'entreprise', 'relatif', 'heures', 'supplementaires'], ['contrepartie', 'indemnites', 'petits', 'deplacements'], ['objet'], ['accomplissement', 'heures', 'supplémentaires'], ['contingent', 'annuel', 'heures', 'supplémentaires'], ['majorations', 'heures', 'supplémentaires'], ['repos', 'compensateur', 'remplacement'], ['prise', 'repos', 'compensateur'], ['rupture', 'contrat'], ['petits', 'déplacements'], ['zone', 'concentriques'], ['point', 'départ'], ['indemnité', 'repas'], ['indemnité', 'trajet'], ['indemnité', 'frais', 'transport'], ['durée', 'accord', 'entreprise', 'entrée', 'vigueur'], ['dépôt', 'publicité', 'accord', 'entreprise'], ['base', 'données', 'nationale', 'accord', 'collectifs']]"
T09019000341,"[['accord', 'entreprise', 'sarl', 'perch'], ['organisation', 'temp', 'travail'], ['durée', 'maximale', 'hebdomadaire'], ['repos', 'compensateur', 'remplacement', 'majoration', 'heures', 'supplémentaires'], ['contingent', 'annuel', 'heures', 'supplémentaires'], ['prise', 'repos', 'compensateurs', 'délais', 'prévenance'], ['repos', 'hebdomadaire'], ['consultation', 'personnel'], ['suivi', 'révision', 'dénonciation', 'accord'], ['accord', 'entrera', 'vigueur', 'jour', 'dépôt', 'auprès', 'autorité', 'administrative']]"
T05720003412,"[['accord'], [], [], ['cadre', 'juridique'], [], [], [], ['contenu', 'cet', 'accord'], ['augmentation', 'générale'], ['prime', 'dite', '13ème', 'mois'], ['prime', 'vacances'], ['majoration', 'heures', 'travail', 'ca', 'permanence', 'hors', 'cadre'], ['majoration', 'heures', 'travail', 'effectuées', 'cadre', 'permanence'], ['prime', 'travailleurs', 'handicapés'], [], ['publicité']]"
T07523055721,"[['organisation', 'horaires', 'individualisés'], ['durée', 'travail'], ['amplitude', 'quotidienne', 'horaire', 'travail', 'heures', 'sauf', 'ca', 'intervention', 'exceptionnelle'], ['heures', 'supplémentaires'], ['temp', 'trajet', 'effectué', 'techniciens'], ['spécificités', 'liées', 'travail', 'effectué', 'dehors', 'plage', 'définies'], ['spécificités', 'liées', 'réalisation', 'astreinte'], ['modalités', 'suivi', 'horaires', 'individualisés'], ['absence'], ['suivi', 'clause', 'rendez-vous']]"
T07919000966,"[['accord', 'entreprise'], ['compte', 'epargne', 'temp', 'cet'], ['contingent', 'heures', 'supplementaires'], ['compte', 'épargne', 'temp', 'cet'], ['champ', 'application', 'bénéficiaires'], ['ouverture', 'compte'], ['tenue', 'comptes'], ['alimentation', 'compte'], ['information', 'salarié'], ['utilisation', 'compte', 'épargne', 'temp'], ['utilisation', 'compte', 'épargne', 'temp', 'sou', 'forme', 'congé'], ['utilisation', 'compte', 'épargne', 'temp', 'sou', 'forme', 'rémunération'], ['délai', 'utiliser', 'droits', 'acquis'], ['cessation', 'activité', 'salarié'], ['indemnisation', 'congé', 'liquidation', 'montant', 'indemnisation'], ['reprise', 'travail'], ['traitement', 'social', 'fiscal', 'alimentation', 'utilisation', 'compte', 'épargne', 'temp'], ['cessation', 'compte', 'épargne', 'temp'], ['augmentation', 'contingent', 'heures', 'supplémentaires'], ['contingent', 'heures', 'supplémentaires'], ['prise', 'effet', 'durée'], ['dénonciation'], ['révision'], ['notification', 'dépôt']]"
T06323005874,"[['accord', 'fait', 'objet', 'formalités', 'dépôt', 'publicité', 'nécessaires'], ['objet', 'champ', 'application'], ['objet'], ['champ', 'application'], ['aménagement', 'temp', 'travail'], ['disposition', 'commune', 'salariés', 'temp', 'plein', 'temp', 'partiel'], ['période', 'référence'], ['programmation', 'indicative', 'délai', 'prévenance'], ['délai', 'prévenance'], ['rémunération'], ['décompte', 'temp', 'travail', 'effectif'], ['absence', 'cours', 'année'], ['absence', 'assimilées', 'temp', 'travail', 'effectif'], ['absence', 'non', 'assimilées', 'temp', 'travail', 'effectif'], ['embauches', 'départs'], ['durées', 'maximales', 'travail'], ['organisation', 'propre', 'salariés', 'temp', 'plein', 'annualisé'], ['amplitude', 'aménagement', 'temp', 'travail', 'année'], ['rémunération', 'heures', 'supplémentaires'], ['régularisation', 'issue', 'période', 'annualisation'], ['augmentation', 'contingent', 'heures', 'supplémentaires'], ['disposition', 'propres', 'salariés', 'temp', 'partiel', 'annualisé'], ['principe', 'annualisation'], ['durées', 'moyennes', 'travail'], ['rémunération', 'salariés', 'temp', 'partiel'], ['amplitude', 'aménagement', 'temp', 'travail', 'année'], ['heures', 'complémentaires'], ['régularisation', 'issue', 'période', 'annualisation'], ['contrat', 'travail'], ['égalité', 'droits'], ['disposition', 'finale'], ['durée', 'dénonciation', 'révision', 'accord'], ['révision'], ['dénonciation'], ['condition', 'validité', 'publicité']]"
T03320005652,[]
T04921006626,"[['accord', 'collectif', 'relatif', 'regime', 'travail', 'accompagnement', 'social', 'personnel', 'affecte', 'site', 'chemille', 'etablissement', 'trelaze-angers', 'ppdc'], ['durée', 'travail'], ['aménagement', 'temp', 'travail'], ['concernant', 'service', 'gcc'], ['disposition', 'commune'], ['précision', 'concernant', 'renfort', 'structurel'], ['heures', 'supplémentaires'], ['définition'], ['paiement', 'heures', 'supplémentaires'], ['rémunération'], ['embauche', 'rupture', 'contrat', 'travail', 'cours', 'période', 'référence'], ['salariés', 'temp', 'partiel'], ['eléments', 'relatifs', 'accompagnement', 'social'], ['dispositif', 'formation'], ['accompagnement', 'financier'], ['dispositif', 'promotion'], ['accompagnement', 'lié', 'mise', 'place', 'nouvelle', 'organisation'], ['disposition', 'spécifiques', 'concernant', 'agent', 'rouleurs'], ['matériel', 'spécifique'], ['autres', 'mesures'], ['durée', 'accord', 'révision', 'dénonciation'], ['publicité']]"
T00621004792,"[['hopital', 'prive', 'geriatrique', 'source'], ['accord', 'heures', 'supplémentaires'], ['situation', 'personnel', 'soignant'], ['périmètre', 'accord'], ['paiement', 'heures', 'supplémentaires'], ['heures', 'supplémentaires'], ['heures', 'ssi', 'réservé', 'personnel', 'soignant'], ['circonstances', 'exceptionnelles'], ['situation', 'personnel', 'non', 'soignant', 'service', 'logistiques'], ['périmètre', 'accord'], ['paiement', 'heures', 'supplémentaires'], ['heures', 'supplémentaires'], ['principe', 'égalité', 'salariés', 'devant', 'heures', 'supplémentaires'], ['entrée', 'vigueur', 'durée', 'accord'], ['révision'], ['notification', 'dépôt', 'publicité', 'accord']]"
T06423007003,"[['accord', 'entreprise', 'portant', 'aménagement', 'temp', 'travail'], ['améliorer', 'efficacité', 'performance', 'organisation', 'temp', 'travail', 'personnel', 'entreprise'], [], ['disposition', 'générales'], ['objet', 'accord'], ['modalités', 'révision', 'dénonciation'], ['article', '21-4', 'convention', 'collective', 'nationale', 'hôtels', 'cafés', 'restaurant', 'applicable', 'jour', 'dispose', 'temp', 'repos', 'entre', 'deux', 'jours', 'travail', 'fixé', 'ensemble', 'personnel', 'heures', 'consécutives', 'heures', 'consécutives', 'jeunes', 'moins', 'an'], ['contrepartie', 'dérogation', 'article', '21-4', 'convention', 'collective'], ['modalités', 'prise', 'repos', 'compensateurs'], [], ['définition', 'temp', 'travail', 'effectif'], ['durée', 'quotidienne', 'travail'], ['durée', 'maximale', 'hebdomadaire'], [], ['heures', 'supplémentaires'], ['heures', 'supplémentaires'], ['contingent', 'heures', 'supplémentaires'], ['durée', 'annuelle', 'travail', 'salariés', 'temp', 'plein', 'hors', 'cadre', 'dirigeants'], ['programmation', 'indicative', 'heures', 'travail'], ['amplitude', 'annualisation', 'temp', 'plein'], ['cumul', 'contrats', 'travail'], ['principe', 'lissage', 'rémunération']]"
T05723060142,"[['accord', 'entreprise', 'portant', 'amenagement', 'temp', 'travail', 'conge', 'paye', 'compte', 'epargne', 'temp', 'prime'], ['disposition', 'generales'], ['date', 'effet', 'accord'], ['duree', 'accord'], ['champ', 'application'], ['condition', 'suivi', 'interpretation'], ['revision'], ['depot', 'publicite'], ['personnel', 'concerne'], ['definition', 'temp', 'travail', 'effectif'], ['durees', 'maximales', 'temp', 'travail', 'temp', 'repos'], ['organisation', 'temp', 'travail'], ['heures', 'supplementaires'], ['personnel', 'concerne'], ['amenagement', 'temp', 'travail', 'attribution', 'jours', 'repos', 'dit', 'jrtt'], ['duree', 'travail', 'hebdomadaire'], ['salary', 'hors', 'champ', 'application'], ['acquisition', 'droits', 'jours', 'repos'], ['regles', 'modalite', 'prise'], ['absence', 'prise', 'jrtt', 'acquis', 'ouvre', 'droit', 'paiement', 'heures', 'supplémentaires'], ['paiement', 'jrtt'], ['modulation', 'duree', 'travail'], ['personnel', 'concerne'], ['periode', 'reference'], ['calcul', 'droit', 'conge', 'paye'], ['conge', 'fractionnement'], ['modalite', 'prise', 'conge'], ['periode', 'ordre', 'departs', 'conge', 'paye'], ['paiement', 'conge', 'paye'], ['conge', 'evenements', 'familiaux'], ['journees', 'absence', 'enfant', 'malade'], ['conge', 'sabbatique'], ['conge', 'creation', 'entreprise'], ['conge', 'formation', 'comite', 'social', 'economique'], ['conge', 'bilan', 'competence'], ['medailles', 'travail'], ['don', 'conge'], ['compte', 'epargne', 'temp'], ['personnel', 'concerne'], ['alimentation', 'plafond', 'cet'], ['ouverture', 'compte', 'épargne', 'temp', 'faite', 'automatiquement', 'service', 'ressources', 'humaines'], ['utilisation', 'cet'], ['modalites', 'prises', 'conge'], ['indemnisation', 'conge', 'pris'], ['monetisation', 'cet'], ['liquidation', 'cet'], ['versement', '13eme', 'mois'], ['prime', 'vacances'], ['prime', 'exceptionnelle', 'retraite']]"
T03023005009,"[['accord', 'entreprise', 'relatif'], ['contingent', 'annuel', 'heures', 'supplementaires'], ['champ', 'application'], ['entree', 'vigueur', 'duree', 'accord'], ['augmentation', 'contingent', 'annuel', 'heures', 'supplementaires'], ['suivi', 'accord'], ['revision'], ['denonciation'], ['formalite', 'publicite']]"
T07422006099,"[['accord', 'collectif', 'instituant', 'amenagement', 'temp', 'travail', 'annee'], ['période', 'référence'], ['durée', 'annuelle', 'travail', 'modalités', 'modulation', 'entre', 'périodes', 'hautes', 'périodes', 'bass', 'durée', 'moyenne', 'hebdomadaire'], ['semaines', 'haute', 'basse', 'activité'], ['compensation', 'durée', 'moyenne', 'hebdomadaire'], ['programmation', 'indicative', 'modification'], ['programmation', 'indicative', 'transmise', 'salariés', 'début', 'chaque', 'période', 'référence'], ['modification', 'programmation', 'indicative', 'initiative', 'salarié'], ['consultation', 'comité', 'social', 'économique', 'transmission', 'inspecteur', 'travail'], ['décompte', 'heures', 'supplémentaires'], ['incidence', 'absence', 'décompte', 'heures', 'supplémentaires'], ['incidence', 'absence', 'seuil', 'déclenchement', 'heures', 'supplémentaires'], ['octroi', 'jours', 'repos'], ['affichage', 'contrôle', 'durée', 'travail'], ['rémunération', 'salariés'], ['incidence', 'absence', 'indemnisation', 'retenue'], ['révision'], ['dénonciation']]"
T07123003907,"[['avenant', 'n°1', 'accord', 'entreprise', 'portant'], ['duree', 'amenagement'], ['temp', 'travail'], ['astreintes'], ['définition'], ['programmation', 'astreintes'], ['mise', 'place', 'astreintes', 'information', 'salariés'], ['modification', 'planning'], ['circonstances', 'exceptionnelles'], ['moyens', 'mi', 'disposition', 'salarié', 'astreinte'], ['articulation', 'entre', 'astreintes', 'temp', 'repos'], ['rémunération', 'astreintes', 'intervention'], ['indemnisation', 'temp', 'intervention'], ['fiche', 'déclarative'], ['ca', 'particuliers', 'salariés', 'relevant', 'convention', 'forfait', 'jours', 'année'], ['travail', 'equipes'], ['disposition', 'commune'], ['planning'], ['indemnités', 'repas'], ['congés', 'payés'], ['majorations'], ['organisation', 'travail'], ['bi', 'travail', 'équipes', 'successives', 'travail', 'posté', 'continu'], ['bis-1', 'organisation', 'travail'], ['bis-2', 'jours', 'fériés'], ['bis-3', 'travail', 'nuit'], ['bis.3.1', 'définition', 'travail', 'nuit'], ['bis.3.4', 'surveillance', 'médicale', 'travailleurs', 'nuit'], ['bis.3.7-', 'accès', 'formation', 'professionnelle'], ['ter', 'travail', '24/7', 'équipes', 'suppléantes', 'week-end', 'travail', 'posté', 'continu'], ['ter-1', 'equipes', 'suppléances'], ['jours', 'fériés'], ['travail', 'nuit'], ['ter-2', 'temp', 'partiel'], ['disposition', 'finale'], ['suivi', 'accord', 'clause', 'rendez-vous'], ['révision'], ['dénonciation'], ['consultation', 'dépôt']]"
T07521027681,"[['accord', 'substitution', 'amenagement', 'temp', 'travail'], ['définition', 'temp', 'travail', 'effectif'], ['durée', 'travail'], ['décompte'], ['forfait', 'annuel', '209', 'jours', 'travaillés', 'cadre', 'autonomes'], ['personnel', 'concerné'], ['durée', 'travail'], ['amplitude', 'repos'], ['modalités', 'décompte', 'journées', 'demi-journées', 'travaillées'], ['condition', 'contrôle', 'application', 'régime', 'forfaits', 'jours', 'amplitude', 'journées', 'travail', 'charge', 'travail'], ['dispositif', 'alerte'], ['rémunération', 'forfaitaire'], ['situation', 'salariés', 'récemment', 'embauchés', 'sortant', 'cours', 'année'], ['nature', 'jours', 'repos'], ['forfait', 'jours', 'réduit'], ['annualisation', 'octroi', 'jours', 'rtt'], ['personnel', 'concerné'], ['durée', 'travail'], ['nature', 'jours', 'rtt'], ['acquisition', 'jours', 'rtt'], ['situation', 'salariés', 'embauchés', 'sortants', 'cours', 'année'], ['durées', 'maximales', 'travail', 'durée', 'minimales', 'repos'], ['heures', 'supplémentaires'], ['travail', 'temp', 'partiel'], ['définition'], ['accès', 'temp', 'partiel'], ['passage', 'temp', 'partiel', 'temp', 'complet'], ['droit', 'déconnexion'], ['agissant', 'courriers', 'électroniques'], ['agissant', 'appels', 'téléphoniques'], ['procédure', 'adoption', 'accord'], ['révision'], ['dénonciation']]"
T06921017187,"[['accord', 'entreprise'], ['relatif', 'contingent', 'heures', 'supplementaires'], ['partie'], ['partie'], ['contingent', 'heures', 'supplémentaires'], ['majorations', 'applicables', 'heures', 'supplémentaires'], ['partie'], ['disposition', 'finale'], ['suivi', 'accord', 'clause', 'rendez-vous'], ['révision'], ['dénonciation']]"
T02621003227,"[['accord', 'entreprise'], ['relatif'], ['amenagement', 'temp', 'travail', 'cadre', 'entreprise'], ['ca', 'général'], ['décompte', 'journées', 'travaillées'], ['cadre', 'juridique'], ['personnel', 'intérimaire'], ['durée', 'collective', 'travail'], ['rappel', 'définition', 'temp', 'travail', 'effectif'], ['temp', 'pause'], ['durée', 'maximale', 'travail'], ['durée', 'maximale', 'quotidienne', 'travail'], ['durée', 'maximale', 'hebdomadaire', 'travail'], ['repos', 'quotidien', 'hebdomadaire'], ['journée', 'solidarité'], ['disposition', 'spécifiques', 'usage', 'cadre', 'forfait', 'jours'], ['bénéficiaires'], ['responsable', 'juriste'], ['période', 'référence'], ['ca', 'général'], ['ca', 'général'], ['décompte', 'journées', 'travaillées'], ['calcul', 'jour', 'salaire', 'réel', 'forfaitaire'], ['salaire', 'réel', 'mensuel'], ['rémunération'], ['convention', 'individuelle', 'forfait'], ['convention', 'précisera'], ['rémunération'], ['organisation', 'travail'], ['contrôle', 'durée', 'travail'], ['suivi', 'temp', 'repos', 'charge', 'travail', 'entretien', 'individuel'], ['droit', 'déconnexion'], ['privilégier', 'envoi', 'différé', 'ca', 'rédaction', 'courriels', 'dehors', 'horaires', 'travail'], ['règles', 'similaires', 'peuvent', 'être', 'respectées', 'concernant', 'utilisation', 'appels', 'téléphoniques', 'sm'], ['suivi', 'dispositif', 'clause', 'rendez-vous'], ['bénéficiaires'], ['calcul', 'jours', 'travaillés'], ['calcul', 'nombre', 'jours', 'rtt'], ['modalités', 'organisation', 'temp', 'travail'], ['heures', 'supplémentaires'], ['constituent', 'heures', 'supplémentaires'], ['modalités', 'décompte', 'contrôle', 'temp', 'travail'], ['détermination', 'périodes', 'congés', 'payés'], ['interprétation', 'modification', 'dénonciation', 'accord', 'consultation', 'institution', 'représentatives', 'personnel', 'formalités']]"
T01022001914,"[['accord', 'collectif', 'relatif', 'mise', 'place', 'organisation', 'pluri-hebdomadaires', 'chapelle', 'troyes', 'glpa', 'ppdc'], ['durée', 'travail'], ['aménagement', 'temp', 'travail'], ['heures', 'supplémentaires'], ['définition'], ['rémunération'], ['embauche', 'rupture', 'contrat', 'travail', 'cours', 'période', 'référence'], ['salariés', 'temp', 'partiel'], ['durée', 'accord', 'révision', 'dénonciation'], ['commission', 'suivi', 'clause', 'rendez-vous'], ['publicité']]"
A05818000717,"[['durée', 'travail'], ['aménagement', 'temp', 'travail'], ['heures', 'supplémentaires'], ['définition'], ['paiement', 'heures', 'supplémentaires', 'accomplies', 'au-delà', 'moyenne', '35h00', 'calculées', 'période', 'référence'], ['rémunération'], ['embauche', 'rupture', 'contrat', 'travail', 'cours', 'période', 'référence'], ['salariés', 'temp', 'partiel'], ['durée', 'accord', 'révision', 'dénonciation'], ['publicité']]"
T01321011998,"[['accord', 'entreprise', 'relatif', 'organisation', 'travail', 'temp', 'travail', 'creation', 'nouvelles', 'grille', 'remuneration', 'salary', 'unite', 'administration', 'support'], ['champ', 'application', 'beneficiaires'], ['organisation', 'travail'], ['rappel', 'réglementation', 'matière', 'temp', 'travail'], ['horaires', 'travail'], ['définition', 'heures', 'supplémentaires'], ['gestion', 'jours', 'fériés'], ['element', 'remuneration'], ['eléments', 'fix', 'rémunération'], ['mise', 'place', 'classification', 'ccnu', 'sein', 'unité', 'administration', 'exploitation'], ['principe', 'fondamentaux', 'évolution', 'professionnelle'], ['mode', 'constitution', 'nouvelles', 'grille', 'rémunération', 'spécifique', 'salariés', 'unité', 'administration', 'support'], ['indexation', 'revalorisation', 'salaire', 'base'], ['modalités', 'critères', 'évolution', 'augmentation', 'individuelle', 'complément', 'fonction'], ['prime', 'ancienneté'], ['ancienneté', 'apprécie', 'conformément', 'disposition', 'légales', 'conventionnelles'], ['suppression', 'prime', 'fonction'], ['eléments', 'variable', 'rémunération'], ['heures', 'supplémentaires'], ['heures', 'travaillées', 'nuit', 'dimanche', 'lors', 'jour', 'férié'], ['autres', 'éléments', 'rémunération'], ['détermination', 'gratification', 'fin', 'année', 'dite', '13e', 'mois'], ['détermination', 'prime', 'départ', 'vacances'], ['détermination', 'indemnité', 'transport'], ['détermination', 'indemnité', 'repos', 'conventionnel'], ['détermination', 'indemnité', 'congés', 'payés'], ['médailles', 'travail'], ['mutuelle'], ['prévoyance'], ['indemnisation', 'départs'], ['date', 'effet', 'duree', 'accord'], ['denonciation', 'revision'], ['notification', 'delai', 'opposition'], ['modalites', 'depot', 'accord']]"
T04023003077,"[['accord', 'entreprise'], ['relatif', 'contingent', 'heures', 'supplémentaires', 'indemnités', 'petits', 'déplacements'], ['contingent', 'heures', 'supplémentaires'], ['petits', 'déplacements'], ['zone', 'concentriques'], ['indemnité', 'trajet'], ['indemnité', 'repas'], ['formalités']]"
T07618000423,"[['accord', 'relatif', 'maintien', 'aménagement', 'temp', 'travail', 'sein', 'site', 'neufchâtel', 'bray'], ['champ', 'application'], ['duree', 'travail'], ['heures', 'supplementaires'], ['définition'], ['paiement', 'heures', 'supplémentaires'], ['remuneration'], ['embauche', 'rupture', 'contrat', 'travail', 'cours', 'période', 'référence'], ['duree', 'accord', 'revision', 'denonciation'], ['publicite']]"
T06020002212,"[['avenant', 'accord', 'réduction', 'temp', 'travail'], ['eurovoirie'], ['année', '2020'], ['principe', 'généraux', 'aménagement', 'temp', 'travail'], ['durée', 'travail', 'entreprise'], ['différentes', 'population'], ['temp', 'travail', 'effectif'], ['pause'], ['journée', 'solidarité'], ['congés', 'payés'], ['perco'], ['organisation', 'temp', 'travail', 'heures', 'année'], ['période', 'décompte', 'horaire'], ['délai', 'prévenance', 'changements', 'horaire'], ['rémunération'], ['heures', 'excédentaires'], ['règles', 'organisation', 'journée', 'travail'], ['organisation', 'temp', 'travail', 'heures', 'année'], ['période', 'décompte', 'horaire'], ['heures', 'supplémentaires'], ['certaines', 'heures', 'supplémentaires', 'ouvrent', 'également', 'droit', 'contrepartie', 'obligatoire', 'repos'], ['organisation', 'temp', 'travail', 'jours', 'année'], ['période', 'décompte', 'forfait'], ['convention', 'forfait'], ['modèle', 'clause'], ['modalités', 'suivi', 'organisation', 'travail'], ['horaires'], ['révision'], ['dénonciation'], ['publication']]"
T08519002265,"[['accord', 'collectif', 'entreprise'], ['champ', 'application', 'territorial', 'professionnel'], ['définitions'], ['temp', 'travail', 'effectif'], ['durée', 'légale', 'travail'], ['temp', 'pause'], ['durée', 'maximale', 'travail'], ['durée', 'quotidienne', 'maximale'], ['durée', 'hebdomadaire', 'maximale'], ['durée', 'repos', 'quotidien', 'repos', 'hebdomadaire'], ['temp', 'partiel'], ['heures', 'supplémentaires'], ['durée', 'collective', 'travail'], ['fixation', 'répartition', 'temp', 'travail'], ['temp', 'pause'], ['rémunération'], ['heures', 'supplémentaires'], ['entrées', 'sortie', 'cours', 'période'], ['suivi', 'individuel', 'heures', 'travaillées'], ['organisation', 'déplacements'], ['indemnisation', 'déplacement'], ['vêtements', 'travail', 'habillage/déshabillage'], ['durée', 'accord', 'dénonciation', 'révision']]"
T07119000767,"[['accord', '2019', 'negociation', 'annuelle', 'obligatoire'], ['salaires', 'effectifs', 'emploi'], ['duree', 'effective', 'organisation', 'temp', 'travail'], ['champ', 'application', 'accord'], ['objet', 'accord'], ['durée', 'effective', 'organisation', 'temp', 'travail'], ['période', 'hivernale'], ['période', 'estivale'], ['personnel', 'posté'], ['salaires', 'effectifs'], ['autres', 'éléments'], ['publicité', 'accord']]"
T09419003401,"[['accord', 'entreprise', 'societe', 'sarl', 'creche', 'navi'], ['durée', 'révision', 'dénonciation'], ['suivi'], ['embauche', 'contrat', 'travail'], ['document', 'obligatoires'], ['salaires'], ['obligation', 'particulières', 'salarié'], ['renouvellement', 'contrat', 'durée', 'déterminée'], ['durée', 'travail'], ['référence', 'hebdomadaire'], ['temp', 'pause'], ['taux', 'majoration', 'heures', 'non', 'récupérées'], ['temp', 'partiel'], ['durée', 'minimale'], ['heures', 'complémentaires'], ['planning', 'modification', 'salariés', 'temp', 'complet'], ['congés', 'jours', 'fériés'], ['absence', 'autorisées', 'évènements', 'familiaux', 'démarche', 'administrative'], ['jours', 'enfant', 'malade'], ['jours', 'fériés'], ['garantie', 'frais', 'santé', 'prévoyance'], ['frais', 'transport'], ['primauté', 'accord', 'entreprise'], ['publicité']]"
T02921004456,"[['accord', 'local', 'relatif', 'compteur', 'heures', 'supplémentaires'], ['personnel'], ['port', 'commerce', 'roscoff'], ['port', 'commerce', 'roscoff'], ['personnel', 'sou', 'convention', 'ccnu', 'port', 'manutention'], ['condition', 'générales', 'accord', 'entreprise', 'date', 'entrée', 'vigueur', 'durée', 'accord', 'révision', 'dénonciation', 'représentants', 'personnel', 'formalités', 'dépôt', 'publicité'], ['définition', 'sujet'], ['compteur', 'heures', 'supplémentaires'], ['champ', 'application'], ['condition', 'générales', 'accord', 'entreprise'], ['révision'], ['discussion', 'devront', 'engager', 'jours', 'suivant', 'date', 'demande', 'révision'], ['dénonciation'], ['représentants', 'personnel'], ['accord', 'soumis', 'avis', 'préalable', 'représentants', 'personnel']]"
T06919007005,"[['accord', 'entreprise'], ['vie', 'societe'], ['juillet', '2019'], ['accord', 'entreprise'], ['vie', 'societe'], ['accomplissement', 'heures', 'supplémentaires'], ['majoration', 'heures', 'supplémentaires'], ['repos', 'compensateurs', 'équivalents', 'rce'], ['contingent', 'heures', 'supplémentaires', 'rappel', 'précédent', 'accord', 'lcsi'], ['congé', 'fractionnement', 'rappel', 'précédent', 'accord', 'lcsi'], ['frais', 'kilométriques'], ['exemple'], ['titre', 'restaurant'], ['frais', 'professionnels'], ['jours', 'enfant', 'malade'], ['personnel', 'temp', 'partiel'], ['droit', 'déconnexion'], ['prime', 'cooptation', 'candidat', 'présenté', 'puis', 'embauché', 'salarié', 'présenté', 'candidat', 'percevra', 'prime', 'bruts'], ['prise', 'effet', 'durée', 'révision', 'dénonciation'], ['contestation'], ['dépôt', 'publicité', 'accord']]"
T08022003443,"[['accord', 'entreprise', 'relatif', 'contingent', 'annuel', 'heures', 'supplementaires'], ['objet', 'accord'], ['champ', 'application'], ['salariés', 'temp', 'partiel'], ['fixation', 'fonctionnement', 'contingent', 'annuel', 'heures', 'supplementaires'], ['revision', 'denonciation', 'accord'], ['depot', 'publicite', 'accord'], ['bordereau', 'dépôt']]"
T02123005592,"[['avenant', 'accord', 'ues', 'doras'], ['durée', 'aménagement', 'temp', 'travail', '18/09/2018'], ['organisation', 'travail', 'cadre', 'convention', 'annuelles', 'forfait', 'jours'], ['salariés', 'concernés', 'forfait', 'jours'], ['contreparties', 'salariale', 'salariés', 'non', 'cadre'], ['modification', 'planification', 'annuelle'], ['modification', 'planification'], ['décompte', 'contrepartie', 'heures', 'supplémentaires'], ['accord', 'précité', 'chapitre', 'partie', '6.1', 'article', '6.1.2', 'précise', 'rappel'], ['autres', 'absence', 'non', 'rémunérées', 'injustifiées', 'mise', 'pied', 'autorisées', 'non', 'payées'], ['autres', 'absence', 'non', 'rémunérées', 'injustifiées', 'mise', 'pied', 'autorisées', 'non', 'payées'], ['disposition', 'finale', 'accord', 'collectif'], ['information', 'salariés', 'suivi', 'accord'], ['révision'], ['dénonciation']]"
T02120002207,"[['champ', 'application'], ['objet'], ['contingent', 'annuel', 'heures', 'supplementaires'], ['conclusion', 'accord'], ['suivi', 'accord'], ['durée', 'application'], ['depôt', 'publicite']]"
T01420002713,"[['protocole', 'accord', 'nao', '2019'], ['proposition', 'organisation', 'syndicales', 'position', 'direction'], ['disposition', 'finale']]"
T00119001388,"[['avenant', 'n°1', 'accord', 'relatif', 'temp', 'travail', 'congés', 'paye'], ['champ', 'application', 'objet', 'condition', 'application', 'present', 'avenant'], ['objet', 'champ', 'application'], ['duree', 'avenant'], ['publicite'], ['reecriture', 'chapitres', 'accord', 'mai', '2018'], ['repartition', 'pluri-hebdomadaire', 'durée', 'travail'], ['champ', 'application'], ['duree', 'travail', 'planning', 'modification', 'planning'], ['calcul', 'heures', 'supplementaires'], ['remuneration', 'arrivée', 'départ', 'absence', 'cours', 'période'], ['heures', 'supplémentaires'], ['heures', 'supplementaires'], ['contingent', 'heures', 'supplementaires']]"
T02622003669,"[['créer', 'prime', 'salariés', 'travaillant', 'samedi'], ['disposition', 'fait', 'objet', 'accord', 'calendrier', 'mise', 'oeuvre'], ['qualité', 'vie', 'travail'], ['prime', 'samedi'], ['prime', 'samedi', 'spécifique'], ['repos', 'compensateurs', 'travail', 'nuit', 'salariés'], ['incidence', 'travail', 'nuit', 'prise', 'compte', 'calcul', 'heures', 'supplémentaires'], ['non', 'cumul', 'solde', 'congés', 'payés'], ['mobilité'], ['parcours', 'professionnels'], ['prime', '53e', 'semaine'], ['ressources'], ['prime', 'exceptionnelle', 'dite', 'arc'], ['lissage', 'bimestriel', 'rcr', 'cet'], ['condition', 'versement', 'rémunération'], ['percol'], ['repos', 'compensateur'], ['taux', 'horaire'], ['disposition', 'diverses'], ['contingent', 'heures', 'supplémentaires'], ['disposition', 'finale', 'durée', 'publicité']]"
T00621004863,"[['accord', 'entreprise', 'relatif', 'duree', 'quotidienne', 'travail', 'taux', 'majoration', 'contingent', 'heures', 'supplémentaires'], ['objet'], ['durée', 'maximale', 'quotidienne', 'travail'], ['projet', 'accord', 'soumis', 'référendum'], ['taux', 'majoration', 'heures', 'supplémentaires'], ['contingent', 'heures', 'supplémentaires'], ['durée'], ['dénonciation'], ['commission', 'paritaire', 'permanente', 'négociation', 'interprétation']]"
T07619001862,"[['negociation', 'collective', 'annuelle'], ['compte-rendu', 'réunion', 'décembre', '2018'], ['heures', 'supplémentaires', 'défiscalisées'], ['recrutements'], ['question', 'délégués', 'syndicaux', 'derniers', 'départs'], ['février', '2019'], ['juin', '2019'], ['octobre', '2019']]"
T09122008132,"[['accord', 'entreprise', 'relatif', 'durée', 'aménagement'], ['temp', 'travail', 'aapise'], ['disposition', 'commune'], ['durée', 'maximale', 'quotidienne', 'travail'], ['durée', 'maximale', 'hebdomadaire', 'travail'], ['article', '1.3', 'pause'], ['repos', 'hebdomadaire'], ['heures', 'supplémentaires', 'contingent', 'heures', 'supplémentaires'], ['réalisation', 'détermination', 'heures', 'supplémentaires'], ['contingent', 'heures', 'supplémentaires'], ['période', 'annuelle'], ['attribution', 'jours', 'repos'], ['modalités', 'prise', 'jours', 'repos'], ['communication', 'organisation', 'horaires', 'travail'], ['compte', 'individuel', 'heures'], ['lissage', 'rémunération', 'condition', 'prise', 'compte', 'absence', 'arrivées', 'et/ou', 'départs', 'cours', 'période'], ['seuil', 'déclenchement', 'heures', 'supplémentaires'], ['période', 'transitoire', 'application', 'première', 'année'], ['disposition', 'relative', 'organisation', 'temp', 'travail', 'semaines'], ['disposition', 'relative', 'organisation', 'temp', 'travail', 'semaine', 'quatorzaine'], ['variation', 'durée', 'hebdomadaire', 'travail'], ['contrat', 'travail'], ['seuil', 'déclenchement', 'heures', 'complémentaires'], ['modalités', 'communication', 'modification', 'répartition', 'durée', 'travail', 'horaires'], ['garanties', 'accordées', 'salariés', 'temp', 'partiel'], ['priorité', 'passage', 'temp', 'complet'], ['type', 'horaires', 'aménagements', 'horaires', 'travail'], ['dispositifs', 'spécifiques'], ['agrément', 'entrée', 'vigueur', 'accord'], ['adhésion', 'organisation', 'non-signataire'], ['dénonciation', 'accord', 'entreprise', 'durée', 'indéterminée'], ['révision', 'renouvellement', 'accord', 'entreprise'], ['formalités', 'dépôt', 'publicité', 'présent', 'accord']]"
T06923027526,"[['accord', 'entreprise', 'relatif', 'repos', 'compensateurs', 'remplacement', 'rcr'], ['objet', 'accord'], ['modalités', 'fonctionnement', 'repos', 'compensateur', 'remplacement'], ['régime', 'heures', 'supplémentaires'], ['heures', 'supplémentaires', 'concernées', 'rcr'], ['plafond', 'nombre', 'maximal', 'heures', 'inscrit', 'compteur', 'rcr'], ['calcul', 'nombre', 'jour', 'repos', 'acquis'], ['utilisation', 'solde', 'rcr', 'acquis', 'salarié'], ['utilisation', 'solde', 'rcr', 'acquis', 'direction'], ['utilisation', 'exceptionnelle', 'solde', 'rcr', 'acquis'], ['modification', 'date', 'départ', 'repos'], ['modification', 'date', 'départ', 'repos', 'salarié'], ['modification', 'date', 'départ', 'repos', 'direction'], ['paiement', 'heures', 'supplémentaires', 'fin', 'période'], ['suivi', 'compteur', 'heures'], ['dépôt', 'accord'], ['publicité', 'accord'], ['entrée', 'vigueur', 'accord']]"
T05718000019,"[['accord', 'collectif', 'relatif', 'nao', '2018', 'rémunération', 'temp', 'travail'], ['durée'], ['objet'], ['salaire'], ['durée', 'travail'], ['modalités', 'spécifiques', 'paiement', 'repos', 'compensateur'], ['intéressement'], ['chèque', 'cadeau'], ['dépôt-publicité']]"
T00620004185,"[['accord', 'entreprise'], ['relatif', 'contingent'], ['heures', 'supplementaires'], ['cadre', 'juridique'], ['contingent', 'heures', 'supplémentaires'], ['définition'], ['période', 'référence'], ['volume', 'contingent', 'annuel'], ['majoration', 'heures', 'supplémentaires', 'incluses', 'contingent', 'annuel'], ['contrepartie', 'obligatoire', 'repos'], ['composition'], ['mission'], ['réunion'], ['durée'], ['dénonciation', 'révision'], ['ratification', 'personnel'], ['publicité', 'accord'], ['date', 'entrée', 'accord']]"
T05723060311,"[['accord', 'entreprise', 'relatif'], ['aménagement', 'organisation', 'temp', 'travail'], ['organisation', 'temp', 'travail', 'salary', 'heures', 'temp', 'complet'], ['durée', 'travail'], ['suivi', 'décompte', 'temp', 'travail'], ['heures', 'supplementaires'], ['contingent', 'annuel', 'heures', 'supplementaires'], ['organisation', 'temp', 'travail', 'salary', 'forfait', 'jours'], ['salary', 'concernes'], ['nombre', 'jours', 'travailles'], ['remuneration'], ['durees', 'maximales', 'travail', 'quotidienne', 'hebdomadaire'], ['prise', 'compte', 'remuneration', 'salary', 'absence', 'arrivees', 'departs', 'cours', 'annee'], ['incidence', 'absence'], ['prise', 'compte', 'embauches', 'rupture', 'contrat', 'travail', 'cours', 'période', 'référence', 'rémunération'], ['modalites', 'decompte', 'jours', 'travailles'], ['jours', 'fériés', 'chômés'], ['modalites', 'acquisition', 'prise', 'jours', 'repos'], ['détermination', 'nombre', 'jours', 'repos'], ['modalités', 'acquisition', 'jours', 'repos'], ['modalités', 'prise', 'jours', 'repos'], ['forfait', 'jours', 'reduit'], ['dispositif', 'controle', 'suivi', 'charge', 'travail'], ['entretien', 'annuel', 'individuel'], ['dispositif', 'alerte', 'ca', 'difficultés', 'inhabituelles'], ['modalités', 'exercice', 'droit', 'déconnexion'], ['renonciation', 'jours', 'repos'], ['modalites', 'conclusion', 'convention', 'forfait', 'annuel', 'jours'], ['organisation', 'temp', 'travail', 'cadre', 'dirigeants'], ['salary', 'concernes'], ['modalités', 'organisation', 'durée', 'travail', 'cadre', 'dirigeants'], ['disposition', 'finale'], ['entree', 'vigueur', 'duree', 'accord'], ['modalites', 'revision', 'accord'], ['modalites', 'denonciation', 'accord'], ['suivi', 'accord', 'clause', 'rendez-vous'], ['tentative', 'resolution', 'prealable', 'tout', 'litige'], ['depot', 'publicite', 'accord'], ['objet', 'consultation'], ['accord', 'soumis', 'consultation', 'a-t-il', 'approuvé', 'salariés', 'entreprise']]"
T03323013409,"[['accord', 'entreprise', 'relatif', 'contingent', 'heures', 'supplémentaires'], ['objet'], ['définition', 'heures', 'supplémentaires'], ['accomplissement', 'heures', 'supplémentaires'], ['contingent', 'annuel', 'heures', 'supplémentaires'], ['contreparties', 'obligatoires', 'repos'], ['consultation', 'personnel'], ['dépôt', 'publicité', 'accord']]"
T02819000955,"[['accord', 'entreprise', 'relatif', 'duree', 'travail', 'organisation', 'petits', 'deplacements'], ['heures', 'supplémentaires'], ['contingent', 'heures', 'supplémentaires'], ['majorations', 'applicables', 'heures', 'supplémentaires', 'clause', 'facultative'], ['travail', 'exceptionnel', 'dimanche', 'jour', 'férié', 'nuit'], ['travail', 'dimanche', 'et/ou', 'jour', 'férié'], ['travail', 'nuit', 'exceptionnel', 'programmé'], ['non', 'cumul'], ['petits', 'déplacements'], ['zone', 'concentriques'], ['indemnité', 'trajet'], ['indemnité', 'repas'], ['formalités']]"
T04121001431,"[['accord', 'entreprise'], ['relatif', 'contingent', 'heures', 'supplémentaires', 'petits', 'déplacements'], ['contingent', 'heures', 'supplémentaires'], ['majorations', 'applicables', 'heures', 'supplémentaires'], ['petits', 'déplacements'], ['zone', 'concentriques'], ['indemnité', 'trajet'], ['création', 'zone', 'complémentaires', 'clause', 'facultative'], ['indemnité', 'repas'], ['formalités']]"
T09218004044,"[['accord', 'relatif', 'temp', 'travail', 'amenagement', 'temp', 'travail', 'salary', 'ues', 'cgf'], ['applicable', 'personnel', 'statut', 'employe'], ['durées', 'minimales', 'durées', 'maximales'], ['modalités', 'décompte', 'durée', 'travail'], ['gestion', 'salariés', 'travaillant', 'jours', 'secteur', 'hospitalier', 'personnes', 'âgées', 'social', 'médico-social'], ['transfert', 'activité'], ['clause', 'revoyure', 'négociation', '7/7', 'toutes', 'activités'], ['durée', 'temp', 'travail'], ['temp', 'travail', 'effectif'], ['interruption', 'activité'], ['pause', 'repas'], ['pause'], ['qualification', 'temp', 'pause', 'lorsque', 'salarié', 'sollicité'], ['coupure', 'définition', 'durée', 'maximale'], ['diver', 'temp', 'trajet', 'temp', 'habillage'], ['repos'], ['repos', 'quotidien'], ['durées', 'minimales', 'durées', 'maximales'], ['modalités', 'décompte', 'durée', 'travail'], ['réduction', 'horaire', 'collectif', 'salariés', 'temp', 'plein', 'travaillant', 'jours'], ['temp', 'partiel'], ['salariés', 'temp', 'partiel', 'travaillant', 'jours'], ['salariés', 'temp', 'partiel', 'jours'], ['heures', 'complémentaires'], ['majoration', 'salariale', 'heures', 'complémentaires'], ['coupures', 'salariés', 'temp', 'partiel'], ['limitation', 'coupures'], ['entreprise', 'engage', 'assurer', 'temp', 'travail', 'effectif', '2h30', 'minimum', 'séquence', 'travail'], ['aménagement', 'travail', 'temp', 'partiel', 'réparti', 'année', 'temp', 'partiel', 'annualisé', 'aménagé'], ['modalités', 'aménagement', 'temp', 'travail'], ['disposition', 'spécifiques'], ['salariés', 'intermittents'], ['gestion', 'compte', 'crédit', 'rtt'], ['période', 'référence'], ['prise', 'jours', 'rtt'], ['acquisition', 'crédit', 'jours', 'repos', 'rtt'], ['heures', 'supplémentaires'], ['contingent', 'annuel', 'heures', 'supplémentaires'], ['aménagement', 'négocié', 'temp', 'travail'], ['modulation', 'temp', 'travail'], ['horaires', 'cycliques', 'tout', 'horaire'], ['compte', 'epargne-temps'], ['utilisation', 'compte', 'épargne', 'temp'], ['rémunération', 'sortie', 'compte', 'temp'], ['gestion', 'salariés', 'travaillant', 'jours', 'secteur', 'hospitalier', 'personnes', 'âgées', 'social', 'médico-social'], ['transfert', 'activité'], ['clause', 'revoyure', 'négociation', '7/7', 'toutes', 'activités'], ['entrée', 'vigueur', 'accord', 'dépôt']]"
T05421002766,"[['accord', 'substitution'], ['partie', 'introduction'], ['principe'], ['partie', 'ancienneté', 'retraite'], ['prime', 'ancienneté'], ['congés', 'ancienneté'], ['prime', 'départ', 'retraite'], ['retraite', 'supplémentaire'], ['partie', 'iii', 'santé', 'travail'], ['mutuelle', 'frais', 'santé'], ['prévoyance'], ['bien-être', 'travail'], ['absence', 'maladie', 'accident', 'travail', 'maternité'], ['partie', 'temp', 'travail'], ['accord', 'heures'], ['heures', 'tarification', 'spécifique'], ['travail', 'équipe', 'prime', 'panier'], ['heures', 'supplémentaires'], ['prime', 'semestrielle'], ['prime', 'transport'], ['revalorisation', 'salaires', 'suivant', 'inflation'], ['titre', 'restauration'], ['intéressement', 'participation'], ['classification', 'emplois'], ['partie', 'œuvres', 'sociales'], ['subvention', 'employeur', 'c.s.e'], ['partie', 'vii', 'congés'], ['congés', 'évènements', 'familiaux'], ['congés', 'payés'], ['partie', 'viii', 'disposition', 'diverses'], ['garantie', 'avantages', 'acquis'], ['publicité']]"
T06323060337,"[['accord', 'entreprise'], ['article'], ['reconduction', 'article', 'accord', 'entreprise', 'septembre', '2009', 'relatif', 'contreparties', 'temp', 'déplacement', 'formation', 'professionnelle'], ['reconduction', 'article', 'accord', 'entreprise', 'décembre', '2014', 'prévoyant', 'augmentation', 'nombre', 'jours', 'enfant', 'malade'], ['reconduction', 'article', 'accord', 'entreprise', 'décembre', '2014', 'prévoyant', 'subrogation', 'ca', 'temp', 'partiel', 'thérapeutique'], ['reconduction', 'article', 'accord', 'entreprise', 'décembre', '2014', 'relatif', 'journée', 'solidarité'], ['reconduction', 'article', 'accord', 'entreprise', 'décembre', '20164', 'relatif', 'attribution', 'jour', 'congé', 'supplémentaire', 'raison', 'ancienneté', 'établissement', 'agessa'], ['reconduction', 'article', 'accord', 'entreprise', 'décembre', '2016', 'relatif', 'revalorisation', 'indemnité', 'travail', 'effectué', 'dimanches', 'jours', 'fériés'], ['reconduction', 'article', 'accord', 'entreprise', 'décembre', '2016', 'relatif', 'modalités', 'calcul', 'indemnité', 'départ', 'retraite', 'salary', 'pass', 'temp', 'partiel'], ['reconduction', 'article', 'accord', 'entreprise', 'décembre', '2016', 'relatif', 'majoration', 'heures', 'supplémentaires'], ['reconduction', 'article', 'accord', 'entreprise', 'décembre', '2017', 'relatif', 'droit', 'déconnexion'], ['reconduction', 'article', 'accord', 'entreprise', 'décembre', '2017', 'relatif', 'temp', 'repos', 'fin', 'carrière'], ['reconduction', 'article', 'accord', 'entreprise', 'décembre', '2017', 'concernant', 'retraite', 'progressive', 'cotisations', 'retraite', 'modification'], ['reconduction', 'article', 'xviii', 'accord', 'entreprise', 'décembre', '2019', 'relatif', 'périodicité', 'entretiens', 'professionnels'], ['indemnité', 'remplacement', 'urgent'], ['disposition', 'finale'], ['révision', 'dénonciation'], ['notification', 'dépôt'], ['notification', 'organisation', 'syndicales'], ['dépôt'], ['publicité'], ['accord', 'conclu', 'beaumont']]"
T03521007559,"[['accord', 'entreprise'], ['relatif', 'amenagement', 'temp', 'travail'], ['disposition', 'générales'], ['durée'], ['révision', 'dénonciation', 'accord'], ['deuxième', 'partie'], ['periode', 'reference'], ['duree', 'travail', 'hebdomadaire', 'moyenne', 'periode'], ['reference'], ['detail', 'calcul'], ['determination', 'rythmes', 'travail'], ['decompte', 'heures', 'supplementaires'], ['constituent', 'heures', 'supplémentaires'], ['cours', 'période', 'annuelle', 'référence'], ['fin', 'période', 'annuelle', 'référence'], ['lissage', 'remuneration'], ['condition', 'prise', 'compte', 'remuneration', 'salary', 'absence', 'arrivees', 'departs', 'cours', 'periode', 'reference'], ['periode', 'acquisition', 'conge', 'paye'], ['situation', 'salary', 'contrat', 'temp', 'partiel'], ['situation', 'salary', 'contrat', 'duree', 'determinee'], ['information', 'salariés'], ['affichage', 'communication'], ['règlement', 'litiges']]"
T01422006620,"[['accord', 'entreprise', 'relatif'], ['organisation', 'duree', 'travail'], ['clause', 'résolutoire'], ['dépôt', 'publicité'], ['issue', 'réflexions', 'communication', 'décidé'], ['champ', 'application'], ['principe', 'generaux', 'duree', 'travail'], ['temp', 'travail', 'effectif'], ['durée', 'légale', 'travail'], ['durées', 'maximales', 'travail'], ['repos', 'quotidien', 'hebdomadaire'], ['temp', 'déplacement', 'professionnel'], ['temp', 'trajet', 'entre', 'deux', 'lieux', 'travail'], ['aménagement', 'temp', 'travail', 'institué', 'présent', 'article', 'doit', 'permettre'], ['période', 'référence'], ['durée', 'travail'], ['heures', 'supplémentaires'], ['définition', 'heures', 'supplémentaires'], ['déclenchement', 'heures', 'supplémentaires'], ['contrepartie', 'heures', 'supplémentaires'], ['majoration', 'salariale'], ['repos', 'compensateur', 'remplacement'], ['contingent', 'annuel', 'heures', 'supplémentaires'], ['organisation', 'suivi', 'durée', 'travail'], ['horaires', 'travail'], ['horaire', 'travail', 'affiché', 'conformément', 'obligation', 'légales', 'réglementaires', 'applicables'], ['suivi', 'temp', 'travail', 'effectif'], ['spécificités', 'liées', 'chauffeur'], ['spécificités', 'liées', 'salariés', 'autres', 'chauffeur'], ['régime', 'commun'], ['impact', 'absence', 'arrivées/départs', 'cours', 'période', 'rémunération'], ['absence'], ['départs', 'arrivées', 'cours', 'période'], ['article', '3121-58', 'définit', 'cadre', 'autonomes', 'comme', 'cadre', 'autonomes', 'ceux', 'disposent', 'autonomie', 'organisation', 'emploi', 'temp', 'dont', 'nature', 'fonctions', 'conduit', 'suivre', 'horaire', 'collectif', 'applicable', 'sein', 'service', 'équipe', 'auquel', 'intégrés'], ['article', '3121-58', 'définit', 'salariés', 'comment', 'salariés', 'dont', 'durée', 'travail', 'peut', 'être', 'prédéterminée', 'disposent', 'réelle', 'autonomie', 'organisation', 'emploi', 'temp', 'exercice', 'responsabilités', 'confiées', 'ainsi', 'salariés', 'peuvent', 'être', 'soumis', 'décompte', 'heure', 'durée', 'travail'], ['application', 'salariés', 'concernés'], ['fonctionnement', 'forfait', 'jours'], ['période', 'référence'], ['détermination', 'nombre', 'jours', 'travail'], ['jours', 'non', 'travaillés'], ['modalités', 'prise', 'jours', 'non', 'travaillés'], ['entrées/sorties', 'cours', 'période', 'annuelle', 'référence', 'traitement', 'absence'], ['arrivée', 'cours', 'période', 'référence'], ['départ', 'cours', 'période', 'référence'], ['traitement', 'absence'], ['modalités', 'contrôle', 'suivi', 'organisation', 'charge', 'travail'], ['suivi', 'charge', 'travail'], ['forfait', 'jours', 'réduit']]"
T08321002946,"[['accord'], ['durée', 'aménagement', 'temp', 'travail'], ['table', 'matières'], ['exemples', 'cycle', 'appliqués', 'personnel', 'shore'], ['planning', 'condition', 'délais', 'prévenance', 'changements', 'horaires', 'personnel', 'shore'], ['champ', 'application', 'personnel', 'off', 'shore'], ['planning', 'condition', 'délais', 'prévenance', 'changements', 'horaires'], ['sa', 'notamment', 'objet', 'aide', 'gestion', 'réalisation', 'grand', 'projets', 'impliquent', 'mise', 'disposition', 'compétences', 'service', 'technique', 'tant', 'point', 'vue', 'conception', 'démarrage', 'assistance', 'technique', 'formation', 'sa', 'participe', 'particulier', 'projets', 'installation', 'éoliennes', 'mer', 'démarrage', 'machine', 'maintenance', 'sav', 'etc.', 'compte', 'prestataires', 'diver'], ['champ', 'application', 'duree', 'revision', 'denonciation'], ['date', 'effet', 'durée', 'révision', 'dénonciation', 'publicité', 'dépôt'], ['révision'], ['dénonciation'], ['document', 'feront', 'objet', 'formalités', 'dépôt', 'condition', 'prévues', 'ci-dessus', 'durée-dépôt'], ['disposition', 'commune'], ['recours', 'cycle', 'travail'], ['principe'], ['absence', 'cycle'], ['condition', 'prise', 'compte', 'rémunération', 'salariés', 'arrivées', 'départs', 'cours', 'période'], ['heures', 'supplémentaires'], ['contingent', 'annuel', 'heures', 'supplémentaires'], ['rémunération', 'heures', 'supplémentaires', 'repos', 'remplacement'], ['pause'], ['aménagement', 'temp', 'travail', 'personnel', 'shore'], ['champ', 'application', 'personnel', 'shore'], ['temp', 'travail', 'effectif', 'contrôle', 'durée', 'quotidienne', 'durées', 'maximales', 'travail', 'amplitude', 'repos', 'personnel', 'shore'], ['temp', 'travail', 'effectif', 'personnel', 'shore'], ['contrôle', 'temp', 'travail', 'effectif'], ['durée', 'quotidienne', 'durées', 'maximales', 'travail'], ['amplitude', 'repos', 'quotidien', 'hebdomadaire'], ['aménagement', 'semaines', 'consécutives', 'personnel', 'shore'], ['décompte', 'heures', 'travail'], ['heures', 'supplémentaires'], ['exemples', 'cycle', 'appliqués', 'personnel', 'shore'], ['exemple'], ['exemple'], ['champ', 'application', 'personnel', 'off', 'shore'], ['temp', 'travail', 'effectif', 'contrôle', 'durée', 'quotidienne', 'durées', 'maximales', 'travail', 'amplitude', 'repos'], ['contrôle', 'temp', 'travail', 'effectif', 'fatigue'], ['durée', 'quotidienne', 'durées', 'maximales', 'travail'], ['repos', 'quotidien', 'hebdomadaire'], ['occurrence', 'ensemble', 'personnel', 'travaillant', 'jours', 'consécutifs', 'bénéficie', 'jours', 'repos', 'compensateurs', 'consécutifs'], ['contrepartie', 'financière'], ['décompte', 'heures', 'travail'], ['vertu', 'article', '5541-1-1', 'alinéa', 'article', 'l5544-4', 'alinéa', 'code', 'transport', 'tenir', 'compte', 'continuité', 'activités', 'exercées', 'mer', 'contraintes', 'portuaires', 'sauvegarde', 'installation', 'équipements', 'mer', 'répartition', 'durée', 'travail', 'effectuera', 'période', 'deux', 'semaines', 'travail', 'consécutif', 'suivies', 'deux', 'semaines', 'repos', 'consécutifs'], ['heures', 'supplémentaires'], ['exemple'], ['exemple'], ['planning', 'condition', 'délais', 'prévenance', 'changements', 'horaires'], ['organisation', 'déroulement', 'consultation']]"
T04418001627,"[['accord', 'entreprise'], ['relatif', 'duree', 'travail'], ['docuworld', 'group'], ['champ', 'application', 'amenagement', 'duree', 'travail'], ['duree', 'annuelle', 'effective', 'travail'], ['définition'], ['salariés', 'temp', 'plein'], ['salariés', 'temp', 'partiel'], ['déclaration', 'heures', 'travaillées'], ['organisation', 'duree', 'travail'], ['cadre', 'référence', 'horaires', 'travail'], ['limite', 'hebdomadaire', 'supérieure'], ['limite', 'hebdomadaire', 'inférieure'], ['organisation', 'temp', 'travail', 'peut', 'également', 'comprendre', 'semaines', 'non', 'travaillées'], ['repos', 'quotidien'], ['organisation', 'planning'], ['condition', 'information', 'délais', 'prévenance', 'changements', 'durée', 'horaire', 'travail'], ['compte', 'individuel', 'utilisation', 'heures'], ['lissage', 'remuneration'], ['heures', 'supplementaires', 'complementaires'], ['incidence', 'absence'], ['periode', 'travail', 'inferieure', 'annee'], ['garanties', 'accordees', 'salary', 'temp', 'partiel'], ['forfait', 'annuel', 'jours'], ['champ', 'application'], ['condition', 'mise', 'place'], ['decompte', 'temp', 'travail', 'jours', 'base', 'annuelle'], ['forfait', 'jours', 'réduit'], ['jours', 'repos'], ['remuneration'], ['controle', 'decompte', 'jours', 'travailles/', 'non', 'travailles'], ['garanties'], ['temp', 'repos', 'obligation', 'déconnexion'], ['suivi', 'charge', 'travail', 'amplitude', 'journées', 'travail-équilibre', 'vie', 'privée', 'vie', 'professionnelle'], ['entretiens', 'individuels', 'spécifiques'], ['forfait', 'annuel', 'heures'], ['champ', 'application'], ['condition', 'mise', 'place'], ['remuneration'], ['incidence', 'absence'], ['periode', 'travail', 'inferieure', 'annee']]"
T02121003657,"[['accord', 'entreprise', 'duree', 'travail'], ['cadre', 'juridique'], ['champ', 'application'], ['objet'], ['heures', 'supplementaires'], ['réalisation', 'paiement', 'heures', 'supplémentaires'], ['duree', 'hebdomadaire', 'travail'], ['disposition', 'relative', 'accord'], ['modalités', 'suivi', 'accord'], ['interprétation'], ['rendez-vous'], ['depôt', 'publicite']]"
T08320001880,"[['semaine', 'référence', 'évaluation', 'heures', 'supplémentaires'], ['taux', 'majoration', 'heures', 'supplémentaires', 'accomplies', 'au-delà', 'durée', 'légale'], ['contingent', 'heures', 'supplémentaires'], ['condition', 'accomplissement', 'heures', 'supplémentaires'], ['caractéristique', 'condition', 'prise', 'contrepartie', 'obligatoire', 'repos'], ['modalités', 'demande', 'contrepartie'], ['amplitude', 'journalière', 'travail'], ['durée', 'accord', 'dénonciation', 'révision'], ['entrée', 'vigueur', 'accord']]"
T04523060395,"[['accord', 'temp', 'travail'], ['périmètre', 'accord'], ['définition', 'temp', 'travail', 'effectif'], ['principe'], ['temp', 'pause'], ['repos', 'quotidien', 'hebdomadaire'], ['repos', 'journalier'], ['repos', 'hebdomadaire'], ['heures', 'supplémentaires'], ['heures', 'supplémentaires', 'structurelles', 'contractualisées'], ['heures', 'supplémentaires', 'non', 'structurelles', 'non', 'contractualisées'], ['contingent', 'annuel'], ['partie', 'horaire', 'collectif', 'organisation', 'collective', 'travail'], ['principe', 'durée', 'collective', 'travail', 'répartie', 'semaines', 'selon', 'incidence', 'calendrier'], ['répartition', 'travail'], ['organisation', 'temp', 'travail'], ['modalités', 'aménagement', 'individuel', 'temp', 'travail', 'quotidien'], ['modalités', 'récupération', 'crédits', 'débits', 'heure'], ['absence', 'non', 'rémunérées'], ['rémunération', 'mensuelle'], ['rémunération', 'lissée'], ['décompte', 'absence', 'indemnisation'], ['jours', 'repos', 'remplacement', 'jrr'], ['jrr', 'pourront', 'être', 'pris'], ['partie', 'forfait', 'jours'], ['salariés', 'éligibles'], ['durée', 'travail', 'année'], ['jrtt'], ['organisation', 'temp', 'travail'], ['contrôles', 'réguliers', 'opérés', 'direction', 'alerte'], ['entretiens', 'individuels'], ['décompte', 'temp', 'travail'], ['rémunération'], ['partie', 'travail', 'dimanche'], ['recours', 'travail', 'dimanche'], ['contreparties', 'travail', 'dominical'], ['salariés', 'dont', 'temp', 'travail', 'décompté', 'heures'], ['prise', 'compte', 'évolution', 'situation', 'personnelle', 'salariés'], ['partie', 'travail', 'jour', 'férié'], ['contreparties', 'travail', 'jours', 'fériés'], ['salariés', 'dont', 'temp', 'travail', 'décompté', 'heures'], ['partie', 'congés', 'payés'], ['période', 'référence', 'acquisition', 'congés', 'payés', 'annuels'], ['période', 'annuelle', 'prise', 'congés', 'payés'], ['période', 'transitoire'], ['fractionnement'], ['partie', 'astreinte'], ['organisation']]"
T06819002585,"[['accord', 'collectif', 'relatif', 'mise', 'place', 'organisation', 'pluri-hebdomadaires'], ['durée', 'travail'], ['aménagement', 'temp', 'travail'], ['heures', 'supplémentaires'], ['définition'], ['rémunération'], ['embauche', 'rupture', 'contrat', 'travail', 'cours', 'période', 'référence'], ['salariés', 'temp', 'partiel'], ['durée', 'accord', 'révision', 'dénonciation'], ['commission', 'suivi', 'clause', 'rendez-vous'], ['publicité']]"
T07222004417,"[['principe', 'annualisation'], ['durée', 'travail'], ['durée', 'hebdomadaire', 'moyenne', 'travail', 'durée', 'annuelle', 'travail'], ['calcul', 'durée', 'annuelle', 'travail'], ['période', 'référence'], ['amplitude', 'modulation'], ['programme', 'indicatif', 'répartition', 'durée', 'travail'], ['calendrier', 'individualisé'], ['modification', 'horaires'], ['compte', 'individuel', 'compensation'], ['heures', 'supplémentaires'], ['définition'], ['paiement', 'heures', 'accomplies', 'au-delà', 'durée', 'maximale', 'hebdomadaire', 'modulation'], ['activité', 'partielle', 'condition', 'recours', 'heures', 'prises', 'compte', 'modulation'], ['rémunérations'], ['absence'], ['congés', 'payés'], ['révision', 'dénonciation'], ['entrée', 'vigueur', 'durée', 'accord'], ['portée', 'accord'], ['dépôt']]"
T02222004721,"[['heures', 'supplementaires'], ['principe', 'heures', 'supplémentaires'], ['duree', 'quotidienne', 'travail'], ['principe', 'durée', 'quotidienne', 'travail'], ['augmentation', 'durée', 'quotidienne', 'travail'], ['duree', 'hebdomadaire', 'travail'], ['principe', 'durée', 'hebdomadaire', 'travail'], ['augmentation', 'durée', 'hebdomadaire', 'travail'], ['heures', 'supplementaires'], ['principe', 'heures', 'supplémentaires'], ['contingent', 'annuel', 'heures', 'supplémentaires'], ['fixation', 'contingent', 'heures', 'supplémentaires'], ['contreparties', 'heures', 'supplémentaires', 'effectuées', 'intérieur', 'contingent'], ['contreparties', 'au-delà', 'contingent'], ['duree', 'quotidienne', 'travail'], ['principe', 'durée', 'quotidienne', 'travail'], ['augmentation', 'durée', 'quotidienne', 'travail'], ['duree', 'hebdomadaire', 'travail'], ['principe', 'durée', 'hebdomadaire', 'travail'], ['augmentation', 'durée', 'hebdomadaire', 'travail'], ['partie', 'souhaitant', 'dénoncer', 'accord', 'informera', 'autre', 'partie', 'signataire', 'accord', 'courrier', 'recommandé', 'accusé', 'réception'], ['dépôt', 'publicité', 'avenant'], ['proces', 'verbal', 'ratification', 'accord']]"
A09018000782,"[['accord', 'relatif', 'duree', 'amenagement', 'temp', 'travail'], ['regime', 'juridique', 'revision', 'accord', 'collectifs', 'usage', 'existant'], ['remplacent', 'ensemble', 'disposition', 'issue', 'accord', 'aménagement', 'temp', 'travail', 'juin', '1998', 'avenants', 'tout', 'autre', 'accord', 'collectif', 'existant', 'sein'], ['champ', 'application'], ['regles', 'relative', 'duree', 'travail', 'effectif'], ['définition', 'durée', 'travail', 'effectif'], ['absence'], ['maximum', 'quotidien', 'hebdomadaire'], ['repos', 'quotidien', 'hebdomadaire'], ['contingent', 'annuel', 'heures', 'supplémentaires'], ['annualisation', 'temp', 'travail', 'salary', 'non-cadres'], ['durée', 'travail'], ['période', 'référence'], ['organisation', 'temp', 'travail'], ['comptabilité'], ['programmation', 'annualisation', 'temp', 'travail'], ['rémunération'], ['augmentation', 'rémunération', 'proportionnelle', 'augmentation', 'durée', 'travail'], ['lissage', 'rémunération'], ['lncidences', 'rémunération', 'absence', 'arrivées', 'départs', 'salariés', 'cours', 'période', 'référence'], ['décompte', 'heures', 'supplémentaires'], ['duree', 'accord'], ['revision'], ['denonciation'], ['formalites']]"
T06920012019,"[['accord', 'collectif', 'duree', 'organisation', 'amenagement', 'temp', 'travail'], ['disposition', 'generales'], ['cadre', 'juridique', 'objectif'], ['champ', 'application', 'périmètre', 'organisation', 'temp', 'travail'], ['définition', 'temp', 'travail', 'effectif'], ['définition', 'temp', 'travail', 'effectif'], ['exclusion', 'temp', 'travail', 'effectif'], ['durée', 'travail'], ['semaine', 'travail'], ['durée', 'travail'], ['durée', 'maximale', 'hebdomadaire'], ['repos', 'hebdomadaire', 'dominical'], ['travail', 'nuit'], ['définition', 'contrepartie', 'travail', 'nuit'], ['entreprise', 'applique', 'disposition', 'article', 'accord', 'septembre', '2002', 'relatif', 'travail', 'nuit', 'notamment', 'concerne'], ['décompte', 'travail', 'nuit'], ['jours', 'fériés'], ['définition', 'périodes', 'prise', 'congés', 'payés'], ['ordre', 'condition', 'départ', 'congés', 'payés'], ['ordre', 'départs', 'congés', 'payés'], ['ancienneté', 'service'], ['jours', 'fractionnement'], ['définition'], ['contrepartie', 'obligation', 'habillage', 'déshabillage', 'lieu', 'travail'], ['heures', 'supplémentaires'], ['contrepartie', 'heures', 'supplémentaires'], ['remplacement', 'paiement', 'heures', 'supplémentaires', 'non', 'structurelles', 'repos', 'compensateur'], ['majoration', 'heures', 'supplémentaires'], ['traitement', 'heures', 'supplémentaires'], ['accomplissement', 'heures', 'supplémentaires', 'au-delà', 'contingent'], ['contrôle', 'temp', 'travail', 'effectif'], ['temp', 'déplacement'], ['travail', 'temp', 'partiel'], ['décompte', 'éléments', 'variable', 'paie'], ['horaires', 'fix'], ['champ', 'application', 'personnel', 'concerné'], ['horaires', 'collectifs', 'travail'], ['décompte', 'heures', 'supplémentaires'], ['période', 'référence'], ['amplitude', 'variation', 'durée', 'hebdomadaire', 'moyenne', 'travail'], ['décompte', 'heures', 'supplémentaires'], ['lissage', 'rémunération'], ['incidence', 'arrivées', 'départs', 'cours', 'période', 'référence'], ['incidence', 'absence'], ['amplitude', 'variation', 'durée', 'hebdomadaire', 'moyenne', 'travail'], ['incidence', 'absence'], ['horaires', 'variable'], ['champ', 'application', 'personnel', 'concerné'], ['principe'], ['inverse', 'présence', 'requise', 'pendant', 'périodes', 'présence', 'obligatoire'], ['durée', 'journalière', 'travail', 'temp', 'travail', 'effectif']]"
T09320004953,"[['projet'], ['accord', 'amenagement', 'temp', 'travail'], ['dispositif', 'modulation', 'quadrimestrielle'], ['décompte', 'temp', 'travail'], ['ensemble', 'disposition', 'légales', 'conventionnelles', 'vigueur', 'concernant', 'temp', 'repos', 'décompte', 'temp', 'travail', 'effectif', 'autres', 'appliqués', 'personnel', 'concernés'], ['champ', 'application'], ['dispositif', 'collectif', 'temp', 'travail'], ['modalités', 'prise', 'jours', 'repos'], ['iii.-', 'personnel', 'cadre', 'forfait', 'jours'], ['champ', 'application'], ['dispositif', 'forfait', 'jours', 'annuel'], ['iv.-', 'duree', 'modification', 'depot', 'denonciation', 'accord']]"
T00623008602,"[['accord', 'entreprise', '2023'], ['rappel', 'convention', 'collective', 'regissant'], ['structure', 'convention', 'collective', 'batiment'], ['conclusion', 'contrat', 'travail'], ['règles', 'générales'], ['document', 'remettre', 'salarie'], ['declaration', 'sociale', 'nominative'], ['carte', 'btp'], ['traitement', 'relatif', 'gestion', 'suivi', 'carte', 'btp'], ['periode', 'essai'], ['duree', 'travail'], ['horaire', 'travail', 'chantier'], ['rtt'], ['majoration', 'heures', 'supplementaires'], ['planning', 'conge', 'annuel'], ['jours', 'feries'], ['organisation', 'travail'], ['remuneration'], ['pointage', 'horaire'], ['bulletin', 'paie'], ['intitulé', 'présente', 'convention'], ['paie'], ['visite', 'medicale'], ['conge', 'paye'], ['intemperie'], ['heures', 'perdues'], ['arrêt', 'travail'], ['indemnisation'], ['chomage', 'intemperie'], ['maladie', 'accident'], ['indemnite', 'repas'], ['deplacements'], ['petit', 'déplacement', 'frais', 'trajet'], ['grand', 'déplacements'], ['indemnité', 'grand', 'déplacement', 'destinée', 'couvrir', 'dépenses', 'supplémentaires', 'nourriture', 'logement', 'salarié', 'déplacement', 'professionnel'], ['frais', 'transport', 'commun'], ['formation'], ['hygiene', 'securite'], ['rupture', 'contrat', 'travail'], ['document', 'remit', 'ouvrier', 'lors', 'depart'], ['anciennete'], ['retraite', 'complementaire', 'regime', 'prevoyance'], ['accord', 'novembre', '1959', 'modifiant', 'codifiant', 'accord', 'mai', '1959', 'instituant', 'régime', 'retraite', 'complémentaire', 'ouvriers', 'bâtiment', 'travaux', 'public', 'agrée', 'arrêté', 'ministériel', 'mar', '1960'], ['classification', 'ouvriers']]"
T02119001511,"[['sa', 'baffy'], ['protocole', 'accord', 'relatif', 'durée', 'travail', 'organisation', 'petits', 'déplacements', 'organisation', 'entretiens', 'professionnels', 'juillet', '2019'], ['heures', 'supplémentaires'], ['contingent', 'heures', 'supplémentaires'], ['travail', 'exceptionnel', 'dimanche', 'jour', 'férié', 'nuit'], ['travail', 'dimanche', 'et/ou', 'jour', 'férié'], ['travail', 'nuit', 'exceptionnel', 'programmé'], ['non', 'cumul'], ['petits', 'déplacements'], ['zone', 'concentriques'], ['indemnité', 'trajet'], ['périodicité', 'entretiens', 'professionnels'], ['formalités']]"
T02421001318,"[['accord', 'entreprise', 'portant', 'aménagement', 'temp', 'travail'], ['disposition', 'générales'], ['champ', 'application……………………………………………………………………….…'], ['\uf079objet', 'accord…………………………………………………………………………….…'], ['\uf079les', 'salariés', 'temp', 'partiel', 'temp', 'partiel', 'aménagé', 'année'], ['programmation', 'indicative', 'heures', 'travail'], ['heures', 'supplémentaires'], ['\uf079heures', 'supplémentaires'], ['\uf079les', 'principe'], ['disposition', 'générales'], ['\uf079objet', 'accord'], ['\uf079date', 'application', 'durée', 'accord'], ['\uf079modalités', 'révision', 'dénonciation'], ['formalités'], [], ['\uf079définition', 'temp', 'travail', 'effectif'], ['durée', 'quotidienne', 'travail'], ['\uf079durée', 'maximale', 'hebdomadaire'], ['article12', '\uf079repos'], ['\uf079les', 'salariés', 'temp', 'partiel', 'temp', 'partiel', 'aménagé', 'année'], ['institut', 'pourra', 'recourir', 'temp', 'partiel', 'aménagé', 'période', 'référence', '1er', 'janvier', 'décembre'], ['programmation', 'indicative', 'heures', 'travail'], ['modification', 'programmation', 'indicative'], ['augmentation', 'diminution', 'durée', 'journalière', 'travail'], ['durée', 'annuelle', 'minimale', 'travail'], ['horaire', 'annuel', 'minimal', 'travail'], ['amplitude', 'annualisation', 'temp', 'partiel'], ['heures', 'complémentaires'], ['cumul', 'contrats', 'travail'], ['durée', 'quotidienne', 'travail', 'maximale', 'heures', 'tous', 'contrats', 'travail', 'confondus'], [], ['\uf079heures', 'supplémentaires'], ['\uf079contingent', 'heures', 'supplémentaires'], ['\uf079repos', 'compensateur', 'remplacement'], ['modalités', 'prise', 'repos'], ['rupture', 'suspension', 'contrat', 'travail'], ['rupture', 'contrat', 'travail'], ['suspension', 'contrat', 'travail'], ['\uf079le', 'principe', 'lissage', 'rémunération'], ['absence', 'lissage'], ['\uf079les', 'principe'], ['généralités']]"
T07222004109,"[['accord', 'aménagement', 'durée', 'travail', 'répartition', 'temp', 'travail', 'année', 'forfait', 'jour'], ['contrats', 'durée', 'indéterminée', 'déterminée'], ['accord', 'applique', 'également', 'salariés', 'employés', 'sou', 'contrat', 'durée', 'déterminée'], ['modalités', 'recours', 'travail', 'temporaire'], ['durée', 'travail'], ['période', 'référence'], ['durée', 'annuelle', 'référence'], ['programme', 'indicatif', 'répartition', 'durée', 'travail'], ['calendriers', 'prévisionnels', 'collectifs'], ['calendriers', 'individualisés'], ['délai', 'modification', 'horaires'], ['heures', 'supplémentaires'], ['définition'], ['paiement', 'heures', 'accomplies', 'au-delà', 'durée', 'maximale', 'hebdomadaire'], ['chômage', 'partiel'], ['rémunération'], ['absence'], ['embauche', 'rupture', 'contrat', 'travail', 'cours', 'période', 'référence'], ['congés', 'payés'], ['période', 'prise', 'congés'], ['jours', 'fractionnement'], ['salariés', 'temp', 'partiel'], ['heures', 'complémentaires'], ['forfait', 'jours'], ['catégories', 'salariés'], ['période', 'référence', 'forfait'], ['condition', 'prise', 'compte', 'absence'], ['condition', 'prise', 'compte', 'arrivées', 'départs', 'cours', 'période'], ['évaluation', 'suivi', 'régulier', 'charge', 'travail', 'salarié'], ['droit', 'déconnexion'], ['interroger', 'pertinence', 'utilisation', 'messagerie', 'électronique', 'professionnelle', 'rapport', 'autres', 'outils', 'communication', 'disponibles'], ['lutte', 'déconnexion', 'dehors', 'heures', 'travail', 'effectif'], ['conclusion', 'convention', 'individuelles', 'forfait', 'annuel', 'jours'], ['forfait', 'jours', 'réduit'], ['renonciation', 'salarié', 'partie', 'jours', 'repos'], ['durée', 'accord', 'révision', 'dénonciation'], ['suivi', 'accord', 'clause', 'rendez-vous']]"
T06723060766,"[['champ', 'application'], ['disposition', 'relative', 'prime'], ['prime', 'congés'], ['prime', 'ancienneté'], ['prime', 'équipe'], ['prime', 'exceptionnelle', 'ancienneté'], ['prime', 'noël', 'enfant'], ['prime', 'éloignement'], ['disposition', 'relative', 'conge', 'absence'], ['congés', 'supplémentaires', 'ancienneté'], ['absence', 'enfant', 'malade'], ['disposition', 'relative', 'duree', 'travail'], ['contingent', 'annuel', 'heures', 'supplémentaires'], ['travail', 'dimanche', 'jour', 'repos', 'habituel', 'jour', 'férié'], ['reprise', 'anciennete'], ['prise', 'effet', 'duree', 'accord'], ['modalite', 'application', 'denonciation', 'publicite', 'accord'], ['révision'], ['dénonciations'], ['publication']]"
T02921004440,"[['avenant', 'n°33', 'accord', 'entreprise', 'modalités', 'mise', 'place', 'equipe', 'suppleance', 'sein', 'cummins', 'filtration', 'sarl'], ['contexte', 'economique'], ['finalite', 'equipe', 'suppleance'], ['modalites', 'organisation', 'equipe', 'suppleance'], ['horaires', 'equipe', 'suppleance'], ['composition', 'equipe', 'suppleance'], ['modalites', 'specifiques', 'remuneration', 'equipe', 'suppleance'], ['majorations', 'heures', 'travaillées'], ['garantie', 'maintien', 'treizième', 'mois'], ['garantie', 'maintien', 'prime', 'vacances'], ['prime', 'panier', 'travail', 'horaires', 'décalés', 'prime', 'équipe', 'prime', 'exceptionnelle'], ['paiement', 'heures', 'formation'], ['temp', 'passé', 'visites', 'médicales'], ['paiement', 'heures', 'délégation'], ['information', 'expression'], ['conge', 'annuels'], ['conge', 'evenements', 'familiaux'], ['indemnisation', 'ca', 'arret', 'medical'], ['formation'], ['volontariat'], ['duree'], ['révision']]"
T07621005290,"[['champ', 'application'], ['rappel', 'principe', 'generaux'], ['conge', 'paye'], ['durée', 'congés', 'payés'], ['modalités', 'prise', 'congés'], ['duree', 'travail'], ['rappel', 'durées', 'légales', 'maximales'], ['temp', 'travail', 'effectif'], ['travail', 'samedi'], ['repos', 'quotidien'], ['repos', 'hebdomadaire'], ['contrôle', 'temp', 'travail'], ['heures', 'supplementaires'], ['decompte', 'formalisme', 'paiement', 'heures', 'supplementaires'], ['décompte', 'heures', 'supplémentaires'], ['formalisme', 'applicable', 'réalisation', 'heures', 'supplémentaires'], ['paiement', 'heures', 'supplémentaires'], ['decompte', 'heures', 'complementaires', 'salary', 'temp', 'partiel'], ['contingent', 'annuel', 'heures', 'supplementaires'], ['durée', 'accord'], ['suivi', 'accord', 'revision'], ['denonciation'], ['consultation', 'depot']]"
T07518004161,"[['accord', 'collectif', 'entreprise', 'relatif', 'aménagement', 'temp', 'travail'], ['definition', 'regles', 'generales'], ['champ', 'application'], ['definition'], ['temp', 'travail', 'effectif'], ['temp', 'travail', 'effectif'], ['temp', 'trajet'], ['pause'], ['repos', 'quotidien', 'hebdomadaire'], ['duree', 'maximale', 'travail'], ['heures', 'supplementaires'], ['modalites', 'amenagement', 'temp', 'travail', 'categorie', 'personnel'], ['dispositif', 'annualisation', 'certains', 'collaborateurs', 'sedentaires', 'cadre', 'non-cadres'], ['champ', 'application'], ['duree', 'organisation', 'travail'], ['jrtt', 'principe', 'acquisition', 'modalites', 'prise'], ['principe'], ['acquisition'], ['modalités', 'prise'], ['remuneration'], ['convention', 'forfait', 'annuel', 'jours'], ['principe', 'champ', 'application'], ['caracteristiques', 'convention', 'forfait', 'jours'], ['jours', 'repos', 'jrtt'], ['modalites', 'prise'], ['controle', 'suivi', 'charge', 'travail', 'collaborateurs', 'titulaires', 'convention', 'forfait', 'jours'], ['respect', 'durees', 'repos'], ['suivi', 'charge', 'travail'], ['entretiens', 'individuels'], ['remuneration'], ['droit', 'deconnexion'], ['principe'], ['utilisation', 'raisonnee', 'outils', 'numeriques'], ['entretiens', 'individuels'], ['condition', 'validite', 'present', 'accord'], ['entree', 'vigueur', 'duree', 'depot', 'accord'], ['revision'], ['denonciation'], ['suivi', 'accord'], ['commission', 'suivi'], ['clause', 'rendez-vous']]"
T06322004406,"[['accord', 'entreprise'], ['relatif', 'horaires', 'individualises', 'dit', 'horaires', 'variable'], ['31/01/2022'], ['objet'], ['champ', 'application'], ['duree', 'effective', 'travail'], ['plage', 'fix', 'mobile'], ['duree', 'travail'], ['variation', 'horaires'], ['modalites', 'prise', 'credit', 'temp'], ['heures', 'supplementaires'], ['absence'], ['suivi', 'accord'], ['duree', 'revision', 'denonciation'], ['durée'], ['dénonciation'], ['formalites']]"
T07420003319,"[['premiere', 'partie', 'disposition', 'generales'], ['champ', 'application', 'bénéficiaires'], ['deuxieme', 'partie', 'accomplissement', 'heures', 'supplementaires'], ['accomplissement', 'heures', 'supplémentaires'], ['contingent', 'heures', 'supplémentaires'], ['suivi', 'révision', 'dénonciation', 'accord'], ['dépôt', 'publicité', 'accord']]"
T03519002818,"[['accord', 'entreprise', '1er', 'avril', '2019', 'relatif', 'duree', 'remuneration', 'heures', 'complementaires'], ['champ', 'application'], ['duree', 'accord', 'collectif'], ['nombre', 'heures', 'complementaires'], ['paiement', 'heures', 'complementaires'], ['revision', 'accord', 'collectif'], ['denonciation', 'accord', 'collectif'], ['entree', 'vigueur', 'accord'], ['formalites', 'depôt']]"
T06819002740,"[['accord', 'entreprise', 'duree', 'indeterminee'], ['augmentation', 'contingent', 'annuel', 'heures', 'supplementaires'], ['entree', 'vigueur', 'duree', 'accord'], ['depot', 'legal-', 'publicite']]"
T01018000045,"[['avenant', 'revision', 'accord', 'collectif', 'entreprise', 'mar', '2000', 'portant', 'amenagement', 'reduction', 'temp', 'travail'], ['inchangé'], ['personnel', 'exclus'], ['inchangé'], ['suppression', 'disposition'], ['temp', 'travail', 'effectif', 'référence'], ['inchangé'], ['modalités', 'organisation', 'temp', 'travail'], ['personnel', 'administratif', 'maintenance'], ['durée', 'hebdomadaire', 'attribution', 'jours', 'repos'], ['organisation', 'hebdomadaire', 'temp', 'travail'], ['h30-19h00'], ['attribution', 'jours', 'repos', 'modalités', 'récupération'], ['inchangé'], ['heures', 'supplémentaires'], ['modalités', 'rémunération'], ['respect', 'durées', 'maximales', 'travail'], ['personnel', 'administratif', 'chargé', 'accueil'], ['durée', 'hebdomadaire', 'attribution', 'jours', 'repos'], ['organisation', 'hebdomadaire', 'temp', 'travail'], ['attribution', 'jours', 'repos', 'modalités', 'récupération'], ['inchangé'], ['heures', 'supplémentaires'], ['modalités', 'rémunération'], ['respect', 'durées', 'maximales', 'travail'], ['iii', 'personnel', 'centre', 'relation', 'client'], ['durée', 'hebdomadaire', 'attribution', 'jours', 'repos'], ['organisation', 'hebdomadaire', 'temp', 'travail'], ['attribution', 'jours', 'repos', 'modalités', 'récupération'], ['inchangé'], ['heures', 'supplémentaires'], ['modalités', 'rémunération'], ['respect', 'durées', 'maximales', 'travail'], ['modalités', 'particulières', 'liées', 'travail', 'centre', 'relation', 'client'], ['personnel', 'charge', 'permanence', 'téléphoniques'], ['durée', 'hebdomadaire', 'attribution', 'jours', 'repos'], ['organisation', 'hebdomadaire', 'temp', 'travail'], ['h30-19h00'], ['attribution', 'jours', 'repos', 'modalités', 'récupération'], ['heures', 'supplémentaires'], ['modalités', 'rémunération'], ['respect', 'durées', 'maximales', 'travail'], ['personnel', 'administratif', 'cadre'], ['organisation', 'hebdomadaire', 'temp', 'travail'], ['travail', 'samedi'], ['modalités', 'rémunération'], ['formalités'], ['condition', 'validité', 'accord', 'entrée', 'vigueur'], ['condition', 'validité'], ['dépôt/publicité']]"
T04421009313,"[['accord', 'entreprise', 'relatif', 'duree', 'travail'], ['cabinet', 'bra', 'immobilier', 'atlantique'], ['adaptation', 'entreprise', 'contraintes', 'économiques', 'demandes', 'clientèle'], ['champ', 'application', 'amenagement', 'duree', 'travail'], ['duree', 'annuelle', 'effective', 'travail'], ['définition'], ['durée', 'salariés', 'temp', 'partiel'], ['déclaration', 'heures', 'travaillées'], ['annualisation', 'temp', 'travail', 'octroi', 'jours', 'repos'], ['variation', 'horaires'], ['jours', 'repos'], ['repos', 'quotidien', 'hebdomadaire'], ['condition', 'information', 'délais', 'prévenance', 'changements', 'durée'], ['incidence', 'absence', 'periode', 'inferieure', 'annee'], ['lissage', 'remuneration'], ['heures', 'supplementaires', 'complementaires'], ['garanties', 'accordees', 'salary', 'temp', 'partiel'], ['forfait', 'annuel', 'jours'], ['champ', 'application'], ['catégories', 'concernées'], ['cadre', 'non', 'cadre'], ['condition', 'mise', 'place'], ['decompte', 'temp', 'travail', 'jours', 'base', 'annuelle'], ['forfait', 'jours', 'réduit'], ['jours', 'repos'], ['remuneration'], ['controle', 'decompte', 'jours', 'travailles/', 'non', 'travailles'], ['garanties'], ['temp', 'repos', 'obligation', 'déconnexion'], ['suivi', 'charge', 'travail', 'amplitude', 'journées', 'travail-équilibre', 'vie', 'privée', 'vie', 'professionnelle'], ['entretiens', 'individuels', 'spécifiques'], ['disposition', 'generales', 'finale'], ['suivi', 'accord', 'clause', 'rendez'], ['duree', 'accord', 'denonciation'], ['revision'], ['depot', 'prise', 'effet', 'publicite']]"
T06323060341,"[['accord', 'entreprise'], ['conclu', 'issue', 'négociation', 'rémunération', 'temp', 'travail', 'partage', 'valeur', 'ajoutée', '2023'], ['champ', 'application'], ['salaires', 'effectifs'], ['deplacements', 'repas'], ['evolution', 'emploi'], ['duree', 'organisation', 'temp', 'travail'], ['contingent', 'annuel', 'heures', 'supplementaires'], ['suivi', 'mise', 'œuvre', 'visant', 'supprimer', 'ecarts', 'remuneration', 'deroulement', 'carriere', 'entre', 'femmes', 'hommes'], ['epargne', 'salariale'], ['participation'], ['régime', 'retraite', 'supplémentaire', 'cadre'], ['déblocages', 'anticipés'], ['bilan', 'accord', 'adaptation', 'octobre', '2022'], ['prevoyance'], ['date', 'application']]"
T03519004024,"[['accord', 'entreprise', 'relatif', 'indemnite', 'repas', 'indemnite', 'trajet', 'et/ou', 'creation', 'zone', 'concentriques', 'supplementaires', 'contingent', 'annuel', 'heures', 'supplementaires'], ['champ', 'application', 'territorial', 'professionnel'], ['indemnité', 'repas'], ['indemnité', 'trajet'], ['organisation', 'indemnisation', 'temp', 'trajet'], ['création', 'zone', 'concentriques', 'supplémentaires', 'indemnisation'], ['contingent', 'annuel', 'heures', 'supplémentaires'], ['suivi', 'accord', 'clause', 'rendez'], ['durée', 'accord', 'entreprise', 'entrée', 'vigueur'], ['dépôt', 'accord', 'entreprise'], ['base', 'données', 'nationale', 'accord', 'collectifs']]"
T09224062520,"[['accord', 'temp', 'travail'], ['régime', 'option'], ['article', 'champ', 'application', 'regime', 'option', 'mise', 'place', 'regime', 'option'], ['periode', 'reference', 'option'], ['definition', 'regime', 'option'], ['modalites', 'acquisition', 'rtt'], ['modalites', 'fixation', 'prise', 'rtt'], ['artilcle', 'heures', 'supplementaires'], ['lissage', 'remuneration'], ['impact', 'absence', 'arrivees', 'departs', 'cours', 'periode', 'reference'], ['arrivées', 'départs', 'cours', 'prériode', 'référence'], ['absence'], ['suivi', 'compteurs', 'individuels'], ['regime', 'option'], ['definition', 'regime', 'option'], ['hypothèse', 'sou', 'activité'], ['jours', 'recuperation', 'option'], ['acquisition', 'jours', 'récupération', 'option'], ['utilisation', 'jours', 'récupération', 'option'], ['suivi', 'compteurs', 'individuels'], ['heures', 'suplementaires', 'non', 'recuperees'], ['heures', 'supplementaires'], ['absence', 'non', 'indemnisee'], ['duree', 'accord'], ['denonciation', 'revision'], ['notification'], ['publicite', 'depot']]"
T06721008461,"[['accord', 'relatif', 'duree', 'organisation', 'temp', 'travail'], ['définition', 'temp', 'travail', 'effectif'], ['trajets', 'déplacements'], ['définitions'], ['temp', 'déplacement', 'temp', 'travail', 'effectif'], ['contreparties'], ['mode', 'organisation', 'durée', 'travail'], ['heures', 'supplémentaires'], ['contingent'], ['majorations', 'repos'], ['aménagement', 'durée', 'travail', 'salariés', 'temp', 'complet'], ['principe'], ['durées', 'travail'], ['horaire', 'collectif', 'travail', 'salariés', 'temp', 'complet', 'organisé'], ['modalités', 'prévenance', 'changements', 'durée', 'horaire', 'travail'], ['heures', 'supplémentaires', 'rémunération'], ['constituent', 'heures', 'supplémentaires'], [], ['absence', 'arrivées', 'départs', 'cours', 'période'], ['aménagement', 'base', 'durée', 'hebdomadaire', 'moyenne', 'supérieure', 'heures'], ['durées', 'travail'], ['horaire', 'travail', 'salariés', 'concernés', 'organisé'], [], ['heures', 'supplémentaires', 'rémunération'], ['constituent', 'heures', 'supplémentaires'], [], ['absence', 'arrivées', 'départs', 'cours', 'période'], ['aménagement', 'durée', 'travail', 'salariés', 'temp', 'partiel'], ['aménagement', 'durée', 'travail', 'sou', 'forme', 'convention', 'forfait'], ['convention', 'réalisation', 'mission'], ['convention', 'forfait', 'annuel', 'heures'], ['population'], ['période', 'annuelle', 'référence', 'forfait'], ['rémunération', 'traitement', 'heures', 'supplémentaires', 'prise', 'compte', 'absence', 'arrivées', 'départs', 'cours', 'période'], ['caractéristiques', 'principales', 'convention', 'individuelles'], ['convention', 'forfait', 'annuel', 'jours'], ['population']]"
A06718006777,"[['aménagement', 'temp', 'travail'], ['apaeiie', 'devenue', 'aph', 'vosges', 'nord', 'conclu', 'décembre', '2016', 'accord', 'relatif', 'temp', 'travail'], ['contingent', 'conventionnel', 'entreprise'], ['forfait', 'annuel', 'jours'], ['forfait', 'annuel', 'réduit'], ['contrôle', 'décompte', 'jours', 'travaillés', 'non', 'travaillés'], ['garanties', 'temp', 'repos/charge/', 'amplitude/entretien/déconnexion'], ['temp', 'repos', 'obligation', 'déconnexion'], ['amplitude', 'journées', 'travaillées', 'charge', 'travail', 'salariés', 'devront', 'rester', 'raisonnables', 'assurer', 'bonne', 'répartition', 'temp', 'travail', 'intéressés'], ['suivi', 'charge', 'travail', 'amplitude', 'équilibre', 'vie', 'privée/vie', 'professionnelle'], ['entretiens', 'individuels'], ['période', 'transitoire'], ['suivi', 'rendez-vous'], ['durée', 'révision', 'dénonciation']]"
T01721003307,"[['accord', 'collectif', 'entreprise', 'relatif', 'augmentation'], ['contingent', 'heures', 'supplementaires'], ['champ', 'application'], ['etablissement'], ['entree', 'vigueur', 'duree', 'accord'], ['contingent', 'annuel', 'heures', 'supplementaires'], ['fixation', 'contingent', 'heures', 'supplémentaires'], ['contreparties', 'heures', 'supplémentaires', 'effectuées', 'intérieur', 'contingent'], ['majoration', 'heures', 'supplémentaires'], ['remplacement', 'paiement', 'heures', 'supplémentaires', 'repos', 'compensateur', 'équivalent'], ['absence', 'demande', 'prise', 'repos', 'salarié', 'délai', 'mois', 'peut', 'entraîner', 'perte', 'droit', 'repos'], ['depassement', 'contingent', 'annuel', 'heures', 'supplementaires'], ['condition', 'accomplissement', 'heures', 'supplémentaires', 'dépassement', 'contingent', 'annuel', 'heures', 'supplémentaires'], ['contrepartie', 'obligatoire', 'repos'], ['consultation', 'comité', 'social', 'économique'], ['publicite', 'depot', 'accord']]"
T01720002323,"[['accord', 'entreprise'], ['relatif', 'condition', 'organisation', 'mise', 'place', 'travail', 'posté', 'sein', 'établissement'], [], ['tikimob'], ['modalites', 'recours', 'travail', 'poste', 'equipes', 'successives'], ['définitions'], ['durée', 'travail', 'posté'], ['temp', 'pause'], ['planning', 'travail'], ['temp', 'pause-repas'], ['inspection', 'travail', 'territorialement', 'compétente'], ['congés', 'payés'], ['remplacement'], ['contreparties', 'liees', 'travail', 'poste', 'equipes', 'successives'], ['indemnité', 'panier'], ['prime', 'jour', 'férié', 'journée', 'récupération'], ['salariés', 'travaillant', 'jour', 'férié', 'bénéficient'], ['condition', 'particulieres'], ['changement', 'horaire', 'travail'], ['surveillance', 'médicale', 'renforcée'], ['priorité', 'emploi', 'horaire', 'standard'], ['accès', 'formation'], ['egalité', 'professionnelle'], ['frais', 'déplacement'], ['suivi', 'accord'], ['evolution', 'prime'], ['commission', 'suivi', 'accord'], ['date', 'application', 'present', 'accord'], ['duree', 'present', 'accord', 'publicite']]"
T06421003905,"[['etablissement', 'lacq-mourenx'], ['accord', 'portant', 'modalités', 'arrêts', 'règlementaires', '2021', 'mourenx'], ['securite'], ['organisation', 'duree', 'travail'], ['pointage', 'paiement', 'heures', 'supplementaires', 'et/ou', 'recuperation'], ['indemnites', 'transport'], ['conge', 'repos'], ['prime', 'demarrage'], ['perimetre'], ['category', 'beneficiaires'], ['engagement', 'party', 'signataires'], ['entree', 'application', 'accord'], ['depot', 'publicite']]"
T03719000913,"[['accord', 'entreprise', 'relatif', 'durée', 'travail'], ['organisation', 'petits', 'déplacements'], ['heures', 'supplémentaires'], ['contingent', 'heures', 'supplémentaires'], ['majorations', 'applicables', 'heures', 'supplémentaires'], ['travail', 'exceptionnel', 'dimanche', 'jour', 'férié', 'nuit'], ['travail', 'dimanche', 'et/ou', 'jour', 'férié'], ['travail', 'nuit', 'exceptionnel', 'programmé'], ['non', 'cumul'], ['petits', 'déplacements'], ['zone', 'concentriques'], ['indemnité', 'trajet'], ['indemnité', 'repas'], ['formalités']]"
T05120002324,"[['négociation', 'annuelle', 'obligatoire', '2020'], ['amenagement', 'temp', 'travail'], ['congés'], ['congés', 'principaux'], ['ponts'], ['journée', 'solidarité'], ['organisation', 'travail'], ['heures', 'supplémentaires'], ['intérim'], ['element', 'remuneration'], ['augmentation', 'générale'], ['indemnité', 'trajet'], ['cotisation', 'retraite', 'complémentaire', 'prévoyance'], ['augmentation', 'budget', 'cse'], ['prime', 'sécurité'], ['journée', 'enfant', 'malade']]"
T02424060175,"[['champ', 'application'], ['mode', 'paiement', 'heures', 'supplementaires'], ['principe'], ['information'], ['seuil', 'déclenchement', 'repos', 'compensateur', 'remplacement'], ['modalités', 'prise', 'repos', 'compensateur', 'remplacement'], ['amenagement', 'temp', 'travail', 'octroi', 'jours', 'repos'], ['amenagement', 'compte', 'epargne', 'temp', 'conventionnel'], ['article', '55-1', 'relatif', 'alimentation', 'compte', 'complété', 'présent', 'accord', 'façon', 'suivante'], ['article', '56.1', 'relatif', 'condition', 'utilisation', 'cet', 'modifiée', 'présent', 'accord', 'façon', 'suivante'], ['article', '56.4', 'relatif', 'renonciation', 'salarié', 'utilisation', 'compte', 'complété', 'façon', 'suivante'], ['disposition', 'finale'], ['durée', 'application-', 'modification'], ['date', 'entrée', 'application']]"
T59V22002396,"[['accord', 'entreprise', 'relatif', 'accomplissement', 'heures', 'supplémentaires', 'contingent', 'annuel', 'heures', 'supplementaires'], ['objet'], ['accomplissement', 'heures', 'supplémentaires'], ['contingent', 'annuel', 'heures', 'supplémentaires'], ['consultation', 'personnel'], ['suivi', 'révision', 'dénonciation', 'accord'], ['dépôt', 'publicité', 'accord']]"
T00422001036,"[['accord', 'entreprise'], ['entreprise'], ['temp', 'travail', 'effectif'], ['définition', 'temp', 'travail', 'effectif'], ['temp', 'pause'], ['temp', 'déplacement'], ['rappel', 'disposition', 'légales', 'conventionnelles', 'convention', 'collective', 'ouvriers'], ['durée', 'travail', 'référence'], ['durée', 'travail'], ['définition', 'heures', 'supplémentaires'], ['contingent', 'heures', 'supplémentaires', 'contrepartie', 'heures', 'supplémentaires'], ['contingent', 'heures', 'supplémentaires'], ['contreparties', 'heures', 'supplémentaires', 'effectuées', 'intérieur', 'contingent'], ['dépassement', 'contingent', 'annuel', 'heures', 'supplémentaires'], ['condition', 'accomplissement', 'heures', 'supplémentaires', 'dépassement', 'contingent', 'annuel', 'heures', 'supplémentaires'], ['contrepartie', 'obligatoire', 'repos'], ['ouverture', 'acquisition', 'congés', 'payés'], ['absence', 'prise', 'contrepartie', 'obligatoire', 'repos'], ['consultation', 'comité', 'social', 'économique'], ['représentants', 'personnel', 'délégué', 'syndical'], ['effet', 'accord'], ['suivi', 'accord', 'clause', 'rendez-vous'], ['transmission', 'accord', 'commission', 'paritaire', 'permanente', 'négociation', 'interprétation', 'branche'], ['publication', 'accord'], ['dépôt', 'accord'], ['consultation', 'personnel'], ['action', 'nullité']]"
T03120007428,"[['accord', 'entreprise', 'relatif', 'duree', 'travail'], ['heures', 'supplementaires'], ['contingent', 'heures', 'supplémentaires'], ['majorations', 'applicables', 'heures', 'supplémentaires'], ['duree', 'accord'], ['suivi', 'accord'], ['formalites'], ['revision', 'denonciation', 'accord']]"
T07521037054,"[['avenant', 'accord', 'collectif', 'entreprise', 'aménagement', 'organisation', 'durée', 'travail', 'sein', 'société', 'grapstor', 'simplebo'], ['principe', 'négociation'], ['date', 'prise', 'effet', 'présent', 'avenant'], ['durée', 'application'], ['définition', 'temp', 'travail', 'effectif'], ['règles', 'générales'], ['durée', 'travail', 'hebdomadaire', 'annuelle'], ['organisation', 'travail', 'heures'], ['modalités', 'octroi', 'jours', 'rtt', 'valorisation', 'heures', 'supplémentaires'], ['lissage', 'rémunération'], ['suivi', 'rtt'], ['période', 'référence'], ['règles', 'prise', 'jours', 'rtt'], ['incidence', 'absence', 'arrivées', 'départs', 'cours', 'année'], ['journée', 'solidarité'], ['convention', 'individuelles', 'forfait', 'annuel', 'jours'], ['nombre', 'jours', 'travail', 'période', 'référence', 'forfait'], ['temp', 'repos', 'obligatoire'], ['jours', 'non', 'travaillés'], ['décompte', 'durée', 'travail'], ['arrivée', 'départ', 'cours', 'année'], ['dépassement', 'nombre', 'jours', 'maximal', 'travail', 'année'], ['renonciation', 'jnt'], ['opposabilité', 'salarié'], ['suivi', 'organisation', 'charge', 'travail', 'chaque', 'salarié'], ['droit', 'déconnexion'], ['rémunération'], ['modalités', 'mise', 'œuvre', 'temp', 'partiel', 'sein', 'entreprise'], ['droit', 'déconnexion'], ['garantie', 'réciprocité', 'droit', 'déconnexion'], ['rôle', 'leader'], ['bonne', 'pratiques', 'effectivité', 'droit', 'déconnexion', 'tous'], ['valorisation', 'mode', 'alternatifs', 'communication', 'interne'], ['utilisation', 'raisonnable', 'encadrée', 'outils', 'communication'], ['disposition', 'applicables', 'salariés', 'soumis', 'forfait', 'annuel', 'jours'], ['champ', 'application', 'astreintes'], ['définition', 'applicabilité', 'directe', 'astreinte'], ['condition', 'relative', 'localisation', 'astreinte'], ['détermination', 'personnes', 'astreinte']]"
T03420003283,"[['accord', 'entreprise', 'relatif'], ['amenagement', 'temp', 'travail'], ['champ', 'application'], ['égalité', 'droits', 'salariés', 'temp', 'partiel'], ['modalités', 'organisation', 'temp', 'travail', 'annualisation', 'temp', 'travail'], ['période', 'référence'], ['répartition', 'temp', 'travail'], ['durée', 'travail'], ['rémunération', 'temp', 'travail'], ['lissage', 'rémunération'], ['heures', 'supplémentaires'], ['détermination', 'heures', 'supplémentaires'], ['heures', 'travail', 'effectif', 'hebdomadaire'], ['majoration'], ['contreparties'], ['contreparties', 'heures', 'supplémentaires', 'effectuées', 'au-delà', 'heures', 'hebdomadaires'], ['contreparties', 'heures', 'supplémentaires', 'effectuées', 'au-delà', '1.607', 'heures'], ['temp', 'travail', 'réalisé', 'période', 'référence'], ['contingent', 'annuel', 'heures', 'supplémentaires'], ['suivi', 'décompte', 'temp', 'travail'], ['programmation', 'prévisionnelle', 'délai', 'prévenance'], ['suivi', 'décompte', 'temp', 'travail'], ['prise', 'compte', 'absence'], ['prise', 'compte', 'embauches', 'rupture', 'contrat', 'cours', 'période'], ['durée', 'travail', 'repos'], ['durée', 'organisation', 'temp', 'travail'], ['définition', 'semaine', 'travail'], ['durées', 'quotidienne', 'hebdomadaire'], ['disposition', 'générales'], ['durée', 'application', 'suivi', 'révision', 'dénonciation', 'accord'], ['dépôt', 'publicité']]"
T02123060240,"[['accord', 'entreprise', 'relatif', 'amenagement', 'temp', 'travail'], ['définitions'], ['temp', 'travail', 'effectif'], ['temp', 'pause'], ['temp', 'déplacement'], ['durées', 'maximales', 'repos', 'minimal'], ['modalités', 'aménagement', 'temp', 'travail'], ['période', 'référence', 'durée', 'annuelle', 'travail'], ['répartition', 'durée', 'travail', 'programmation', 'horaires'], ['heures', 'supplémentaires', 'contingent', 'annuel'], ['cours', 'période', 'référence'], ['issue', 'période', 'référence', 'annuelle'], ['rémunération'], ['entrées', 'sortie', 'cours', 'année'], ['absence'], ['suivi', 'temp', 'travail'], ['suivi', 'révision', 'dénonciation', 'accord'], ['dépôt', 'publicité', 'accord']]"
T02121004039,"[['sa', 'prop', 'vert'], ['accord', 'entreprise', 'relatif', 'duree', 'amenagement', 'temp', 'travail'], ['champ', 'application'], ['rappel', 'principe', 'generaux', 'relatifs', 'calcul', 'duree', 'travail'], ['amenagement', 'temp', 'travail', 'personnel', 'temp', 'plein'], ['durée', 'travail'], ['décompte', 'heures', 'supplémentaires'], ['contingent', 'annuel', 'heures', 'supplémentaires'], ['paiement', 'heures', 'supplémentaires'], ['condition', 'délais', 'prévenance', 'changements', 'durée', 'horaire', 'travail'], ['lissage', 'rémunération'], ['incidence', 'absence', 'cours', 'période'], ['incidence', 'arrivées', 'départs', 'cours', 'période'], ['amenagement', 'temp', 'travail', 'personnel', 'temp', 'partiel'], ['définition'], ['1607', 'heures', 'annuelles', 'jour', 'solidarité', 'inclus'], ['durée', 'travail'], ['décompte', 'heures', 'complémentaires'], ['condition', 'délais', 'prévenance', 'changements', 'durée', 'horaire', 'travail'], ['rémunération', 'prise', 'compte', 'absence', 'ainsi', 'arrivées', 'départs', 'cours', 'période', 'référence'], ['lissage', 'rémunération'], ['incidence', 'absence', 'cours', 'période'], ['incidence', 'arrivées', 'départs', 'cours', 'période'], ['durees', 'maximales', 'travail'], ['durées', 'maximales', 'quotidiennes', 'travail'], ['durées', 'maximales', 'hebdomadaires', 'travail', 'salariés', 'temp', 'complet'], ['temp', 'repos'], ['repos', 'quotidien'], ['repos', 'hebdomadaire'], ['disposition', 'specifiques', 'applicables', 'travailleurs', 'temp', 'partiel'], ['duree', 'present', 'accord'], ['clause', 'suivi', 'rendez-vous']]"
T05223060080,"[['accord', 'entreprise'], ['relatif', 'organisation', 'duree', 'travail'], ['champ', 'application'], ['organisation', 'temp', 'travail'], ['modalités', 'organisation', 'travail', 'entreprise'], ['temp', 'habillage', 'déshabillage'], ['temp', 'chargement', 'déchargement', 'préparation', 'chantier'], ['temp', 'déplacements', 'rendre', 'chantiers'], ['temp', 'pause'], ['intempéries'], ['gestion', 'temp', 'travail'], ['modalités', 'organisation', 'temp', 'travail'], ['heures', 'supplémentaires'], ['modalités', 'enregistrement', 'temp', 'travail'], ['jours', 'fractionnement'], ['disposition', 'finale'], ['modalités', 'conclusion', 'présent', 'accord'], ['dépôt', 'publicité', 'accord']]"
T01818000207,"[['accord', 'entreprise'], ['contingent', 'annuel', 'heures', 'supplementaires', 'contrepartie', 'obligatoire', 'repos'], ['objet'], ['champ', 'application'], ['iii', 'fixation', 'contingent', 'annuel'], ['contrepartie', 'obligatoire', 'repos', 'personnel', 'non'], ['roulant'], ['contrepartie', 'obligatoire', 'repos', 'personnel', 'roulant'], ['modalites', 'prise', 'contrepartie', 'obligatoire', 'repos'], ['vii', 'publicite', 'droits'], ['viii', 'duree', 'accord'], ['entree', 'vigueur']]"
T07721005074,"[['accord', 'amenagement', 'annuel', 'temp', 'travail', 'salaires'], ['données', 'économiques', 'sociales'], ['programmation', 'modulation'], ['heures', 'complémentaires', 'supplémentaires'], ['lissage', 'rémunération'], ['absence'], ['embauche', 'rupture', 'contrat', 'travail', 'cours', 'période', 'modulation'], ['prise', 'effet', 'durée', 'accord'], ['accord', 'applique', 'partir', '1er', 'avril', '2021', 'durée', 'indéterminée']]"
T07518002318,"[['projet', 'accord', 'collectif', 'duree', 'amenagement', 'temp', 'travail', 'adopte', 'referundum'], [], ['modalités', 'aménagement', 'temp', 'travail'], ['organisation', 'activité', 'suivi', 'régulier', 'charge', 'travail'], ['temp', 'maximum', 'télétravail'], ['modalités', 'télétravail'], ['temp', 'charge', 'travail', 'télétravail'], ['disposition', 'générales'], ['condition', 'validité'], ['dépôt', 'publicité'], ['portée', 'accord'], ['disposition', 'commune'], ['définition', 'temp', 'travail', 'effectif'], ['période', 'référence'], ['durée', 'journalière', 'maximale', 'travail', 'repos', 'quotidien'], ['durée', 'maximale', 'hebdomadaire', 'repos', 'hebdomadaire'], ['temp', 'pause', 'temp', 'repas'], ['modalités', 'aménagement', 'temp', 'travail'], ['cadre', 'dirigeants'], ['principe'], ['chargé', 'développement', 'commercial'], ['conclusion', 'convention', 'individuelle', 'forfait', 'jours', 'année'], ['régime', 'forfait', 'jours', 'année'], ['jours', 'récupération', 'temp', 'travail'], ['détermination', 'nombre', 'jours', 'récupération', 'temp', 'travail'], ['prise', 'jours', 'récupération', 'temp', 'travail'], ['organisation', 'activité', 'suivi', 'régulier', 'charge', 'travail'], ['entretiens', 'individuels'], ['dispositif', 'veille', 'alerte'], ['principe'], ['conclusion', 'convention', 'individuelle', 'forfait', 'heures', 'année'], ['durée', 'hebdomadaire', 'travail', 'heures'], ['heures', 'supplémentaires'], ['définition', 'heures', 'supplémentaires'], ['régime', 'heures', 'supplémentaires'], ['contingent', 'annuel', 'heures', 'supplémentaires'], ['droit', 'déconnexion'], ['temp', 'trajet', 'déplacements', 'professionnels'], ['conge', 'payés'], ['acquisition', 'conge', 'paye'], ['pose', 'conge', 'paye'], ['ordre', 'départs'], ['modalités', 'prise', 'congés', 'payés'], ['perte', 'droit', 'report', 'conge', 'paye'], ['télétravail'], ['salary', 'éligibles']]"
T02822002921,"[['accord', 'entreprise', 'instituant', 'augmentation', 'contigent', 'heures', 'supplementaires'], ['définition', 'accomplissement', 'heures', 'supplémentaires'], ['contingent', 'annuel', 'heures', 'supplémentaires'], ['dépassement', 'contingent', 'annuel', 'heures', 'supplémentaires'], ['condition', 'accomplissement', 'heures', 'supplémentaires', 'au-delà', 'contingent', 'annuel'], ['caractéristiques', 'condition', 'prise', 'contrepartie', 'obligatoire', 'sou', 'forme', 'repos'], ['consultation', 'personnel'], ['disposition', 'finale', 'durée', 'révision', 'publication', 'date', 'entrée', 'vigueur', 'accord']]"
T08323005081,"[['accord', 'entreprise', 'relatif', 'contingent', 'heures', 'supplémentaires'], ['objet'], ['définition', 'heures', 'supplémentaires'], ['accomplissement', 'heures', 'supplémentaires'], ['contingent', 'annuel', 'heures', 'supplémentaires'], ['contreparties', 'obligatoires', 'repos'], ['consultation', 'personnel'], ['dépôt', 'publicité', 'accord']]"
T02119001817,"[['accord', 'entreprise', 'relatif', 'durée', 'travail'], ['organisation', 'petits', 'déplacements'], ['heures', 'supplémentaires'], ['contingent', 'heures', 'supplémentaires'], ['majorations', 'applicables', 'heures', 'supplémentaires'], ['petits', 'déplacements'], ['indemnité', 'trajet'], ['formalités'], ['suivi', 'revision', 'denonciation', 'accord']]"
T04422015119,"[['modalités', 'recours', 'chômage', 'partiel'], ['horaires', 'temp', 'travail'], ['suivi', 'horaires'], ['atelier'], ['bureau'], ['horaires', 'personnel', 'administratif'], ['horaires', 'travail', 'personnel', 'atelier', 'journée'], ['horaires', 'travail', 'personnel', 'atelier', 'équipe'], ['personnel', 'agent', 'maitrise', 'forfait', 'jours'], ['personnel', 'cadre', 'forfait', 'jours'], ['conge', 'paye', 'absence', 'rtt'], ['iii', 'décompte', 'congés', 'payés'], ['iii', 'absence'], ['iii', 'maladie', 'accident', 'travail', 'maladie', 'professionnelle'], ['iii', 'autres', 'absence', 'rémunérées'], ['iii', 'absence', 'non', 'rémunérées'], ['iii', 'rtt'], ['iii', 'nombre', 'jours', 'rtt', 'disposition'], ['acquisition', 'jours', 'rtt', 'effectue', 'prorata', 'temporis', 'présence'], ['iii', 'modalité', 'application', 'personnel', 'atelier'], ['iii', 'b-1', 'délai', 'prévenance', 'poser', 'rtt', 'salariés', 'jours', 'repos', 'compensateur', 'remplacement'], ['iii', 'b-2', 'délai', 'réponse', 'direction', 'prise', 'rtt', 'salariés', 'repos', 'compensateur', 'remplacement'], ['iii', 'b-3', 'gestion', 'annuelle', 'rtt'], ['iii', 'modalité', 'application', 'personnel', 'bureau'], ['iii', 'personnel', 'bureau', 'hors', 'forfait', 'jours'], ['iii', 'personnel', 'forfait', 'jours'], ['iii', 'calendrier', 'jours', 'prépositionnés'], ['iii', 'ca', 'report', 'jours', 'rtt'], ['heures', 'supplementaires'], ['heures', 'supplémentaires', 'personnel', 'atelier'], ['heures', 'supplémentaires', 'obligatoires'], ['heures', 'supplémentaires', 'volontariat'], ['information', 'comité', 'social', 'economique'], ['repos', 'compensateur', 'remplacement', 'personnel', 'atelier'], ['personnel', 'journée'], ['personnel', 'équipe'], ['personnel', 'intérimaire', 'équipe'], ['formation', 'pompiers'], ['formation', 'syndicale'], ['remuneration'], ['prime', 'ancienneté'], ['prime', 'quart'], ['heures', 'nuit'], ['indemnité', 'départ', 'volontaire', 'retraite'], ['clause', 'generales'], ['champ', 'application'], ['cadre', 'juridique'], ['durée', 'accord'], ['publicité', 'dépôt']]"
T04123002680,"[['accord', 'temp', 'travail', 'dit', 'souple', 'organisation', 'conge', 'paye'], ['harmonisation', 'pratiques', 'temp', 'travail', 'car', 'aujourd', 'hui', 'existe', 'contrats', 'temp', 'plein', '35h', '38,33h'], ['nitial', 'champ', 'application'], ['organisation', 'temp', 'travail'], ['définition', 'temp', 'travail', 'effectif'], ['durées', 'maximales', 'travail'], ['durées', 'minimales', 'repos'], ['horaires', 'travail'], ['durée', 'habituelle', 'travail'], ['modification', 'horaires'], ['heures', 'supplémentaires'], ['définition', 'heure', 'supplémentaire'], ['contingent', 'annuel', 'heures', 'supplémentaires'], ['suivi', 'heures', 'supplémentaires'], ['contreparties', 'heures', 'supplémentaires'], ['compteur', 'temp', 'souple'], ['solde', 'compteur', 'temp', 'souple'], ['travail', 'temp', 'partiel'], ['définition', 'organisation', 'temp', 'partiel'], ['heures', 'complémentaires'], ['modification', 'horaires'], ['garanties', 'salariés', 'temp', 'partiel'], ['conge', 'paye'], ['période', 'acquisition'], ['prise', 'congés', 'payés'], ['période', 'prise', 'congés', 'payés'], ['ordre', 'départs'], ['modalités', 'pose', 'congés', 'payés'], ['congés', 'période', 'principale'], ['congés', 'dehors', 'période', 'principale'], ['suivi', 'temp', 'travail'], ['planification'], ['planification', 'temp', 'travail'], ['planification', 'repos'], ['planification', 'repos', 'hebdomadaires'], ['planification', 'congés', 'payés'], ['outil', 'suivi', 'temp', 'travail'], ['bulletin', 'paie'], ['entrée', 'vigueur', 'depot'], ['suivi'], ['révision', 'dénonciation']]"
T04922008441,"[['remarque', 'préalable'], ['période', 'référence'], ['programme', 'individuel', 'indicatif', 'variation', 'activité'], ['modification', 'programme', 'individuel', 'indicatif', 'variation'], ['décompte', 'heures', 'supplémentaires'], ['salariés', 'temp', 'partiel'], ['rémunération'], ['condition', 'prise', 'compte', 'absence'], ['périodes', 'absence', 'non', 'rémunérées'], ['périodes', 'absence', 'rémunérées', 'indemnisées'], ['condition', 'prise', 'compte', 'rémunération', 'salariés', 'arrivées', 'départs', 'cours', 'période', 'référence'], ['contrôle', 'durée', 'travail'], ['disposition', 'particulières'], ['condition', 'suspensives']]"
T04122002294,"[['accord', 'duree', 'determinee'], ['place'], ['repos', 'compensateur', 'remplacement'], ['paiement', 'heures', 'supplementaires'], [], ['mode', 'remuneration', 'heures', 'supplementaires', 'effectuees', 'partir', '01/04/2023', 'jusqu', '31/03/2024'], ['duree', 'application', 'accord'], ['durée'], ['consultation', 'comite', 'entreprise'], ['depot']]"
T05120002230,"[['accord', 'entreprise'], ['mesures', 'exceptionnelles', 'liees', 'pandemie', 'covid-19'], ['/04/2020'], ['objet', 'accord'], ['durée', 'travail', 'annualisation', 'temp', 'travail'], ['principe'], ['période', 'référence'], ['répartition', 'durée', 'annuelle', 'travail'], ['amplitude', 'horaires', 'hebdomadaires', 'maximales', 'minimales'], ['rémunération'], ['incidence', 'absence'], ['incidence', 'entrées', 'sortie', 'cours', 'année'], ['salariés', 'temp', 'partiels'], ['horaires', 'travail'], ['début', 'fin', 'poste'], ['temp', 'pause'], ['principe'], ['conge', 'paye'], ['heures', 'supplémentaires'], ['définition'], ['principe'], ['contrepartie'], ['modalités', 'prise', 'jours', 'repos', 'compensateur', 'remplacement'], ['journée', 'solidarité'], ['durée'], ['dénonciation'], ['formalités', 'dépôts']]"
T02120001869,"[['durée', 'travail'], ['aménagement', 'temp', 'travail'], ['heures', 'supplémentaires'], ['définition'], ['paiement', 'heures', 'supplémentaires', 'accomplies', 'au-delà', 'moyenne', '35h00', 'calculées', 'période', 'référence'], ['rémunération'], ['embauche', 'rupture', 'contrat', 'travail', 'cours', 'période', 'référence'], ['salariés', 'temp', 'partiel'], ['durée', 'accord', 'révision', 'dénonciation'], ['publicité']]"
T02822002630,"[['repos', 'quotidien', 'hebdomadaire'], ['suivi', 'charge', 'travail'], ['section', 'acquisition', 'prise', 'jours', 'repos'], ['disposition', 'generales'], ['objet', 'champ', 'application'], ['consultation', 'salariés-référendum'], ['entrée', 'vigueur', 'accord', 'durée'], ['révision'], ['dénonciation'], ['droit', 'saisine', 'organisation', 'syndicales'], ['suivi', 'mise', 'œuvre', 'interprétation', 'accord'], ['modalité', 'information', 'salariés', 'application', 'suivi', 'accord'], ['dès', 'entrée', 'vigueur', 'accord', 'tout', 'long', 'application', 'salariés', 'pourront', 'demander', 'explication', 'contenu', 'mise', 'œuvre', 'présentes', 'disposition', 'directement', 'intermédiaire', 'représentants', 'personnel'], ['application', 'accord'], ['divisibilité', 'accord'], ['amenagement', 'duree', 'travail'], ['section', 'disposition', 'generales'], ['définition', 'catégories', 'personnel'], ['définition', 'temp', 'travail', 'effectif'], ['section', 'amenagement', 'duree', 'travail', 'heures', 'travail'], ['repos', 'quotidien', 'hebdomadaire', 'durées', 'maximales', 'travail'], ['décompte', 'temp', 'travail', 'cadre', 'annuel'], ['personnel', 'non-cadre', 'cadre', 'opérationnel'], ['rémunération'], ['lissage', 'rémunération'], ['heures', 'supplémentaires'], ['heures', 'supplémentaires', 'personnel', 'journée', '37h'], ['jours', 'repos', 'impact', 'absence', 'départs', 'arrivées'], ['suivi', 'temp', 'travail'], ['modification', 'horaire'], ['section', 'iii', 'forfait', 'annuel', 'jours'], ['convention', 'individuelle', 'forfait'], ['décompte', 'temp', 'travail', 'jours', 'base', 'annuelle'], ['année', 'incomplète'], ['rémunération'], ['forfait', 'jours', 'réduits'], ['jours', 'repos'], ['droits', 'acquisition', 'repos'], ['prise', 'jours', 'repos'], ['renonciation', 'repos'], ['contrôle', 'décompte', 'jours', 'travaillés', 'non', 'travaillés'], ['repos', 'quotidien', 'hebdomadaire'], ['amplitude', 'journées', 'travaillées', 'charge', 'travail', 'devront', 'rester', 'raisonnables', 'assurer', 'bonne', 'répartition', 'temp', 'travail', 'intéressés'], ['suivi', 'charge', 'travail'], ['amplitude', 'charge', 'travail', 'salarié', 'soumis', 'forfait', 'doivent', 'rester', 'raisonnables', 'elles', 'doivent', 'permettre', 'concilier', 'vie', 'professionnelle', 'vie', 'privée', 'préserver', 'santé'], ['entretiens', 'individuels']]"
T04820000159,"[['convention', 'collective', 'nationales'], ['ouvriers', 'bâtiment'], ['relatif', 'contingent', 'heures', 'supplémentaires'], ['contingent', 'heures', 'supplémentaires'], ['majorations', 'applicables', 'heures', 'supplémentaires'], ['relatif', 'durée', 'travail', 'organisation', 'indemnités', 'petits', 'déplacements'], ['indemnité', 'trajet', 'temp', 'travail', 'petits', 'déplacements'], ['indemnité', 'repas'], ['relatif', 'indemnités', 'grand', 'déplacements'], ['rappel', 'conventionnel', 'grand', 'déplacements'], ['frais', 'grand', 'déplacements'], ['temp', 'travail', 'pendant', 'grand', 'déplacements'], ['modalités', 'fonctionnement', 'titres-restaurant'], ['portée', 'accord']]"
T03821008650,"[['accord', 'entreprise'], ['accord', 'entreprise'], ['champ', 'application'], ['accord', 'appliquera', 'sein', 'entreprise', 'essa', 'freres'], ['contingent', 'annuel', 'modalites', 'application'], ['article', '3121-11', 'code', 'travail', 'instaure', 'primauté', 'accord', 'collectif', 'entreprise', 'rapport', 'accord', 'branche', 'matière', 'fixation', 'contingent', 'heures', 'supplémentaires'], ['fixation', 'contingent', 'annuel', 'heures', 'supplémentaires'], ['modalité', 'décompte', 'contingent'], ['appel', 'volontaires'], ['heures', 'supplémentaires', 'au-delà', 'contingent'], ['contrepartie', 'obligatoire', 'repos'], ['absence', 'demande', 'prise', 'contrepartie', 'obligatoire', 'repos', 'salarié', 'pourra', 'entraîner', 'perte', 'droit', 'repos'], ['taux', 'majoration', 'heures', 'supplementaires'], ['depassement', 'limite', 'hebdomadaire', 'journaliere', 'temp', 'travail'], ['cadre', 'juridique'], ['dérogation', 'durée', 'hebdomadaire'], ['dérogation', 'durée', 'hebdomadaire', 'travail'], ['disposition', 'finale'], ['prise', 'effet', 'durée'], ['modalités', 'suivi'], ['dénonciation', 'révision'], ['notification', 'dépôts'], ['accord', 'entreprise', 'fixation', 'duree', 'journaliere', 'hebdomadaire', 'travail', 'contingent', 'annuel', 'conclu', 'juillet', '2021']]"
T06721007225,"[['negociation', 'annuelle', 'obligatoire', '2021'], ['calendrier', 'négociations'], ['évolution', 'effectifs', 'permanent', 'intérimaires'], ['champ', 'application', 'objet', 'accord'], ['augmentation', 'générale'], ['principe', 'calcul'], ['augmentation', 'générale', 'personnel', 'non', 'cadre'], ['attribution', 'augmentation', 'collective'], ['salaires', 'minimum', 'personnel', 'collège', 'ouvrier'], ['augmentation', 'individuelles'], ['prime', 'habillage/déshabillage'], ['heures', 'supplémentaires', 'prime', 'continuité'], ['dotation', 'exceptionnelle', 'comité', 'social', 'economique'], ['embauches'], ['disposition', 'complémentaires', 'compte', 'epargne', 'temp'], ['dénonciation', 'révision']]"
T09522005781,"[['accord', 'collectif', 'relatif', 'heures', 'supplementaires'], ['personnel', 'non-cadres'], ['champ', 'application', 'objet', 'accord'], ['champ', 'application'], ['objet', 'accord'], ['contenu', 'accord'], ['modalites', 'realisation', 'heures', 'supplementaires'], ['contingent', 'annuel', 'heures', 'supplementaires'], ['majoration', 'heures', 'supplementaires'], ['remuneration', 'heures', 'supplementaires'], ['entree', 'vigueur', 'application', 'accord'], ['duree', 'accord', 'entree', 'vigueur'], ['suivi', 'accord'], ['revision'], ['denonciation'], ['formalites']]"
T07124060309,"[['negociation', 'annuelle', 'obligatoire', '2024'], ['protocole', 'accord', 'portant', 'mesures', 'salariales', 'egalite', 'professionnelle', 'hommes', 'femmes', 'applicables', 'etablissements', 'societe', 'industeel', 'france'], ['mesures', 'salariales-', 'remuneration'], ['augmentation', 'générale'], ['augmentation', 'individuelle'], ['rémunération', 'ingénieurs', 'cadre'], ['egalité', 'professionnelle', 'hommes/femmes'], ['disposition', 'complémentaires'], ['pérennisation', 'adaptation', 'temporaire', 'place', 'barèmes', 'transport', 'augmentation', 'indemnité', 'télé', 'travail'], ['prime', 'médaille', 'travail'], ['répartition', 'coût', 'mutuelle'], ['partage', 'valeur', 'ajoutée', 'entreprise'], ['duree', 'effective', 'organisation', 'travail'], ['depot', 'accord']]"
T05123005598,"[['accord', 'collectif'], ['fixant', 'condition', 'gestion', 'recuperation', 'heures', 'supplementaires'], ['disposition', 'generales'], ['accord', 'duree', 'travail'], ['information', 'salarié', 'droit', 'repos'], ['disposition', 'generales'], ['champ', 'application'], ['approbation', 'salariés'], ['accord', 'duree', 'travail'], ['durée', 'légale', 'travail'], ['définition', 'heures', 'supplémentaires'], ['définition', 'heures', 'complémentaires'], ['majorations', 'applicables'], ['principe', 'gestion', 'récupération', 'heures', 'supplémentaires'], ['salariés', 'temp', 'complet'], ['salariés', 'temp', 'partiel'], ['ouverture', 'droits', 'prise', 'droit', 'repos'], ['information', 'salarié', 'droit', 'repos'], ['modalités', 'prise', 'compte', 'demandes', 'relative', 'thèmes', 'négociation']]"
T03322012242,"[['accord', 'collectif', 'entreprise', 'relatif', 'contingent', 'heures', 'supplementaires'], ['objet'], ['définition', 'heures', 'supplémentaires'], ['accomplissement', 'heures', 'supplémentaires'], ['contingent', 'annuel', 'heures', 'supplémentaires'], ['contreparties', 'obligatoires', 'repos'], ['consultation', 'personnel'], ['durée', 'entrée', 'vigueur', 'accord', 'entreprise'], ['révision', 'dénonciation'], ['dépôt', 'publicité', 'accord']]"
T02523060087,"[['accord', 'entreprise', 'relatif', 'amenagement', 'regime', 'petits', 'deplacements', 'applicable', 'entreprise', 'augmentation', 'contingent', 'heures', 'supplementaires', 'amenagement', 'financement', 'systeme', 'garanties', 'collective', 'complementaire', 'obligatoire', 'frais', 'sante'], ['employeur', 'éprouve', 'recruter', 'salariés', 'dont', 'niveau', 'travail', 'satisfait', 'exigences', 'celles', 'équipes', 'pose', 'actuelle'], ['disposition', 'generales'], ['cadre', 'dispositif'], ['objet', 'accord', 'champ', 'application'], ['augmentation', 'contingent', 'heures', 'supplémentaires'], ['aménagement', 'financement', 'système', 'garanties', 'collective', 'complémentaire', 'obligatoire', 'frais', 'santé'], ['indemnites', 'petits', 'deplacement'], ['salariés', 'concernés'], ['non-cumul', 'entre', 'rémunération', 'trajet', 'temp', 'travail', 'effectif', 'paiement', 'indemnité', 'trajet'], ['contingent', 'heures', 'supplementaires'], ['accomplissement', 'heures', 'supplémentaires'], ['contingent', 'heures', 'supplémentaires'], ['financement', 'systeme', 'garanties', 'collective', 'complementaire', 'obligatoire', 'frais', 'sante'], ['suivi', 'accord'], ['duree', 'modalites', 'sortie', 'accord', 'revision'], ['date', 'entrée', 'vigueur'], ['dénonciation'], ['révision'], ['information', 'personnel'], ['depot', 'accord']]"
T07721005997,"[['accord', 'collectif', 'relatif', 'intervention', 'hors', 'plage', 'habituelles', 'travail', 'ihp', 'juin', '2021'], ['partie', 'intervention', 'hors', 'plage', 'habituelles', 'travail', 'ihp'], ['définition'], ['organisation'], ['périodes', 'intervention'], ['rémunération'], ['remboursement', 'frais'], ['majoration', 'heures', 'supplémentaires'], ['prime', 'forfaitaire', 'intervention', 'hors', 'plage'], ['partie', 'disposition', 'generales'], ['modalités', 'révision', 'accord'], ['entrée', 'vigueur'], ['dépôt', 'publicité', 'accord']]"
T04419004146,"[['accord', 'entreprise'], ['duree', 'travail', 'service', 'personnel', 'roulant'], ['principe', 'relatifs', 'durée', 'travail', 'service', 'applicables', 'personnel', 'roulant'], ['catégorie', 'personnel', 'roulant'], ['répartition', 'organisation', 'durée', 'travail', 'service'], ['décompte', 'durée', 'travail', 'service', 'personnel', 'roulant'], ['repos', 'compensateur'], ['temp', 'service', 'mensuel'], ['repos', 'compensateur', 'remplacement'], ['temp', 'déplacement', 'professionnel'], ['substitution', 'accord', 'collectifs', 'usage', 'décisions', 'unilatérales'], ['durée', 'dépôt', 'révision', 'dénonciation'], ['dépôt', 'légal'], ['révision', 'accord', 'clause', 'rendez-vous']]"
T02122004461,"[['accord', 'collectif', 'entreprise', 'fixant', 'volume', 'contigent', 'annuel', 'heures', 'supplementaires'], ['objet', 'accord'], ['volume', 'contingent', 'annuel', 'heures', 'supplementaires'], ['duree', 'accord', 'suivi', 'accord'], ['revision'], ['denonciation'], ['formalites']]"
T01322015437,"[['accord', 'entreprise', 'durée', 'hebdomadaire', 'travail', 'collective', 'repos', 'compensateur', 'remplacement', 'heures', 'supplementaires'], ['objet', 'perimetre', 'accord'], ['duree', 'collective', 'travail'], ['temp', 'travail', 'effectif'], ['repos', 'compensateur', 'remplacement'], ['condition', 'ouverture', 'droit', 'repos', 'compensateur', 'remplacement'], ['modalités', 'attribution', 'repos', 'compensateur', 'remplacement'], ['embauche', 'sortie', 'cours', 'année'], ['incidence', 'diver', 'événements', 'nombre', 'repos', 'compensateur'], ['modalités', 'prise', 'repos', 'compensateur'], ['paiement', 'majoré', 'heures', 'supplémentaires'], ['duree', 'date', 'effet', 'agrement'], ['interpretation'], ['depot', 'publicite', 'accord']]"
T07723008708,"[['accord', 'collectif', 'relatif', 'organisation', 'temp', 'travail', 'entreprise', 'joubert', 'north', 'france'], ['octobre', '2022'], ['partie'], ['période', 'décompte', 'horaire'], ['condition', 'délais', 'prévenance', 'changements', 'volume', 'horaire', 'travail', 'répartition'], ['toutefois', 'employeur', 'pourra', 'effectuer', 'programmations', 'individuelles', 'raisons', 'organisation', 'bon', 'fonctionnement', 'service'], ['modalités', 'communication', 'modification', 'volume', 'répartition', 'horaire', 'travail'], ['délai', 'information', 'modification', 'volume', 'répartition', 'horaire', 'travail'], ['disposition', 'spécifiques', 'salariés', 'temp', 'partiel'], ['condition', 'rémunération'], ['rémunération', 'cours', 'période', 'décompte'], ['heures', 'supplémentaires', 'cours', 'période', 'décompte'], ['incidence', 'rémunération', 'absence', 'arrivées', 'départs', 'salariés', 'cours', 'période', 'décompte'], ['rémunération', 'fin', 'période', 'décompte'], ['activité', 'partielle'], ['partie'], ['organisation', 'temp', 'travail', 'effectif', 'forme', 'horaire'], ['organisation', 'temp', 'travail', 'effectif'], ['forme', 'horaire', 'délai', 'prévenance', 'changements', 'horaire'], ['heures', 'supplémentaires'], ['condition', 'rémunération'], ['rémunération'], ['incidence', 'rémunération', 'absence', 'arrivées', 'départs', 'salariés', 'cours', 'année'], ['partie', 'forfait', 'annuel', 'jours'], ['durée', 'annuelle', 'travail', 'convenue', 'convention', 'forfait', 'jours'], ['période', 'annuelle', 'référence', 'forfait'], ['volume', 'annuel', 'jours', 'travail', 'période', 'référence'], ['répartition', 'durée', 'annuelle', 'travail'], ['dépassement', 'volume', 'annuel', 'jours', 'travail', 'cours', 'période', 'référence'], ['jours', 'repos'], ['attribution', 'jours', 'repos'], ['modalités', 'attribution', 'jours', 'repos'], ['modalités', 'utilisation', 'jours', 'repos'], ['rémunération', 'salarié', 'forfait', 'jours'], ['rémunération', 'nombre', 'annuel', 'jours', 'travail', 'convenu', 'période', 'référence'], ['incidence', 'rémunération', 'absence', 'ainsi', 'arrivées', 'départs', 'cours', 'période', 'référence'], ['repos', 'quotidien', 'hebdomadaire'], ['evaluation', 'suivi', 'régulier', 'charge', 'travail'], ['entretien', 'annuel'], ['droit', 'déconnexion'], ['partie'], ['disposition', 'finale'], ['révision'], ['dénonciation']]"
T04421012732,"[['disposition', 'generales'], ['modification', 'horaire', 'hebdomadaire', 'travail', 'prévisionnel', 'notamment', 'jours', 'travail'], ['congés', 'jours', 'spécifiques'], ['congés', 'enfants', 'malades'], ['rappel', 'loi'], ['durée', 'journée', 'solidarité'], ['compte', 'épargne', 'temp'], ['modalités', 'information', 'personnel'], ['dépôt', 'publicité'], ['disposition', 'generales'], ['objet', 'accord'], ['définition', 'temp', 'travail'], ['temp', 'travail', 'effectif'], ['durée', 'légale', 'travail'], ['repos', 'quotidien', 'hebdomadaire'], ['durées', 'maximales', 'travail'], ['horaires', 'travail'], ['modalités', 'déclaration', 'temp', 'travail'], ['disposition', 'particulieres'], ['personnel', 'concerné'], ['modalités', 'comptabilisation', 'temp', 'travail'], ['report', 'heures', 'gestion', 'crédits', 'débits', 'compteurs', 'heures'], ['heures', 'supplémentaires'], ['rémunération'], ['personnel', 'temp', 'partiel'], ['personnel', 'concerné'], ['durée', 'travail'], ['horaire', 'hebdomadaire', 'travail', 'salariés', 'horaire', 'moyen'], ['report', 'heures'], ['heures', 'complémentaires'], ['modification', 'horaire', 'hebdomadaire', 'travail', 'prévisionnel', 'notamment', 'jours', 'travail'], ['egalité', 'traitement'], ['personnel', 'soumis', 'forfait', 'jours'], ['principe', 'convention', 'forfait', 'annuel', 'jours'], ['catégorie', 'salariés', 'concernés'], ['conclusion', 'convention', 'individuelle', 'forfait', 'jours'], ['durée', 'travail', 'forfait', 'jours'], ['régime', 'juridique'], ['durée', 'forfait', 'jours', '218', 'jours'], ['durée', 'forfait', 'jours', 'réduit'], ['jours', 'non', 'travaillés', 'application', 'forfait'], ['nombre', 'jours', 'repos'], ['modalités', 'prise', 'jours', 'repos'], ['condition', 'prise', 'compte', 'entrées', 'sortie', 'cours', 'période', 'référence'], ['renonciation', 'jours', 'repos'], ['condition', 'prise', 'compte', 'absence'], ['absence', 'indemnisées'], ['absence', 'non', 'indemnisées'], ['modalités', 'décompte', 'temp', 'présence'], ['entretien', 'salariés', 'soumis', 'forfait', 'jours'], ['rémunération']]"
T97218000001,"[['protocole', 'accord', 'relatif', 'organisation'], ['arret', 'intermediaire', '2018'], ['challenge'], ['objectif', 'type', '100kg'], ['critères', 'respect', 'budget', 'annoncé', 'scope', 'définitif'], ['valorisation', 'challenge'], ['heures', 'supplementaires'], ['depot']]"
T05323060096,"[['accord', 'entreprise'], ['portant', 'amenagement', 'temp', 'travail'], ['champ', 'application'], ['duree', 'organisation', 'travail'], ['durée', 'travail', 'hebdomadaire'], ['heures', 'supplémentaires'], ['cadre', 'appréciation', 'heures', 'supplémentaires'], ['majoration', 'salaire'], ['contingent', 'annuel', 'heures', 'supplémentaires', 'libres'], ['suivant', 'article', 'l.3121-33', 'code', 'travail'], ['suivant', 'article', 'clause', 'commune', 'convention', 'collective', 'nationale', 'transport', 'routiers', 'personnel', 'roulant', 'contingent', 'annuel', 'heures', 'supplémentaires', 'libres', '195h00', 'salarié'], ['repos', 'compensateur', 'remplacement'], ['définition', 'repos', 'compensateur', 'remplacement'], ['modalités', 'prise', 'repos', 'compensateur', 'remplacement'], ['compensation', 'obligatoire', 'repos', 'trimestrielle'], ['cessation', 'contrat', 'travail'], ['duree', 'accord'], ['denonciation', 'accord'], ['publicite', 'depot', 'accord']]"
T04522004618,"[['accord', 'entreprise'], ['champ', 'application', 'mise', 'œuvre', 'accord'], ['objet'], ['principe', 'généraux', 'déontologie'], ['non-discrimination', 'égalité', 'professionnelle'], ['clause', 'discrétion', 'secret', 'professionnel'], ['terme', 'période', 'probatoire'], ['plage', 'horaire', 'travail', 'personnel', 'temp', 'complet'], ['forfait', 'jours'], ['période', 'référence'], ['lorsque', 'augmentation', 'diminution', 'horaire', 'initialement', 'programmé', 'peut', 'plus', 'être', 'compensée', 'avant', 'fin', 'période', 'annualisation', 'programme', 'modifié', 'devra', 'indiquer'], ['incidence', 'absence', 'rémunération'], ['lissage', 'rémunération'], ['heures', 'supplémentaires'], ['travail', 'temp', 'partiel', 'fixe'], ['contrat', 'travail'], ['modification', 'horaires'], ['heures', 'complémentaires'], ['chacune', 'heures', 'complémentaires', 'effectuées'], ['travail', 'temp', 'partiel', 'annualisé'], ['période', 'référence'], ['condition', 'prise', 'compte', 'rémunération', 'absence', 'départs', 'arrivées', 'cours', 'période'], ['modalités', 'communication', 'répartition', 'durée', 'horaires', 'travail'], ['lissage', 'rémunération'], ['garanties', 'dont', 'bénéficient', 'salariés', 'temp', 'partiel'], ['travail', 'soirée'], ['trajet', 'domicile', 'lieu', 'habituel', 'travail'], ['congés', 'autres', 'absence'], ['jours', 'fériés', 'journée', 'solidarité'], ['jours', 'fériés'], ['journée', 'solidarité'], ['journées', 'fermeture', 'entreprises'], ['maladie', 'accident'], ['indemnisation', 'durant', 'arrêt', 'travail'], ['effet', 'arrêt', 'travail'], ['subrogation'], ['don', 'congés', 'payés', 'jours', 'rtt'], ['autorisation', 'absence'], ['rémunération', 'salary'], ['mécanismes', 'revalorisation', 'salariale'], ['revalorisation', 'collective', 'annuelle'], ['rémunération', 'supplémentaire', 'fidélisation'], ['accord', 'participation'], ['organisation', 'interne'], ['matériel', 'document'], ['frais', 'engagés', 'cadre', 'mission'], ['modalités', 'mise', 'place', 'forfaits', 'jours']]"
T07522043337,"[['accord', 'entreprise', 'relatif', 'contingent', 'annuel', 'heures', 'supplementaires'], ['contingent', 'annuel', 'heures', 'supplémentaires'], ['entrée', 'vigueur', 'durée', 'accord'], ['portée', 'accord'], ['dépôt', 'publicité', 'accord']]"
T02519001315,"[['accord', 'entreprise'], ['relatif', 'temp', 'condition', 'travail'], ['cadre', 'juridique', 'champ', 'application'], ['personnel', 'concerné', 'présent', 'accord'], ['cadre', 'autonomes'], ['etablissements', 'concernés'], ['modalités', 'aménagement', 'durée', 'collective', 'travail'], ['définition', 'temp', 'travail', 'effectif'], ['etam', 'cadre', 'intégrés'], ['horaires', 'individualisés'], ['travail', 'équipe', 'personnel', 'opérationnel'], ['organisation', 'temp', 'travail', 'cette', 'catégorie', 'personnel', 'dépend', 'mission', 'réalisée'], ['travail', 'nuit', 'personnel', 'opérationnel'], ['définition', 'travail', 'nuit', 'travailleur', 'nuit'], ['travail', 'nuit'], ['travailleur', 'nuit'], ['surveillance', 'médicale', 'renforcée'], ['principe'], ['durée', 'travail', 'repos'], ['prise', 'consignes', 'passage', 'consignes'], ['décompte', 'congés', 'payés'], ['rémunération'], ['astreinte', 'personnel', 'opérationnel'], ['définition', 'astreinte'], ['définition', 'intervention'], ['contrôle', 'durée', 'travail', 'effectif'], ['heures', 'supplémentaires'], ['temp', 'travail', 'ingénieurs', 'cadre'], ['catégories', 'cadre'], ['article', '1.2.1', 'présent', 'accord', 'définit', 'différentes', 'catégories', 'cadre'], ['modalités', 'aménagement', 'durée', 'travail', 'ingénieurs', 'cadre'], ['convention', 'individuelles', 'forfait', 'hebdomadaire', 'heures'], ['convention', 'individuelles', 'forfait', 'annuel', 'jours'], ['incidence', 'entrées', 'sortie', 'cours', 'année', 'nombre', 'jours', 'rtt'], ['incidence', 'absence', 'nombre', 'jours', 'rtt'], ['modalités', 'prise', 'jours', 'rtt'], ['jour', 'solidarité'], ['organisation', 'activité'], ['suivi', 'organisation', 'travail', 'chaque', 'salarié'], ['document', 'suivi', 'forfait'], ['entretien', 'périodique'], ['suivi', 'collectif', 'forfaits', 'jours'], ['dépassement', 'forfait'], ['rémunération'], ['congés', 'payés'], ['travail', 'temp', 'partiel'], ['repos', 'quotidien', 'durée', 'maximale', 'hebdomadaire']]"
T06420002375,"[['accord', 'entreprise', 'issue'], ['négociation', 'annuelle', 'obligatoire', '2020'], ['augmentation', 'individuelle'], ['ancienneté'], ['négociation', 'perco', 'retraite', 'supplémentaire', 'pere'], ['durée', 'effective', 'organisation', 'temp', 'travail'], ['jours', 'congés', 'supplémentaires'], ['egalité', 'professionnelle', 'femmes/hommes'], ['articulation', 'entre', 'vie', 'personnelle', 'vie', 'professionnelle', 'salariés'], ['insertion', 'professionnelle', 'maintien', 'emploi', 'travailleurs', 'handicapés'], ['lutte', 'contre', 'toute', 'discrimination', 'matière', 'recrutement', 'emploi', 'accès', 'formation', 'professionnelle'], ['exercice', 'droit', 'expression', 'directe', 'collective', 'salariés'], ['durée', 'application']]"
T08620000857,"[['accord', 'collectif', 'entreprise'], ['rupture', 'contrat', 'travail', 'avant', 'bénéfice', 'repos', 'compensateur', 'équivalent'], ['lutte', 'contre', 'stress', 'lié', 'utilisation', 'outils', 'numériques', 'professionnels'], ['dépôt', 'légal', 'publicité'], ['volet', 'organisation', 'temp', 'travail'], ['durée', 'travail'], ['durée', 'légale', 'travail'], ['définition', 'temp', 'travail', 'effectif'], ['aménagement', 'temp', 'travail'], ['modalités', 'générales'], ['champ', 'application', 'aménagement', 'temp', 'travail']]"
T05721005136,"[['accord', 'relatif', 'duree', 'organisation', 'amenagement', 'temp', 'travail'], ['disposition', 'générales'], ['définition', 'temp', 'travail', 'effectif'], ['horaire', 'reference'], ['rappel', 'durées', 'maximales', 'travail'], ['heures', 'supplémentaires'], ['congés', 'payés'], ['mode', 'acquisition', 'nombre', 'jours', 'congés', 'payés'], ['période', 'acquisition', 'congés', 'payés'], ['période', 'prise', 'congés', 'payés'], ['droit', 'déconnexion'], ['disposition', 'générales', 'principe', 'directeurs'], ['mesures', 'visant', 'assurer', 'effectivité', 'droit', 'déconnexion'], ['organisation', 'temp', 'travail', 'personnel', 'horaires', 'variable'], ['personnel', 'concerné'], ['decompte', 'annuel', 'temp', 'travail'], ['organisation', 'plage', 'horaires', 'variable'], ['organisation', 'temp', 'travail', 'personnel', 'poste'], ['définition'], ['personnel', 'concerné'], ['roulement'], ['horaires', '5x8'], ['nuit', '22h00', '6h00'], ['nombre', 'jours', 'travailles'], ['contreparties', 'travail', '5x8'], ['indemnité', 'panier', 'nuit'], ['travail', 'nuit'], ['définition', 'travail', 'nuit'], ['nuits', 'habituellement', 'travaillées'], ['nuits', 'exceptionnellement', 'travaillées'], ['prime', 'poste'], ['prime', 'habillage', 'déshabillage'], ['prime', 'passation', 'consignes'], ['travail', 'dimanche', 'jour', 'férié'], ['disposition', 'diverses'], ['information'], ['dénonciation'], ['révision'], ['accord', 'portant', 'révision', 'présent', 'accord', 'fera', 'objet', 'dépôt', 'légal', 'formes', 'indiquées', 'présent', 'article'], ['suivi'], ['publicité', 'dépôt', 'accord'], ['option', 'accord', 'validé', 'salariés'], ['calcul', 'temp', 'reference', 'annuel'], ['exemple', 'roulement', '5x8']]"
T07222003971,"[['organisation', 'déroulement', 'consultation'], ['perimetre', 'application', 'accord'], ['iii', 'principe', 'generaux', 'organisation', 'travail'], ['définition'], ['modalités', 'aménagement', 'horaire', 'travail'], ['période', 'référence'], ['programmation', 'indicative'], ['définition', 'horaires', 'travail'], ['salariés', 'accompli', 'totalité', 'durée', 'annuelle', 'temp', 'travail', 'effectif'], ['embauche', 'cours', 'période'], ['départ', 'cours', 'période'], ['information', 'régularisation', 'fin', 'période'], ['remuneration'], ['contingent', 'heures', 'supplementaires'], ['activite', 'partielle'], ['vii', 'disposition', 'particulieres', 'contrats', 'duree', 'determinee', 'contrats', 'travail', 'temporaire'], ['viii', 'disposition', 'particulieres', 'salary', 'temp', 'partiel'], ['duree', 'accord'], ['entree', 'vigueur', 'validite'], ['suivi', 'accord'], ['xii', 'portee', 'accord'], ['xiii', 'revision', 'accord'], ['xiv', 'denonciation', 'accord'], ['disposition', 'finale']]"
T03518001454,"[['accord', 'entreprise'], ['contingent', 'annuel', 'heures', 'supplementaires'], ['objet'], ['champ', 'application'], ['iii', 'fixation', 'contingent', 'annuel'], ['iv-', 'contrepartie', 'obligatoire', 'repos'], ['repos', 'compensateur'], ['modalites', 'prise', 'contrepartie', 'obligatoire', 'repos'], ['vii', 'publicite', 'droits'], ['viii', 'duree', 'accord'], ['entree', 'vigueur']]"
T06723060061,"[['temp', 'travail', 'sein', 'unite', 'economique', 'sociale'], ['ci-après', 'dénommé', 'salariés'], ['modulation', 'temp', 'travail'], ['période', 'référence'], ['modulation', 'temp', 'travail'], ['définition', 'modulation', 'temp', 'travail'], ['durée', 'travail'], ['amplitude', 'journalière', 'travail', 'peut', 'dépasser', 'heures'], ['programmation', 'indicative', 'temp', 'travail'], ['modalités', 'enregistrement', 'décompte', 'temp', 'travail'], ['employeur', 'met', 'place', 'outils', 'destinés', 'décompte', 'temp', 'travail', 'salariés'], ['décompte', 'heures', 'supplémentaires'], ['rémunération', 'salariés'], ['ca', 'solde', 'créditeur'], ['ca', 'solde', 'débiteur'], ['salary', 'temp', 'partiel'], ['temp', 'partiel', 'mensuel', 'aménagé'], ['amplitude', 'journalière', 'travail', 'peut', 'dépasser', 'heures'], ['heures', 'complémentaires'], ['travail', 'nuit'], ['définition', 'travail', 'nuit'], ['durées', 'travail'], ['durée', 'quotidienne', 'travail'], ['durée', 'hebdomadaire', 'travail'], ['mesures', 'destinées', 'améliorer', 'condition', 'travail'], ['suivi', 'médical', 'travailleurs', 'nuit'], ['protection', 'maternité'], ['inaptitude', 'salarié'], ['mesures', 'destinées', 'assurer', 'égalité', 'professionnelle'], ['forfait', 'annuel', 'jours'], ['fonctionnement', 'forfait', 'jours'], ['période', 'annuelle', 'référence'], ['rémunération'], ['détermination', 'nombre', 'jours', 'travail'], ['détermination', 'nombre', 'jours', 'repos'], ['forfait', 'annuel', 'jours', 'réduit'], ['entrées', 'sortie', 'cours', 'période', 'annuelle', 'référence', 'traitement', 'absence'], ['incidence', 'absence'], ['incidence', 'départs'], ['prise', 'jours', 'repos'], ['droit', 'santé', 'repos', 'salariés', 'forfait', 'jours'], ['modalités', 'décompte', 'journées', 'travaillées'], ['entretien', 'suivi'], ['exercice', 'droit', 'déconnexion'], ['disposition', 'finale'], ['duree', 'entree', 'vigueur'], ['suivi', 'accord']]"
T07523061063,"[['accord', 'collectif', 'entreprise', 'portant', 'aménagement', 'organisation', 'temp', 'travail'], ['partie', 'disposition', 'générales'], ['objet', 'accord'], ['accord', 'résulte', 'volonté', 'party', 'adapter', 'aménagement', 'organisation', 'temp', 'travail', 'personnel', 'besoins', 'organisationnels', 'société', 'contraintes', 'fixées', 'différents', 'contrats', 'notamment', 'concession', 'lient', 'tout', 'veillant', 'aspiration', 'salariés', 'qualité', 'vie', 'plan', 'social', 'familial', 'tout', 'conférant', 'garanties'], ['champ', 'application'], ['partie', 'durée', 'travail'], ['principe', 'generaux'], ['définition', 'temp', 'travail'], ['semaine', 'travail', 'temp', 'repos'], ['heures', 'consécutives', 'quotidiennes', 'repos', 'minimum'], ['disposition', 'applicables', 'salariés', 'dont', 'durée', 'travail', 'décomptée', 'heures'], ['durée', 'travail'], ['période', 'référence'], ['modalités', 'aménagement', 'temp', 'travail', 'année'], ['durées', 'maximales', 'travail'], ['modalités', 'suivi', 'temp', 'travail'], ['rémunération'], ['définition'], ['contrepartie'], ['contingent'], ['disposition', 'relative', 'arrivées', 'départs', 'absence', 'cours', 'période', 'référence'], ['arrivées', 'cours', 'période', 'référence'], ['départs', 'cours', 'période', 'référence'], ['absence', 'cours', 'période', 'référence'], ['temp', 'pause'], ['repos', 'quotidien', 'hebdomadaire'], ['disposition', 'applicables', 'salariés', 'dont', 'durée', 'travail', 'décomptée', 'jours'], ['salariés', 'éligibles'], ['période', 'référence'], ['formalisme', 'convention', 'forfaits'], ['nombre', 'jours', 'forfait'], ['forfait', 'jours', 'réduit'], ['convention', 'individuelle', 'forfait', 'précise', 'nombre', 'jours', 'travaillés'], ['charge', 'travail', 'tient', 'compte', 'réduction', 'temp', 'travail', 'convenue'], ['jours', 'repos', 'complémentaires'], ['213', 'jours', 'travaillés'], ['positionnement', 'jours', 'repos', 'complémentaires', 'effectue'], ['obligation', 'observer', 'temp', 'repos'], ['rémunération'], ['nombre', 'jours', 'mensuels', 'payés', '/21,67', 'jours'], ['modalités', 'suivi', 'forfait'], ['suivi', 'charge', 'travail', 'salarié'], ['entretien', 'suivi'], ['dispositif', 'alerte'], ['prise', 'compte', 'absence', 'arrivées', 'départs', 'cours', 'période', 'référence'], ['prise', 'compte', 'absence'], ['détermination', 'jours', 'travailler'], ['détermination', 'jours', 'repos', 'supplémentaires'], ['période', 'référence'], ['champ', 'application'], ['champ', 'application']]"
T02120002662,"[['accord', 'entreprise', 'relatif', 'contingent', 'heures', 'supplementaires'], ['champ', 'application'], ['contingent', 'heures', 'supplementaires'], ['majorations', 'applicables', 'heures', 'supplementaires'], ['duree', 'entree', 'vigueur', 'accord'], ['suivi', 'accord'], ['formalites'], ['revision', 'denonciation', 'accord']]"
T08919000644,"[['accord', 'collectif', 'relatif', 'mise', 'place', 'organisation', 'pluri-hebdomadaires', 'site', 'migennes', 'rattaché', 'établissement', 'monéteau', 'ppdc'], ['durée', 'travail'], ['aménagement', 'temp', 'travail'], ['heures', 'supplémentaires'], ['définition'], ['rémunération'], ['embauche', 'rupture', 'contrat', 'travail', 'cours', 'période', 'référence'], ['salariés', 'temp', 'partiel'], ['accompagnement', 'social'], ['durée', 'accord', 'révision', 'dénonciation'], ['commission', 'suivi', 'clause', 'rendez-vous'], ['publicité']]"
T05723007324,"[['execution', 'heures'], ['objet'], ['champ', 'application'], ['disposition', 'finale'], ['durée']]"
T07519011241,"[['accord', 'portant', 'remuneration', 'temp', 'travail', '2019'], ['societe', 'proserve', 'dasri'], ['augmentation', 'catégorie', 'professionnelle'], ['employés', 'ouvriers', 'techniciens', 'agent', 'maitrise'], ['egalite', 'professionnelle'], ['effort', 'rattrapage', 'rémunérations'], ['prime', 'gratification'], ['indemnité', 'différentielle', 'maintien', 'rémunération'], ['repas'], ['personnel', 'sédentaire'], ['prime', 'transport'], ['prime', 'douche'], ['prime', 'habillage', 'déshabillage'], ['indemnité', 'salissure', 'conventionnelle'], ['prime', 'ancienneté'], ['disposition', 'supplementaires'], ['subrogation'], ['versement', '13ième', 'mois'], ['jours', 'absence', 'enfant', 'malade'], ['gratification', 'ancienneté'], ['gratification', 'allouée', 'occasion', 'médaille', 'travail'], ['assiette', 'calcul', 'gratification'], ['date', 'versement', 'juin', 'septembre'], ['prime', 'astreintes'], ['limitation', 'durées', 'périodes', 'astreintes'], ['rémunération', 'temp', 'intervention'], ['moyens', 'transport', 'communication', '-temps', 'trajet'], ['travail', 'nuit', 'jours', 'fériés', 'dimanche'], ['travail', 'jours', 'fériés'], ['jours', 'fériés', 'chômés'], ['jours', 'fériés', 'travaillés'], ['journée', 'solidarité'], ['prime', 'découcher'], ['disposition', 'relative', 'temp', 'travail'], ['durée', 'travail'], ['organisation', 'travail'], ['contingent', 'heures', 'supplémentaires'], ['compensation', 'heures', 'supplémentaires'], ['planification', 'horaires'], ['repos', 'compensateur', 'obligatoire'], ['congés', 'payés'], ['rendez-vous'], ['dépôt', 'publicité']]"
T06721008563,"[['accord', 'collectif', 'entreprise', 'fixant', 'annualisation', 'temp', 'travail'], ['champ', 'application', 'professionnel', 'salariés', 'concernés'], ['modalités', 'organisation', 'temp', 'travail', 'période', 'mois'], ['horaire', 'annuel', 'travail', 'effectif'], ['période', 'référence', 'horaire', 'moyen'], ['période', 'référence'], ['programmation', 'indicative'], ['modification', 'durée', 'horaires', 'travail'], ['limites', 'aménagement', 'annuel', 'temp', 'travail'], ['qualification', 'heures', 'effectuées', 'pendant', 'période', 'référence', 'au-delà', 'durée', 'hebdomadaire', 'légale', '35h'], ['qualification', 'heures', 'effectuées', 'pendant', 'période', 'référence', 'au-delà', 'durée', 'annuelle', 'travail', 'effectif'], ['contrôle', 'durée', 'travail'], ['décompte', 'heures'], ['ecart'], ['contingent', 'annuel', 'heures', 'supplémentaires'], ['fixation', 'contingent', 'annuel', 'heures', 'supplémentaires'], ['salariés', 'soumis', 'contingent', 'annuel', 'heures', 'supplémentaires'], ['heures', 'imputant', 'contingent'], ['décompte', 'individuel', 'contingent', 'annuel', 'heures', 'supplémentaires'], ['information', 'préalable', 'consultation', 'annuelle', 'cse'], ['modalités', 'rémunération'], ['principe', 'lissage', 'rémunération'], ['rémunération', 'heures', 'supplémentaires'], ['rémunération', 'heures', 'supplémentaires', 'cours', 'période', 'référence'], ['modalités', 'spécifiques', 'ca', 'absence', 'entrée', 'sortie', 'cours', 'période'], ['absence', 'diverses', 'rémunérées', 'non', 'hors', 'absence', 'liée', 'état', 'santé', 'salarié', 'telles', 'maladie', 'at-mp', 'maternité', 'temp', 'partiel', 'thérapeutique'], ['calcul', 'maintien', 'salaire'], ['incidence', 'compteur', 'seuil', 'déclenchement', 'heures', 'supplémentaires'], ['absence', 'maladie', 'at-mp', 'maternité', 'paternité', 'temp', 'partiel', 'thérapeutique'], ['calcul', 'maintien', 'salaire'], ['incidence', 'compteur', 'seuil', 'déclenchement', 'heures', 'supplémentaires'], ['absence', 'assimilées', 'temp', 'travail', 'effectif', 'heures', 'supplémentaires', 'formation', 'visite', 'médicale', 'heures', 'délégation', 'repos', 'obligatoire', 'évènement', 'familial'], ['incidence', 'compteur', 'seuil', 'déclenchement', 'heures', 'supplémentaires'], ['calcul', 'maintien', 'salaire'], ['incidence', 'compteur', 'seuil', 'déclenchement', 'heures', 'supplémentaires'], ['absence', 'liée', 'arrivée', 'départ', 'cours', 'période'], ['incidence', 'compteur', 'seuil', 'déclenchement', 'heures', 'supplémentaires'], ['absence', 'liée', 'activité', 'partielle'], ['incidence', 'compteur', 'seuil', 'déclenchement', 'heures', 'supplémentaires'], ['mise', 'place', 'cet', 'aménagement', 'temp', 'travail'], ['application', 'présent', 'accord', 'salariés', 'temp', 'partiel'], ['définition', 'temp', 'partiel', 'horaire', 'travail', 'effectif'], ['qualification', 'heures', 'effectuées', 'pendant', 'période', 'référence', 'comprises', 'durée', 'contractuelle', 'travail', 'effectif'], ['qualification', 'heures', 'effectuées', 'pendant', 'période', 'référence', 'au-delà', 'durée', 'annuelle', 'contractuelle', 'travail', 'effectif'], ['accomplissement', 'heures', 'complémentaires'], ['formalités', 'accomplir'], ['employeur', 'engage', 'effectuer', 'toutes', 'formalités', 'inhérentes', 'horaire', 'collectif']]"
A06718007116,"[['proces', 'verbal', 'accord'], ['negociation', 'salariale', 'titre', 'annee', '2018'], ['augmentation', 'collective'], ['principe', 'calcul'], ['montant', 'augmentation', 'collective'], ['attribution', 'augmentation', 'collective'], ['augmentation', 'individuelle'], ['date', 'fermeture', 'usine', 'journée', 'solidarité'], ['personnel', 'production'], ['condition', 'mise', 'œuvre', 'mesure'], ['personnel', 'administratif'], ['réalisation', 'heures', 'travail', 'supplémentaires', 'non', 'rémunérées'], ['condition', 'mise', 'œuvre', 'mesure'], ['heures', 'supplémentaires', 'prime', 'continuité'], ['egalité', 'traitement', 'entre', 'hommes', 'femmes'], ['travailleurs', 'handicapés'], ['disposition', 'complémentaires'], ['prise', 'compte', 'vie', 'travail'], ['embauches'], ['dotation', 'exceptionnelle', 'comité', 'entreprise'], ['dépôt', 'accord'], ['dénonciation', 'révision']]"
T07719001550,"[['conclusion', 'negociation', 'annuelle', 'obligatoire', '2018'], [], [], ['remarques', 'prealable'], ['etude', 'demandes', 'representant', 'elu', 'comite', 'social', 'etablissement'], ['demande', 'maintien', 'revalorisation', 'prime', 'présence'], ['demande', 'octroi', 'jours', 'enfants', 'malades', 'rémunérés'], ['extrait', 'nao', '2017'], ['demande', 'paiement', 'heures', 'supplémentaires', 'cadre', 'remplacement'], ['réorganisation', 'planning', 'travail', 'équipes', 'internat']]"
T06918002352,"[['accord', 'collectif'], ['notification', 'depôts'], ['accord', 'appliquera', 'ensemble', 'personnel', 'entreprise', 'sequoia', 'associes', 'sou', 'réserves', 'spécificités', 'propres', 'forfait', 'annuel', 'jours'], ['fixation', 'contingent', 'heures', 'supplementaires'], ['modalites', 'accomplissement'], ['fixation', 'contingent', 'annuel', 'heures', 'supplémentaires'], ['contrepartie', 'obligatoire', 'repos'], ['champ', 'application', 'forfait', 'annuel', 'jours'], ['forfait', 'annuel', 'jours'], ['caracteristiques', 'principales', 'convention', 'individuelles'], ['respect', 'regles', 'relative', 'repos'], ['modalites', 'prise', 'jours', 'repos'], ['organisation', 'prises', 'jours', 'repos', 'tiendra', 'compte', 'nécessités', 'organisation', 'service', 'impératifs', 'liés', 'réalisation', 'mission', 'salarié', 'concerné'], ['principe', 'suivants', 'appliqués'], ['traitement', 'absence'], ['traitement', 'departs', 'arrivees', 'cours', 'annee'], ['modalites', 'suivi', 'decompte', 'jours', 'travailles', 'repos'], ['remuneration'], ['depassement', 'forfait'], ['appreciation', 'charge', 'travail', 'articulation', 'vie', 'professionnelle', 'personnelle'], ['droit', 'deconnexion'], ['disposition', 'finale', 'accord'], ['prise', 'effet', 'present', 'accord', 'collectif'], ['suivi', 'accord'], ['denonciation', 'revision'], ['notification', 'depôts']]"
T07622009146,"[['accord', 'entreprise', 'relatif', 'organisation', 'duree', 'travail', 'conge', 'paye', 'teletravail'], ['disposition', 'generales'], ['cadre', 'dispositif'], ['objet', 'accord', 'champ', 'application'], ['définition', 'temp', 'travail', 'effectif'], ['repos', 'journalier', 'hebdomadaire'], ['durées', 'maximales', 'travail'], ['iii', 'heures', 'supplementaires', 'contingent', 'annuel', 'heures', 'supplementaires'], ['définition', 'heures', 'supplémentaires'], ['traitement', 'heures', 'supplémentaires'], ['disposition', 'générales'], ['disposition', 'spécifiques', 'repos', 'compensateur', 'équivalent'], ['ouverture', 'droit', 'repos', 'compensateur', 'équivalent'], ['prise', 'repos', 'compensateur', 'équivalent'], ['contingent', 'annuel', 'heures', 'supplémentaires'], ['convention', 'forfait', 'annuel', 'jours'], ['salariés', 'visés'], ['période', 'référence', 'forfait'], ['nombre', 'jours', 'compris', 'forfait'], ['traitement', 'absence', 'arrivées', 'départs', 'cours', 'période'], ['incidence', 'absence', 'nombre', 'jours', 'travailler', 'cadre', 'forfait', 'annuel', 'jours'], ['incidence', 'absence', 'rémunération'], ['arrivée', 'cours', 'période'], ['252', 'jours'], ['181', 'jours'], ['252', 'jours'], ['passage', 'forfait', 'jours', 'cours', 'période', 'référence', 'salarié', 'déjà', 'présent', 'effectifs'], ['départ', 'cours', 'période'], ['caractéristiques', 'convention', 'individuelles'], ['décompte', 'jours', 'travaillés'], ['décompte', 'jours', 'non', 'travaillés'], ['evaluation', 'suivi', 'charge', 'travail'], ['récapitulatif', 'mensuel']]"
T03022003754,"[['accord', 'entreprise', 'relatif', 'accomplissement', 'heures', 'supplémentaires', 'contingent', 'heures', 'supplémentaires'], ['champ', 'application', 'présent', 'accord'], ['entrée', 'vigueur', 'durée', 'accord'], ['formalités', 'mise', 'œuvre'], ['date', 'application'], ['dénonciation', 'révision'], ['dénonciation'], ['révision'], ['objet', 'accord'], ['contingent', 'annuel', 'heures', 'supplémentaires'], ['accomplissement', 'heures', 'supplémentaires'], ['publicité', 'accord'], ['bordereau', 'dépôt'], ['accord', 'entrera', 'vigueur', 'jour', 'dépôt', 'auprès', 'autorité', 'administrative']]"
T06420003568,"[['accord', 'entreprise', 'fixant', 'volume', 'contingent', 'annuel', 'heures', 'supplémentaires', 'condition', 'dépassement'], ['article', '3121-30', '3121-33', '3121-38', '3131-40', '3121-17', 'suivants', 'code', 'travail'], ['volume', 'contingent', 'annuel', 'heures', 'supplémentaires'], ['dépassement', 'contingent', 'annuel', 'heures', 'supplémentaires'], ['contrepartie', 'sou', 'forme', 'repos'], ['ouverture', 'droit', 'repos'], ['modalités', 'prise', 'repos'], ['modalités', 'information', 'salarié', 'droit', 'repos'], ['indemnisation', 'contrepartie', 'repos'], ['révision'], ['dénonciation']]"
T06823060151,"[['accord', 'entreprise', 'relatif', 'amenagement', 'temp', 'travail', 'annee', 'maintien', 'salaire', 'conge', 'supplementaires'], ['principe'], ['beneficiaires'], ['periode', 'reference'], ['duree', 'annuelle', 'travail'], ['incidence', 'arrivées', 'départs', 'cours', 'période', 'référence', 'absence'], ['amplitude', 'horaire', 'hebdomadaire'], ['programmation', 'amenagement', 'duree', 'travail'], ['programmation', 'indicative'], ['modification', 'programmation', 'indicative'], ['decompte', 'heures', 'supplementaires', 'complementaires'], ['décompte', 'heures', 'supplémentaires', 'complémentaires'], ['incidence', 'absence', 'décompte', 'heures', 'supplémentaires', 'complémentaires'], ['suivi', 'temp', 'travail'], ['ca', 'particuliers'], ['portee', 'accord'], ['partie', 'maintien', 'salaire', 'lors', 'absence', 'liees', 'sante'], ['principe'], ['beneficiaires'], ['maintien', 'salaire', 'ca', 'enfants', 'malade'], ['subrogation'], ['portee', 'accord'], ['partie', 'iii', 'attribution', 'conge', 'supllementaires'], ['principe'], ['beneficiaires'], ['portee', 'accord'], ['suivi', 'accord'], ['entree', 'vigueur', 'duree', 'accord'], ['depot', 'publicite', 'accord'], ['transmission', 'accord', 'commission', 'paritaire', 'permanente', 'negociation', 'interpretation', 'branche']]"
T05522001205,"[['negociation', 'annuelle', 'obligatoire', '2022'], ['constat', 'accord'], ['constat', 'accord'], ['proposition', 'représentants', 'personnel'], ['salaires'], ['réponse', 'direction', 'question', 'élus'], ['eléments', 'retenus', 'suite', 'négociation'], ['augmentation', 'générales'], ['intéressement'], ['négociation', 'egalité', 'femmes/hommes', 'qualité', 'vie', 'condition', 'travail'], ['déploiement', 'projet', 'transition', 'cadre', 'politique', 'rse'], ['maintien', 'dynamisme', 'recrutements', 'alternants'], ['notification', 'dépôt', 'prise', 'effet', 'publicité']]"
T02620001739,"[['durée', 'travail'], ['aménagement', 'temp', 'travail'], ['heures', 'supplémentaires'], ['définition'], ['rémunération'], ['embauche', 'rupture', 'contrat', 'travail', 'cours', 'période', 'référence'], ['salariés', 'temp', 'partiel'], ['durée', 'accord', 'révision', 'dénonciation'], ['commission', 'suivi', 'accord'], ['publicité']]"
T09320004883,"[['accord', 'substitution'], ['prolongement', 'transfert', 'salary', 'societe', 'dhl', 'service', 'logistiques'], ['sein', 'societe', 'ceva', 'freight', 'management', 'france', 'sa'], ['harmonisation', 'statuts', 'salary', 'dhl', 'service', 'logistiques'], ['mise', 'cause', 'statut', 'collectif', 'ex-salariés', 'dhl', 'service', 'logistiques'], ['disposition', 'conventionnelles', 'applicables'], ['adaptation', 'statut', 'collectif', 'ceva', 'freight', 'management', 'france', 'sa', 'salariés', 'transférés'], ['durée'], ['suivi', 'clause', 'rendez-vous'], ['révision'], ['dénonciation'], ['confirmation', 'mise', 'cause', 'éléments', 'statut', 'collectif', 'dhl', 'service', 'logistiques'], ['disposition', 'conventionnelles', 'applicables', 'compter', '1er', 'juillet', '2020', 'salariés', 'transférés'], [], ['modalités', 'harmonisation', 'statut', 'collectif', 'société', 'ceva', 'freight', 'management', 'france', 'sa', 'salariés', 'transférés'], ['iii.1', 'classification', 'statut'], ['iii.2', 'bénéfice', 'prime', '13ème', 'mois'], ['iii.3', 'mesures', 'relative', 'organisation', 'traitement', 'temp', 'travail'], ['bourse', 'temp'], ['principe', 'organisation', 'temp', 'travail'], ['objet', 'suivi', 'bourse', 'temp'], ['modalités', 'décompte', 'utilisation', 'bourse', 'temp'], ['contingent', 'heures', 'supplémentaires'], ['contrôle', 'temp'], ['iii', 'traitement', 'ticket', 'restaurant', 'prime', 'paniers'], ['iii', 'application', 'prime', 'ancienneté'], ['iii.6', 'prime', 'performance'], ['iii', 'mobilité', 'professionnelle'], ['iii', 'compte', 'epargne', 'temp'], ['iii', 'couverture', 'frais', 'santé', 'prévoyance'], ['iii', 'journée', 'solidarité'], ['iii', 'epargne', 'salariale'], ['suivi', 'accord', 'clause', 'rendez-vous'], ['révision'], ['dénonciation']]"
T00122004929,"[['societe', 'scappaticci'], ['accord', 'portant', 'duree', 'amenagement', 'temp', 'travail'], ['conge', 'paye'], ['champ', 'application'], ['formalites', 'depot', 'publicite'], ['champ', 'application'], ['duree', 'travail'], ['durée', 'collective'], ['temp', 'travail', 'effectif'], ['heures', 'supplémentaires'], ['repos', 'compensateur', 'remplacement', 'rcr'], ['amenagements', 'particuliers', 'duree', 'travail'], ['organisation', 'travail', 'personnel', 'journée'], ['organisation', 'travail'], ['suppression', 'complément', 'rtt', 'inclusion', 'taux', 'horaire', 'base'], ['avenants', 'contrats', 'travail', 'établis', 'cet', 'effet'], ['organisation', 'travail', 'personnel', 'travaillant', 'équipes'], ['organisation', 'travail'], ['travail', 'équipes'], ['inclusion', 'suppression', 'pause', 'payées', 'complément', 'rtt', 'taux', 'horaire', 'base'], ['avenants', 'contrats', 'travail', 'établis', 'cet', 'effet'], ['conge', 'paye'], ['demande', 'salarié'], ['modalités', 'prise'], ['congé', 'principal'], ['ème', '5ème', 'semaines', 'congés', 'payés'], ['date', 'effet-', 'duree', 'denonciation', 'adhesion', 'interpretation'], ['révision', 'dénonciation']]"
T01923060019,"[['accord', 'portant'], ['duree', 'amenagement'], ['temp', 'travail', 'duree', 'indeterminee'], ['ehpad', 'egletons', 'conclu', 'juin', '1999', 'organisation', 'syndicales', 'représentatives', 'accord', 'réduction', 'temp', 'travail'], ['champ', 'application'], ['principe', 'generaux'], ['définition', 'temp', 'travail', 'effectif'], ['temp', 'pause'], ['temp', 'habillage', 'déshabillage'], ['durées', 'maximales', 'travail'], ['durée', 'quotidienne', 'travail'], ['durée', 'hebdomadaire', 'travail'], ['temp', 'repos'], ['repos', 'quotidien'], ['repos', 'hebdomadaire'], ['modalités', 'enregistrement', 'temp', 'travail'], ['aménagement', 'durée', 'travail', 'effectif'], ['modalités', 'retenues', 'organisation', 'temp', 'travail'], ['période', 'référence'], ['amplitude', 'variation'], ['planification', 'modification', 'horaires', 'travail'], ['planning', 'indicatif', 'applicable', 'cycle'], ['durée', 'annuelle', 'travail', 'période', 'congés', 'payés'], ['rémunération'], ['lissage', 'rémunération'], ['absence'], ['régularisation', 'négative'], ['heures', 'supplémentaires'], ['décompte', 'heures', 'supplémentaires'], ['paiement', 'heures', 'supplémentaires'], ['contingent', 'annuel'], ['convention', 'forfait', 'jours'], ['salariés', 'éligibles', 'convention', 'forfait', 'annuel', 'jours'], ['modalités', 'forfait', 'annuel', 'jours'], ['forfaits-jours', 'réduits'], ['impact', 'absence'], ['impact', 'arrivées', 'départs', 'cours', 'période'], ['rémunération'], ['régime', 'juridique'], ['garanties'], ['temp', 'repos'], ['jours', 'fériés', 'chômés'], ['caractéristiques', 'principales', 'convention', 'individuelles', 'forfait', 'annuel', 'jours'], ['salary', 'temp', 'partiel'], ['droit', 'déconnexion'], ['outils', 'numériques', 'concernés'], ['principe', 'bon', 'usage', 'outils', 'numériques'], ['exercice', 'droit', 'déconnexion']]"
T03219000301,"[['accord', 'entreprise'], ['heures', 'supplementaires'], ['expose', 'motif'], ['période', 'application'], ['contingent', 'durée'], ['application', 'majorations', 'salaires'], ['délai', 'récupération', 'paiement'], ['dénonciation', 'reconduction']]"
T07422005581,"[['accord', 'collectif', 'entreprise'], ['relatif', 'organisationn'], ['amenagement', 'temp', 'travail'], ['disposition', 'generales'], ['révision'], ['dénonciation'], ['publicité', 'dépôt'], ['dénonciation', 'usage'], ['modalites', 'amenagements', 'temp', 'travail'], ['période', 'référence'], ['rémunération', 'lissée', 'année'], ['contingent', 'annuel', 'heures', 'supplémentaires'], ['journée', 'solidarité'], ['activité', 'partielle'], ['changements', 'volume', 'horaire', 'travail', 'répartition'], ['programme', 'collectif', 'annuel', 'indicatif'], ['programmation', 'hebdomadaire'], ['modalités', 'communication', 'durée', 'travail', 'horaires', 'travail', 'salariés'], ['condition', 'prise', 'compte', 'calcul', 'rémunération', 'salariés', 'absence', 'ainsi', 'arrivées', 'départs', 'cours', 'période'], ['traitement', 'rémunération', 'ca', 'absence'], ['concernant', 'calcul', 'annuel', 'heures'], ['concernant', 'prise', 'compte', 'absence', 'rémunération', 'lissée', 'paie'], ['exemple'], ['traitement', 'solde', 'négatif', 'fin', 'annualisation'], ['compte', 'epargne', 'temp'], ['bénéficiaires', 'ouverture', 'compte'], ['alimentation', 'compte'], ['traitement', 'fin', 'période'], ['salariés', 'forfait', 'jour'], ['autres', 'droits', 'pouvant', 'alimentés', 'compte'], ['ca', 'particulier', 'salariés', 'absent', 'maladie', 'maternité', 'paternité', 'accident', 'travail', 'maladie', 'professionnelle'], ['ca', 'salariés', 'percevant', 'prime'], ['plancher'], ['plafond', 'annuel'], ['plafonds', 'globaux']]"
T03322012169,"[['historique', 'modification'], ['accord', 'collectif', 'entreprise', 'relatif', 'deplafonnement', 'heures', 'supplementaires'], ['définition'], ['modification', 'contingent', 'heures', 'supplémentaires'], ['contreparties'], ['contrepartie', 'obligatoire', 'repos'], ['notification', 'publicité', 'dépôt', 'accord']]"
A02618002810,"[['truck', 'solution', 'valence'], ['accord', 'portant', 'aménagement', 'temp', 'travail'], ['définition', 'temp', 'travail', 'effectif'], ['personnel', 'statut', 'cadre'], ['personnel', 'statut', 'ouvrier', 'employé', 'maîtrise'], ['période', 'référence'], ['volume', 'annuel', 'heures'], ['programmation', 'indicative', 'horaires'], ['délai', 'prévenance', 'changements', 'horaire'], ['travail', 'dimanche', 'jours', 'fériés'], ['contrôle', 'temp', 'travail', 'non-respect'], ['rémunération'], ['lissage', 'rémunération'], ['absence', 'salarié'], ['dépassement', 'volume', 'annuel', 'heures'], ['compte', 'epargne', 'temp'], ['durée', 'accord', 'révision', 'dénonciation']]"
T04019000851,"[['accord', 'entreprise'], ['relatif', 'contingent', 'heures', 'supplémentaires'], ['contingent', 'heures', 'supplémentaires'], ['majorations', 'applicables', 'heures', 'supplémentaires', 'clause', 'facultative'], ['formalités']]"
T01318001123,"[['association', 'foyer', 'province'], ['accord', 'collectif'], ['moyens', 'action'], ['bon', 'prise', 'heures', 'délégation'], ['organisation', 'travail'], ['détermination', 'nombre', 'heures', 'maximales', 'cadre', 'organisation', 'travail', 'cycle'], ['durée', 'maximale', 'quotidienne', 'travail'], ['repos', 'hebdomadaire'], ['pause'], ['heures', 'supplémentaires'], ['disposition', 'relative', 'salariés', 'temp', 'partiels', 'choisi', 'contreparties', 'spécifiques'], ['temp', 'déplacement', 'professionnel'], ['fractionnement', 'congés', 'payés'], ['compte', 'epargne', 'temp', 'cet'], ['jours', 'fériés'], ['autres', 'congés'], ['rémunération', 'forfaitaire'], ['complément', 'historique'], ['complément', 'salaire', 'conventionnel'], ['compensation', 'passage', 'heure', 'heure', 'hiver'], ['avantage', 'nature'], ['astreintes'], ['prime', 'qualification'], ['prime', 'annuelles'], ['maintien', 'salaire', 'cadre'], ['poste', 'référent', 'soignant'], ['poste', 'référent', 'hébergement'], ['tarifs', 'préférentiels', 'salariés', 'famille'], ['prêts', 'salariaux', 'caractère', 'social'], ['entrée', 'vigueur', 'durée', 'accord'], ['dépôt', 'publicité', 'accord'], ['moyens', 'action'], ['bon', 'prise', 'heures', 'délégation'], ['contrat', 'travail'], ['organisation', 'travail'], ['détermination', 'nombre', 'heures', 'maximales', 'cadre', 'organisation', 'travail', 'cycle'], ['durée', 'maximale', 'quotidienne', 'travail'], ['conformément', 'article', 'chapitre', 'section', 'accord', 'branche', 'réduction', 'aménagement', 'temp', 'travail', '27/01/2000', 'durée', 'quotidienne', 'travail', 'effective', 'chaque', 'salarié', 'pourra', 'dépasser', 'jour', 'comme', 'nuit', 'heures', 'apprécié', 'cadre', 'journée', 'civile', 'heure', 'heures', 'sauf', 'dérogations', 'condition', 'fixées', 'disposition', 'législatives'], ['entendu', 'entre', 'party', 'planning', 'mi', 'place', 'sein', 'établissements', 'intègrent', 'temp', 'habillage', 'déshabillage', 'temp', 'travail', 'effectif', 'organisation', 'travail', 'incluant', 'facto', 'notion', 'contrepartie', 'prévue', 'article', 'chapitre', 'section', 'accord', 'branche', 'réduction', 'aménagement', 'temp', 'travail', '27/01/2000'], ['repos', 'hebdomadaire'], ['article', 'bi', 'ccn', '18/04/2002', 'stipule', 'repos', 'hebdomadaire', 'devra', 'avoir', 'durée', 'minimale', 'heures', 'consécutives', 'repos', 'quotidien', 'compris'], ['pause'], ['complément', 'article', 'chapitre', 'section', 'accord', 'branche', 'réduction', 'aménagement', 'temp', 'travail', '27/01/2000', 'encadrant', 'pause'], ['heures', 'supplémentaires'], ['article', 'chapitre', 'section', 'accord', 'branche', 'réduction', 'aménagement', 'temp', 'travail', '27/01/2000', 'prévoit', 'rémunération', 'heures', 'supplémentaires', 'sou', 'forme', 'octroi', 'repos', 'majoré', 'versement', 'majoration', 'salaire', 'équivalente'], ['disposition', 'relative', 'salariés', 'temp', 'partiels', 'choisi', 'contreparties', 'spécifiques'], ['temp', 'déplacement', 'professionnel'], ['conge'], ['fractionnement', 'congés', 'payés'], ['article', '58-4', 'ccn', '18/04/2002', 'prévoit', 'fractionnement', 'congés'], ['compte', 'epargne', 'temp', 'cet'], ['jours', 'fériés'], ['indemnisation', 'jours', 'fériés', 'travaillés'], ['indemnisation', 'jours', 'fériés', 'chômés'], ['autres', 'congés'], ['remuneration'], ['rémunération', 'forfaitaire'], ['article', '73-1', 'bi', 'ccn', '18/04/2002', 'pose', 'principe', 'rémunération', 'minimum', 'conventionnelle'], ['complément', 'historique'], ['complément', 'salaire', 'conventionnel'], ['compensation', 'passage', 'heure', 'heure', 'hiver'], ['avantage', 'nature'], ['nourriture'], ['astreintes'], ['prime', 'qualification'], ['prime', 'annuelles'], ['prevoyance'], ['maintien', 'salaire', 'cadre'], ['formation', 'professionnelle'], ['poste', 'référent', 'soignant'], ['poste', 'référent', 'hébergement'], ['disposition', 'specifiques', 'cadre'], ['autres', 'disposition'], ['tarifs', 'préférentiels', 'salariés', 'famille'], ['prêts', 'salariaux', 'caractère', 'social'], ['entree', 'vigueur', 'duree', 'depot', 'publicite'], ['entrée', 'vigueur', 'durée', 'accord'], ['dépôt', 'publicité', 'accord']]"
T07323005125,"[['accord', 'collectif'], ['amenagement', 'temp', 'travail'], ['conclu', '16/02/2023'], ['partie', 'duree', 'travail'], ['définition', 'travail', 'effectif'], ['durée', 'travail', 'applicable', 'association', 'heures', 'supplémentaires', 'structurelles'], ['horaires', 'travail'], ['partie', 'amenagement', 'temp', 'travail'], ['période', 'référence'], ['durée', 'annuelle', 'travail', 'modalités', 'modulation', 'entre', 'périodes', 'hautes', 'périodes', 'bass', 'durée', 'moyenne', 'hebdomadaire'], ['semaines', 'haute', 'activité'], ['semaines', 'basse', 'activité'], ['compensation', 'durée', 'moyenne', 'hebdomadaire'], ['programmation', 'indicative', 'modification'], ['programmation', 'indicative', 'transmise', 'salariés', 'début', 'chaque', 'période', 'référence'], ['modification', 'programmation', 'indicative'], ['décompte', 'heures', 'supplémentaires'], ['décompte', 'sans', 'limitation', 'hebdomadaire'], ['incidence', 'absence', 'décompte', 'heures', 'supplémentaire'], ['incidence', 'absence', 'seuil', 'déclenchement', 'heures', 'supplémentaires'], ['affichage', 'contrôle', 'durée', 'travail'], ['rémunération', 'salariés'], ['principe', 'lissage'], ['incidence', 'arrivés', 'départ', 'cours', 'période', 'référence', 'rémunération'], ['ca', 'solde', 'créditeur'], ['ca', 'solde', 'débiteur'], ['incidence', 'absence', 'indemnisation', 'retenue'], ['travail', 'temp', 'partiel'], ['partie', 'travail', 'dimanche'], ['organisation', 'travail', 'dominical', 'communication', 'calendrier', 'dimanches', 'travaillés'], ['règles', 'attribution', 'dimanches', 'planification'], ['repos', 'hebdomadaire', 'remplacement', 'ca', 'travail', 'dominical', 'régulier'], ['mesures', 'permettant', 'salarié', 'volontaire', 'travail', 'dimanche', 'concilier', 'vie', 'personnelle', 'vie', 'professionnelle'], ['entretien', 'concilier', 'vie', 'personnelle', 'vie', 'professionnelle'], ['droit', 'vote'], ['partie', 'organisation', 'conge', 'paye'], ['congé', 'principal', 'fermeture', 'association', 'demande', 'congés', 'payés'], ['communication', 'planning', 'congés', 'payés'], ['partie', 'formalites'], ['entrée', 'vigueur', 'durée', 'accord'], ['procédure', 'règlement', 'conflits'], ['dépôt', 'publicité', 'accord']]"
T03219000253,"[['accord', 'portant', 'application', 'efficiente', 'législation', 'relative', 'temp', 'travail', 'sein', 'sa', 'jcb', 'aero'], ['personnel', 'soumis', 'forfait', 'jours'], ['personnel', 'soumis', 'duree', 'travail'], ['prime', 'habillage-déshabillage', 'prime', 'douche-hygiène']]"
T07524063878,"[['accord', 'entreprise', 'decembre', '2023'], ['suite', 'negociations', 'annuelles', 'obligatoires', 'nao'], ['mesures', 'faveur', 'pouvoir', 'achat'], ['reintegration', 'variable', 'salaires', 'fix'], ['salarié.es', 'niveaux', 'iii.1', 'iii.2', 'cadre'], ['augmentation', 'planchers'], ['mesures', 'spécifiques'], ['réévaluation', 'grille', 'compétences', 'mensuel', 'base', 'temp', 'plein'], ['niveau', 'i.6', 'conducteur.trice', 'equipement', 'production', 'conducteur.trice', 'equipement', 'pesée'], ['débutant', '2000€', 'brut'], ['niveau', 'ii.1', 'technicien.ne', 'production', 'préparateur.trice', 'production'], ['niveaux', 'ii.3', 'ii.4', 'ii.5', 'maintenance'], ['cheque', 'dejeuner'], ['revalorisation', 'forfait', 'repas', 'itinerant'], ['bareme', 'frais', 'sedentaires'], ['regime', 'frais', 'sante'], ['mobilite', 'durable'], ['prime', 'week-end'], ['heures', 'supplementaires'], ['placement', 'jours', 'cet'], ['autres', 'mesures'], ['conge', 'deces', 'beaux-parents'], ['engagement', 'direction', 'theme', 'suivants'], ['gratuite', 'cafe'], ['duree', 'accord'], ['depot', 'publicite']]"
A00318001678,"[['accord', 'relatif', 'aménagement', 'temp', 'travail', 'rémunération', 'condition', 'travail'], ['organisation', 'temp', 'travail'], ['durée', 'travail'], ['salariés', 'temp', 'complets'], ['salariés', 'conducteurs'], ['salariés', 'sédentaires'], ['salariés', 'temp', 'partiel'], ['heures', 'supplémentaires'], ['journée', 'solidarité'], ['astreintes'], ['définition'], ['modalités', 'organisation'], ['programmation', 'individuelle', 'astreintes'], ['rémunération'], ['indemnisation', 'coupures', 'amplitude'], ['coupures'], ['compensation', 'coupures'], ['prime', 'diverses'], ['présence', 'minimale', 'entreprise'], ['prime', 'dimanche', 'jour', 'férié'], ['prime', 'qualité'], ['absence', 'survenance', 'accident'], ['respect', 'procédures', 'qualité', 'service'], ['cumul', 'réductions', 'prime'], ['prime', 'qualité', 'bonus'], ['prime', 'rappel', 'repos'], ['frais', 'professionnels'], ['indemnités', 'relative', 'repas', 'hébergement', 'prévues', 'convention', 'collective'], ['prime', 'coupure', 'heures'], ['frais', 'repas'], ['prime', '13ème', 'mois'], ['ancienneté'], ['revalorisation', 'coefficient'], ['carence', 'maladie'], ['valorisation', 'absence', 'maladie', 'congé', 'maternité', 'congé', 'paternité'], ['mutuelle', 'entreprise', 'obligatoire'], ['congés', 'payés'], ['acquisition', 'congés', 'payés'], ['exercice', 'droit', 'congé'], ['décompte', 'congés', 'payés', 'récupérations'], ['jours', 'fractionnement'], ['jours', 'fériés'], ['indemnisation', 'jours', 'fériés'], ['valorisation', 'jours', 'fériés'], ['champ', 'application', 'accord'], ['dépôt', 'légal']]"
T06020002051,"[['accord', 'accompagnement', 'social', 'mise', 'œuvre', 'projet', 'adaptation', 'site', 'ons', 'bray', 'etablissement', 'beauvais'], ['périmètre'], ['montée', 'charge', 'organisation'], ['accompagnement', 'promotionnel'], ['accompagnement', 'financier'], ['changement', 'lieu', 'travail'], ['suivi', 'mise', 'œuvre'], ['mise', 'application', 'accord'], ['durée', 'accord', 'révision', 'dénonciation'], ['publicité']]"
T05422004278,"[['nou'], ['capital', 'temp', 'presence'], ['absence', 'badgeages', 'non', 'justifiées'], ['segur', 'sante'], ['gratification', 'titre', 'medaille', 'travail'], ['valorisation', 'anciennete'], ['frais', 'sante'], ['heures', 'supplementaires'], ['arrets', 'travail', 'hospitalisation', 'personnel'], ['responsabilite', 'incendie'], ['prise', 'compte', 'anciennete'], ['forfait', 'mobilite', 'durable'], ['prime', 'anciennete'], ['departs', 'retraite']]"
T05519000482,"[['disposition', 'generales'], ['champ', 'application', 'present', 'accord'], ['definition', 'duree', 'travail'], ['temp', 'travail', 'effectif'], ['temp', 'pause'], ['temp', 'trajet', 'déplacements', 'professionnels'], ['temp', 'habillage', 'déshabillage'], ['durees', 'maximales', 'travail', 'repos', 'applicables'], ['durée', 'travail'], ['suivi', 'décompte', 'temp', 'travail'], ['heures', 'supplémentaires'], ['contingent', 'annuel', 'heures', 'supplémentaires'], ['durée', 'travail'], ['période', 'référence'], ['répartition', 'durée', 'travail'], ['suivi', 'décompte', 'temp', 'travail'], ['traitement', 'rémunération'], ['heures', 'supplémentaires'], ['traitement', 'mobilités', 'promotion', 'interne'], ['salary', 'concernes'], ['modalites', 'relative', 'forfait', 'jours'], ['principe', 'directeurs'], ['condition', 'mise', 'place'], ['période', 'référence'], ['absence', 'arrivées', 'départs', 'cours', 'période'], ['modalites', 'suivi', 'controle', 'duree', 'travail'], ['suivi', 'régulier'], ['suivi', 'temp', 'repos'], ['suivi', 'individuel', 'contrôle', 'charge', 'travail'], ['droit', 'déconnexion'], ['prise', 'jours', 'repos'], ['organisation', 'temp', 'travail', 'cadre', 'dirigeants'], ['salary', 'concernes'], ['modalites', 'organisation', 'duree', 'travail', 'cadre', 'dirigeants'], ['temp', 'partiel'], ['procédure', 'passage', 'temp', 'partiel'], ['régime', 'applicable', 'travail', 'temp', 'partiel'], ['principe', 'directeurs'], ['modification', 'durée', 'travail'], ['modification', 'répartition', 'durée', 'travail'], ['heures', 'complémentaires'], ['rémunération'], ['egalité', 'traitement'], ['temp', 'partiel', 'annualisé', 'année'], ['période', 'référence', 'durée', 'travail'], ['répartition', 'durée', 'travail'], ['absence'], ['condition', 'retour', 'temp', 'complet']]"
T09221023571,"[['accord', 'entreprise', 'relatif', 'travail', 'nuit', 'heures', 'supplementaires', 'astreintes'], ['champ', 'application'], ['régime', 'juridique'], ['travail', 'equipe'], ['définition', 'travail', 'équipe', 'travail', 'posté'], ['organisation', 'équipes', 'jour', 'nuit'], ['travail', 'nuit'], ['définitions'], ['définition', 'travail', 'nuit'], ['définition', 'travailleur', 'nuit'], ['durée', 'travail', 'postes', 'nuit', 'modalités', 'recours', 'travail', 'nuit'], ['durée', 'maximales', 'travail', 'travailleurs', 'nuit'], ['recours', 'travail', 'nuit'], ['affectation', 'travail', 'nuit'], ['salariés', 'pouvant', 'réaliser', 'travail', 'nuit'], ['organisation', 'travail', 'nuit'], ['contreparties', 'travail', 'nuit'], ['bénéficiaires'], ['contreparties', 'applicables'], ['contreparties', 'financières'], ['contreparties', 'repos'], ['mesures', 'destinées', 'faciliter', 'articulation', 'travail', 'nocturne', 'vie', 'personnelle', 'exercice', 'responsabilité', 'familiales', 'sociales'], ['garanties', 'accordées', 'travailleurs', 'nuit'], ['formation', 'professionnelle'], ['egalité', 'professionnelle', 'entre', 'femmes', 'hommes'], ['protection', 'santé', 'sécurité', 'travailleur', 'nuit'], ['surveillance', 'médicale', 'renforcée'], ['condition', 'travail'], ['sécurité'], ['protection', 'maternité'], ['heures', 'supplementaires'], ['détermination', 'contingent', 'annuel', 'heures', 'supplémentaires', 'salarié'], ['formalisme', 'applicable', 'réalisation', 'heures', 'supplémentaires'], ['repos', 'compensateur', 'remplacement', 'récupération', 'heures', 'supplémentaires'], ['majoration', 'heures', 'supplémentaires'], ['astreintes'], ['définition', 'astreinte'], ['recours', 'astreinte'], ['programmation', 'périodes', 'astreinte'], ['moyens', 'mi', 'disposition'], ['rémunération', 'astreinte'], ['rémunération', 'périodes', 'attente'], ['rémunération', 'temp', 'intervention', 'effectifs', 'cadre', 'astreinte'], ['articulation', 'temp', 'attente', 'temp', 'repos', 'obligatoires'], ['duree', 'accord', 'stipulation', 'finale']]"
T02923060015,"[['accord', 'relatif', 'organisation', 'temp', 'travail'], ['objet', 'accord', 'page'], ['champ', 'application', 'page'], ['période', 'référence', 'page'], ['organisation', 'temp', 'travail', 'période', 'annuelle', 'page'], ['modalités', 'organisation', 'temp', 'travail', 'exception', 'cadre', 'convention'], ['disposition', 'destinées', 'faciliter', 'conciliation', 'vie', 'professionnelle'], ['modalités', 'organisation', 'temp', 'travail', 'cadre', 'convention', 'forfait'], ['disposition', 'finale', 'page'], ['objet', 'accord'], ['champ', 'application'], ['periode', 'reference'], ['organisation', 'temp', 'travail', 'periode', 'annuelle'], ['cadre', 'référence', 'décompte', 'temp', 'travail', 'salariés', 'temp', 'plein'], ['cadre', 'référence', 'décompte', 'temp', 'travail', 'salariés', 'temp', 'partiel'], ['cadre', 'référence', 'décompte', 'temp', 'travail', 'cadre', 'autonomes', 'proposé', 'convention', 'forfait', 'jours'], ['définition', 'notion', 'cadre', 'autonome'], ['nombres', 'modalités', 'prise', 'jours', 'repos', 'cadre'], ['modalites', 'organisation', 'temp', 'travail', 'exception', 'cadre', 'convention', 'forfait', 'jours', 'article'], ['durée', 'maximale', 'temp', 'travail'], ['modalités', 'organisation', 'temp', 'travail'], ['programmation', 'indicative', 'délai', 'prévenance'], ['modification', 'durée', 'répartition', 'horaire', 'travail'], ['durée', 'journalière', 'travail'], ['repos', 'quotidien', 'hebdomadaire'], ['horaires', 'individualisés'], ['heures', 'supplémentaires'], ['définition'], ['contingent', 'heures', 'supplémentaires'], ['heures', 'supplémentaires'], ['heures', 'complémentaires'], ['définition'], ['jours', 'fériés'], ['repos', 'compensateurs', 'jours', 'fériés', 'non', 'travaillés'], ['repos', 'compensateurs', 'jours', 'fériés', 'travaillés'], ['repos', 'compensateurs', 'travail', '1er', 'mai'], ['travail', 'dimanche'], ['règle', 'prise', 'heures', 'excédentaires'], ['modalités', 'prise', 'repos'], ['régime', 'repos'], ['planification', 'contrôle'], ['contrôle'], ['rémunération', 'salarié', 'temp', 'partiel'], ['absence', 'entrées', 'sortie', 'cours', 'période', 'impact', 'rémunération', 'salarié'], ['absence', 'cours', 'période', 'référence'], ['gestion', 'entrées', 'sortie', 'cours', 'période', 'référence'], ['information', 'régularisation', 'fin', 'période'], ['incidence', 'congés', 'payés', 'fin', 'période', 'référence'], ['contrat', 'travail', 'salarié', 'temp', 'partiel']]"
T08120001279,"[['accord', 'mise', 'place'], ['compte', 'epargne', 'temp'], ['champ', 'application'], ['alimentation', 'compte'], ['congés', 'payés'], ['repos', 'compensateurs', 'équivalents', 'repos', 'compensateur', 'remplacement'], ['solde', 'créditeur', 'forfaits', 'annuels', 'jours'], ['limitation', 'plafonds'], ['modalites', 'gestion', 'compte', 'epargne', 'temp'], ['utilisation', 'droits', 'affectes', 'compte', 'epargne', 'temp'], ['option', 'salariés'], ['octroi', 'complément', 'rémunération'], ['utilisation', 'capital', 'jours', 'repos'], ['prise', 'jours', 'repos'], ['indemnisation', 'congé'], ['statut', 'salarié', 'bénéficiaire', 'congé', 'financé', 'cet'], ['liquidation', 'transfert', 'droits', 'affectes', 'cet'], ['renonciation', 'exceptionnelle'], ['revision', 'modification', 'denonciation', 'accord'], ['depot', 'publicite'], ['date', 'application', 'duree', 'accord']]"
T04920004231,"[['accord', 'entreprise'], ['amenagement', 'repartition'], ['duree', 'travail', 'annee'], ['mesures', 'specifiques', 'condition', 'travail', 'securite'], ['condition', 'travail'], ['articulation', 'travail', 'nocturne', 'vie', 'personnelle', 'egalite', 'entre', 'femmes', 'hommes'], ['mesures', 'destinées', 'faciliter', 'articulation', 'travail', 'nocturne', 'vie', 'personnelle', 'exercice', 'responsabilité', 'familiales', 'sociales'], ['mesures', 'relative', 'égalité', 'entre', 'femmes', 'hommes'], ['garanties', 'liees', 'passage', 'entre', 'poste', 'nuit', 'poste', 'jour'], ['disposition', 'liminaires'], ['objet'], ['champ', 'application'], ['principe', 'generaux'], ['temp', 'travail', 'effectif'], ['temp', 'pause'], ['temp', 'habillage', 'deshabillage'], ['durees', 'maximales', 'travail'], ['repos', 'hebdomadaire'], ['controle', 'temp', 'travail'], ['heures', 'supplementaires'], ['decompte', 'heures', 'supplementaires'], ['elles', 'rémunérées', 'fin', 'période', 'annuelle'], ['remuneration', 'heures', 'supplementaires'], ['contingent', 'annuel'], ['amenagement', 'temp', 'travail'], [], ['principe', 'salary', 'concernes', 'justification'], ['principe'], ['intérimaires'], ['justification'], ['periode', 'reference'], ['duree', 'travail', 'annuel'], ['amplitude', 'variation'], ['horaire', 'travail', 'delai', 'prevenance'], ['absence'], ['absence', 'rémunérées', 'indemnisées'], ['absence', 'non', 'rémunérées', 'non', 'indemnisées'], ['activite', 'partielle'], [], ['travail', 'equipe'], ['definition'], ['mise', 'œuvre', 'travail', 'equipes', 'successives'], ['éventuelle', 'restauration', 'salariés', 'pendant', 'temp', 'pause', 'devra', 'faire', 'sein', 'espaces', 'mi', 'place', 'cet', 'effet'], [], ['travail', 'nuit'], ['justification', 'recours', 'travail', 'nuit'], ['définition', 'période', 'nuit'], ['définition', 'travailleur', 'nuit'], ['temp', 'pause']]"
T00621005213,"[['accord', 'entreprise', 'relatif'], ['modification', 'gestion', 'annuelle', 'congés', 'payés', 'suppression', '9,33'], ['champ', 'application', 'territorial', 'professionnel'], ['congés', 'payés'], ['heures', 'supplémentaires', 'structurelles', '9.33'], ['durée', 'date', 'effet', 'agrément'], ['dénonciation', 'révision'], ['validité', 'accord'], ['dépôt', 'publicité', 'accord']]"
T03420004525,"[['champ', 'application', 'présent', 'accord'], ['salariés', 'soumis', 'durée', 'légale', 'temp', 'travail'], ['salariés', 'autonomes'], ['aménagement', 'temp', 'travail', 'période', 'supérieure', 'semaine', 'article', '3121-41', 'suivants', 'code', 'travail'], ['durée', 'effective', 'travail'], ['condition', 'mise', 'place'], ['période', 'référence', 'décompte', 'heures', 'supplémentaires'], ['durée', 'horaires', 'collectifs', 'travail'], ['acquisition', 'jours', 'réduction', 'temp', 'travail'], ['prise', 'jours', 'réduction', 'temp', 'travail'], ['incidence', 'absence', 'arrivées/départs', 'pendant', 'période', 'référence'], ['rémunération', 'suivi', 'jours', 'repos'], ['heures', 'supplémentaires', 'article', '3121-33', 'code', 'travail'], ['convention', 'forfaits', 'annuel', 'jours', 'article', '3121-53', 'suivants', 'code', 'travail'], ['période', 'référence'], ['nombre', 'jours', 'travaillés', 'période', 'référence'], ['nombre', 'jours', 'repos'], ['prise', 'jours', 'repos'], ['forfait', 'jours', 'réduit'], ['rémunération'], ['respect', 'repos', 'quotidien', 'hebdomadaire'], ['contrôle', 'décompte', 'jours', 'travaillés/non', 'travaillés'], ['entretien', 'salarié'], ['droit', 'déconnexion', 'possible', 'organisation', 'travail', 'commun'], ['contraintes', 'organisationnelles', 'société'], ['durée', 'date', 'application', 'présent', 'accord'], ['condition', 'suivi', 'clause', 'rendez-vous', 'révision', 'dénonciation', 'accord'], ['p.j', 'procès-verbal', 'dernières', 'élections', 'professionnelles']]"
T08320002490,"[['disposition', 'generales'], ['champ', 'application', 'objet'], ['duree'], ['element', 'remuneration'], ['structure', 'generale', 'remuneration'], ['prime', 'anciennete'], ['gratification', 'annuelle', '13eme', 'mois'], ['titre', 'restaurant'], ['indemnite', 'deplacement'], ['permanence', 'repas'], ['prime', 'surete'], ['frais', 'mission'], ['amenagement', 'temp', 'travail'], ['determination', 'personnel', 'category', 'socio-professionnelles'], ['activité', 'aéroport', 'golfe', 'saint-tropez', 'nécessite', 'présence', 'personnel', 'soumis', 'régimes', 'horaires', 'différents'], ['cadre', 'autonomes'], ['disposition', 'generales'], ['amenagement', 'temp', 'travail', 'personnel', 'non-cadre'], ['iii-4-1', 'principe'], ['iii-4-2', 'personnel', 'non', 'cadre', 'horaires', 'décalés', 'horaires', 'administratifs'], ['durée', 'travail', 'effectif'], ['heures', 'supplementaires'], ['amenagement', 'temp', 'travail', 'cadre', 'autonomes'], ['journee', 'solidarite'], ['nombre', 'jours', 'repos', 'compensation', 'jrc'], ['iii-8-1', 'nombre', 'jours', 'acquis'], ['personnel', 'horaires', 'décalés', 'personnel', 'horaires', 'administratifs'], ['cadre', 'autonomes'], ['iii-8-2', 'modalités', 'prise'], ['iii-8-3', 'départ', 'arrivée', 'cours', 'année', 'décompte', 'absence'], ['conge', 'paye'], ['iii-9-1', 'principe'], ['iii-9-2', 'définition', 'jours', 'ouvrés'], ['modalites', 'prise', 'conge', 'paye'], ['congés', 'évènement', 'familial'], ['entretien', 'tenues', 'travail'], ['disposition', 'finale'], ['revision', 'avenant'], ['denonciation', 'avenant'], ['iii', 'publicite', 'depot']]"
T04219002042,"[['accord', 'entreprise'], ['relatif', 'durée', 'aménagement', 'temp', 'travail'], ['art.1', 'champ', 'application'], ['règles', 'matière', 'durée', 'travail'], ['art', 'durée', 'travail', 'travail', 'effectif'], ['art', 'durée', 'quotidienne', 'travail'], ['art', 'durée', 'hebdomadaire', 'travail'], ['art', 'amplitude', 'journée', 'travail'], ['art', 'pause'], ['art', 'durée', 'minimale', 'intervention'], ['art', 'repos', 'hebdomadaire'], ['art', 'repos', 'quotidien'], ['art', 'temp', 'déplacement', 'formation'], ['art', 'absence', 'enfants', 'malade'], ['art', 'aménagement', 'horaires', 'jeunes', 'parent'], ['aménagement', 'temp', 'travail'], ['art', '13.1', 'personnel', 'concerné'], ['art', '13.2', 'répartition', 'durée', 'travail'], ['art', '13.3', 'congés'], ['art', '13.3.1', 'congés', 'payés', 'légaux'], ['art', '13.3.2', 'congés', 'ancienneté'], ['art', '13.4', 'durée', 'annuelle', 'travail'], ['art', '13.5', 'journée', 'solidarité'], ['art', '13.6', 'calendrier', 'prévisionnel'], ['art', '13.7', 'modification', 'planning', 'annualisation', 'individuel'], ['délai', 'inférieur', 'jours'], ['art', '13.8', 'variation', 'durée', 'travail'], ['art', '13.9', 'heures', 'supplémentaires', 'salariés', 'temp', 'plein'], ['art', '13.10', 'lissage', 'rémunération'], ['art', '13.11', 'absence', 'salarié', 'cours', 'période', 'annuelle'], ['art', '13.13', 'salarié', 'contrat', 'durée', 'déterminée', 'contrat', 'travail', 'temporaire'], ['art', '13.14', 'salarié', 'temp', 'partiel'], ['art', '13.15', 'suivi', 'temp', 'travail', 'effectif'], ['art.14', 'substitution', 'dénonciation', 'usage', 'engagement', 'unilatéraux', 'antérieurs'], ['art', 'durée', 'entrée', 'vigueur'], ['art', 'interprétation'], ['art', 'suivi', 'rendez'], ['art', 'dénonciation', 'révision'], ['art', 'dépôt', 'publicité', 'accord']]"
T06420002598,"[['protocole', 'accord'], ['négociation', 'annuelle', 'obligatoire', '2020'], [], [], [], [], [], [], [], [], [], ['article', 'suivants', 'article', 'inscrivent', 'cadre', 'déploiement', 'démarche', 'qualité', 'vie', 'travail'], [], [], []]"
T03322010018,"[['accord', 'aménagement', 'temp', 'travail'], ['accord', 'aménagement', 'temp', 'travail'], ['disposition', 'générales'], ['généralités'], ['exclusion', 'cadre', 'dirigeants', 'cadre', 'supérieurs', 'cadre'], ['cadre', 'dirigeants'], ['organisation', 'temp', 'travail', 'salariés'], ['suivi', 'temp'], ['temp', 'travail', 'effectif'], ['organisation', 'horaires'], ['horaires', 'travail', 'personnel', 'horaire'], ['horaires', 'travail', 'personnel', 'posté'], ['heures', 'équipe', 'jour'], ['heures', 'nuit'], ['définition'], ['régime', 'suivi', 'médical'], ['contreparties', 'spécifiques'], ['travail', 'week-end'], ['condition', 'rémunération'], ['incidence', 'absence'], ['heures', 'supplémentaires'], ['contexte'], ['définition'], ['régime', 'repos', 'compensateur'], ['astreintes'], ['définition', 'contexte'], ['mode', 'organisation'], ['contreparties'], ['pause'], ['travail', 'week-end', 'jours', 'fériés', 'ponts'], ['congés', 'payés'], ['droit', 'congés', 'payés'], ['durée', 'congés', 'payés'], ['prise', 'congés', 'payés', 'jours', 'fractionnement'], ['congés', 'évènements', 'spéciaux'], ['concubin', 'jours'], ['condition', 'rémunérations'], ['autres', 'absence'], ['malady', 'accident'], ['attribution', 'jours', 'repos', 'rtt'], ['régime'], ['incidence', 'absence'], ['issue', 'absence', 'salarié', 'rtt', 'restant', 'dus', 'imputés', 'priorité', 'fermetures', 'collective', 'déjà', 'programmées'], ['disposition', 'spécifiques', 'salariés', 'temp', 'partiel'], ['régime', 'typologie'], ['attribution', 'jours', 'rtt', 'congés', 'payés'], ['modification', 'jour', 'repos'], ['temp', 'déplacement'], ['déplacement', 'dont', 'amplitude', 'heures', 'travail', 'comprises', 'dépasse', 'horaire', 'journalier', 'théorique', 'réaliser', 'durée', 'journalière', 'théorique', 'retenue', 'crédit']]"
T01022001800,"[['accord', 'collectif', 'relatif', 'mise', 'place', 'organisation', 'pluri-hebdomadaires', 'equipe', 'messagerie', 'site', 'ecrevolles', 'troyes', 'glpa', 'ppdc'], ['durée', 'travail'], ['aménagement', 'temp', 'travail'], ['heures', 'supplémentaires'], ['définition'], ['paiement', 'heures', 'accomplies', 'au-delà', 'moyenne', 'heures', 'calculée', 'période', 'référence'], ['rémunération'], ['embauche', 'rupture', 'contrat', 'travail', 'cours', 'période', 'référence'], ['salariés', 'temp', 'partiel'], ['durée', 'accord', 'révision', 'dénonciation'], ['commission', 'suivi', 'clause', 'rendez-vous'], ['publicité']]"
T08522006852,"[['accord', 'entreprise', 'contingent', 'heures', 'supplémentaires'], ['objet'], ['contingent', 'annuel', 'heures', 'supplémentaires'], ['durée', 'accord', 'entreprise', 'entrée', 'vigueur'], ['dépôt', 'publicité', 'accord', 'entreprise'], ['base', 'données', 'nationale', 'accord', 'collectifs']]"
T59L20008230,"[['dsv', 'solution', 'france', 'sa'], ['accord', 'portant', 'régime', 'heures', 'supplémentaires'], ['augmentation', 'contingent', 'heures', 'supplémentaires'], ['modalités', 'prise'], ['rappel', 'modalités', 'contrepartie', 'obligatoire', 'repos', 'cor'], ['rappel', 'modalités', 'repos', 'compensateur', 'remplacement', 'rcr'], ['notification'], ['date', 'application'], ['dépôt', 'accord']]"
T07723009081,"[['accord', 'négociations', 'annuelles', 'obligatoires', '2023'], ['transdev', 'marne', 'ourcq'], ['/06/2023'], ['salaire', 'base'], ['titre', 'restaurant'], ['indemnisation', 'temp', 'coupure', 'personnel', 'conduite'], ['prime', 'trimestrielle', 'performance', 'métier', 'personnel', 'conduite'], ['prime', 'trimestrielle', 'performance', 'métier', 'agent', 'terrain', 'prévention'], ['validation', 'systématique', 'entrée', 'vse'], ['ème', 'mois'], ['aménagement', 'temp', 'travail', 'seuil', 'déclenchement', 'heures', 'supplémentaires', 'catégorie', 'agent', 'maîtrises'], ['heures', 'supplémentaires', 'accomplies', 'au-delà', '148', 'heures', 'période', 'référence'], ['contingent', 'annuel', 'heures', 'supplémentaires'], ['compte', 'epargne', 'temp', 'cet'], ['prime', 'gagnant/gagnant'], ['offre', 'non', 'réalisée'], ['condition', 'attribution'], ['sinistralité'], ['condition', 'attribution'], ['présentéisme'], ['-salariés', 'maximum', 'jours', 'absence', 'maladie', 'accident', 'travail', 'accident', 'trajet', 'maladie', 'professionnelle', 'absence', 'non', 'autorisées', 'non', 'rémunérées', '2ème', 'semestre', '2023', '150€'], ['condition', 'attribution'], ['validation'], ['condition', 'attribution'], ['modernisation', 'sociale'], ['épargne', 'salariale', 'intéressement'], ['régime', 'prévoyance', 'frais', 'santé'], ['égalité', 'hommes', 'femmes'], ['insertion', 'professionnelle', 'maintien', 'emploi', 'travailleurs', 'handicapés'], ['droit', 'déconnexion'], ['conciliation', 'entre', 'vie', 'professionnelle', 'carrière', 'syndicale'], ['effet', 'accord'], ['dénonciation', 'révision'], ['dépôt', 'accord']]"
T02423002587,"[['accord', 'collectif', 'entreprise', 'relatif'], ['partie', 'cadre', 'juridique'], ['partie', 'ii-', 'champ', 'application', 'category', 'personnel', 'beneficiaires', 'egalite', 'droits', 'salary', 'temp', 'partiel'], ['champ', 'application', 'catégorie', 'salariés', 'bénéficiaires'], ['3111-2'], ['egalité', 'droits', 'salariés', 'temp', 'partiel'], ['principe', 'organisation', 'durée', 'travail'], ['modalités', 'organisation', 'durée', 'travail', 'salariés', 'temp', 'partiel', 'période', 'supérieure', 'semaine'], ['partie', 'dispositifs', 'repartition', 'duree', 'travail', 'dela', 'semaine'], ['rappel', 'principe', 'légaux', 'champ', 'application'], ['lorsque', 'accord', 'applique', 'salariés', 'temp', 'partiel', 'prévoit', 'modalités', 'communication', 'modification', 'répartition', 'durée', 'horaires', 'travail'], ['augmentation', 'horaire', 'collectif', 'attribution', 'jours', 'repos', 'supplémentaires'], ['lissage', 'rémunération', 'mention', 'bulletin', 'paie'], ['prise', 'compte', 'absence', 'départs', 'arrivées', 'cours', 'année'], ['modalités', 'organisation', 'durée', 'travail', 'salariés', 'temp', 'partiel', 'période', 'supérieure', 'semaine'], ['heures', 'supplémentaires'], ['récupération', 'heures', 'supplémentaires'], ['détermination', 'contingent', 'heures', 'supplémentaires'], ['période', 'référence', 'forfait'], ['contenu', 'convention', 'forfait'], ['nombre', 'jours', 'devant', 'être', 'travaillés'], ['nombre', 'jours', 'repos'], ['rémunération'], ['dépassement', 'forfait', 'jours'], ['entrée', 'sortie', 'cours', 'période', 'référence'], ['traitement', 'absence'], ['arrivée', 'cours', 'période', 'référence'], ['départ', 'cours', 'période', 'référence'], ['traitement', 'absence'], ['planning', 'prévisionnels', 'jours', 'travail', 'repos'], ['information', 'charge', 'travail'], ['obligation', 'observer', 'temp', 'repos'], ['obligation', 'bénéficier', 'jours', 'fériés', 'chômés'], ['entretien', 'annuel'], ['dispositif', 'alerte'], ['validation', 'planning', 'prévisionnels'], ['contrôle', 'suivi', 'activité', 'salarié'], ['equilibre', 'vie', 'professionnelle', 'vie', 'personnelle', 'familiale'], ['contrôle', 'effectivité', 'droit', 'déconnexion'], ['partie', 'vii', 'derogation', 'duree', 'maximale', 'journaliere', 'hebdomadaire'], ['composition', 'commission', 'paritaire'], ['réunion', 'commission', 'paritaire'], ['avis', 'commission'], ['temp', 'passé', 'réunion', 'commission'], ['partie', 'disposition', 'finale'], ['durée', 'avenant', 'revoyure'], ['entrée', 'vigueur'], ['publicité', 'dépôt', 'accord']]"
T09223061022,"[['accord', 'heures', 'supplémentaires'], ['objet', 'accord', 'cadre', 'juridique'], ['définition', 'heures', 'supplémentaires'], ['accomplissement', 'heures', 'supplémentaires'], ['rémunération', 'heures', 'supplémentaires'], ['contingent', 'annuel', 'heures', 'supplémentaires'], ['contrepartie', 'obligatoire', 'sou', 'forme', 'repos', 'heures', 'accomplies', 'au-delà', 'contingent', 'annuel', 'heures', 'supplémentaires'], ['disposition', 'spécifiques', 'service', 'production'], ['durée', 'notification', 'dépôt', 'accord'], ['objet', 'accord', 'cadre', 'juridique'], ['définition', 'heures', 'supplémentaires'], ['accomplissement', 'heures', 'supplémentaires'], ['rémunération', 'heures', 'supplémentaires'], ['contingent', 'annuel', 'heures', 'supplémentaires'], ['contrepartie', 'obligatoire', 'sou', 'forme', 'repos', 'heures', 'accomplies', 'au-delà', 'contingent', 'annuel', 'heures', 'supplémentaires'], ['disposition', 'spécifiques', 'service', 'production'], ['durée', 'notification', 'dépôt', 'accord']]"
T01423007230,"[['projet', 'accord', 'collectif', 'relatif', 'mise', 'place', 'organisation', '-hebdomadaire', 'site', 'villers', 'bocage', 'pdc1'], ['durée', 'travail'], ['aménagement', 'temp', 'travail'], ['heures', 'supplémentaires'], ['définition'], ['rémunération'], ['embauche', 'rupture', 'contrat', 'travail', 'cours', 'période', 'référence'], ['salariés', 'temp', 'partiel'], ['durée', 'accord', 'révision', 'dénonciation'], ['commission', 'suivi', 'clause', 'rendez-vous'], ['publicité']]"
T06322005433,"[['objet', 'accord'], ['repos', 'compensateur'], ['duree', 'suivi', 'accord'], ['revision', 'denonciation', 'present', 'accord'], ['publicite', 'depot', 'accord']]"
T09418000068,"[['vaaccord', 'collectif', 'relatif', 'durée', 'aménagement', 'temp', 'travail', 'sein', 'société', 'biopath'], ['disposition', 'commune', 'ensemble', 'salary', 'matiere', 'duree', 'travail'], ['temp', 'travail', 'effectif'], ['temp', 'pause'], ['heures', 'supplementaires'], ['définition', 'décompte'], ['contingent', 'annuel', 'heures', 'supplémentaires'], ['rémunération'], ['durée', 'quotidienne', 'travail'], [], [], [], [], [], [], ['dispositif', 'enregistrement', 'temp', 'arrivee', 'sortie', 'entreprise'], ['contrôle', 'horaires'], ['travail', 'temp', 'partiel'], ['recours', 'définition', 'travail', 'temp', 'partiel'], ['modalités', 'mise', 'œuvre'], ['bénéficiaires'], ['rémunération'], ['durée', 'minimale', 'hebdomadaire'], ['heures', 'complémentaires'], ['conge', 'paye'], ['demande', 'prise', 'congés', 'payés'], ['disposition', 'applicables', 'salary', 'soumis', 'dispositif', 'amenagement', 'pluri-hebdomadaire', 'temp', 'travail'], ['principe', 'generaux'], ['amenagement', 'pluri-hebdomadaire', 'temp', 'travail', 'cadre', 'infra-annuel', 'sein', 'societe', 'biopath'], ['période', 'référence'], ['programmation', 'horaires'], ['limites', 'décompte', 'heures', 'supplémentaires'], ['lissage', 'rémunérations'], ['modalités', 'prise', 'jours', 'repos', 'supplémentaires', 'jr'], ['décompte', 'jours', 'travaillés'], ['suivi', 'organisation', 'charge', 'travail', 'salariés'], ['droit', 'déconnexion'], ['renonciation', 'jours', 'repos'], ['contreparties', 'travail', 'dimanche'], ['droit', 'vote'], ['travail', 'nuit'], ['mesures', 'faveur', 'travailleurs', 'nuit'], ['surveillance', 'médicale', 'renforcée', 'rôle', 'médecin', 'travail'], ['egalite', 'professionnelle', 'accès', 'formation', 'professionnelle'], ['modalités', 'accomplissement', 'astreinte', 'matériel', 'mi', 'disposition'], ['incidence', 'temp', 'intervention', 'temp', 'repos'], ['ca', 'particuliers', 'salariés', 'forfait-jours'], ['duree', 'entree', 'vigueur', 'suivi', 'publicite'], ['condition', 'suivi', 'clause', 'rendez-vous'], ['depot', 'publicite']]"
T06921017651,"[['accord', 'entreprise', 'relatif'], ['contingent', 'annuel', 'heures', 'supplementaires'], ['contingent', 'conventionnel', 'entreprise'], ['volume'], ['heures', 'imputables', 'contingent'], ['heures', 'supplémentaires', 'contingent', 'conventionnel', 'entreprise'], ['information', 'membres', 'délégation', 'personnel', 'comité', 'social', 'économique'], ['cette', 'information', 'annuelle', 'indiquera'], ['recours', 'heures', 'supplémentaires'], ['plafond', 'nombre', 'heures', 'supplémentaires'], ['contrepartie', 'heures', 'supplémentaires'], ['rémunération', 'heures', 'supplémentaires'], ['repos', 'compensateur', 'remplacement'], ['dépassement', 'contingent', 'conventionnel', 'entreprise'], ['consultation', 'délégués', 'personnel', 'comité', 'social', 'économique', 'viendrait', 'substituer'], ['recours', 'heures', 'supplémentaires', 'hors', 'contingent'], ['contrepartie', 'heures', 'supplémentaires'], ['rémunération', 'heures', 'supplémentaires'], ['repos', 'compensateur', 'remplacement'], ['contrepartie', 'obligatoire', 'repos'], ['suivi', 'rendez-vous'], ['dépôt', 'publicité']]"
T03618000189,"[['contingent', 'heures', 'supplémentaires', 'titre', 'disposition', 'finale'], ['objet'], ['accomplissement', 'heures', 'supplémentaires'], ['contingent', 'annuel', 'heures', 'supplémentaires'], ['bi', 'majoration', 'heures', 'supplémentaires', 'réalisées', 'au-delà', 'contingent', 'légal', 'heures', 'supplémentaires'], ['modalités', 'prise', 'compte', 'demandes', 'relative', 'thèmes', 'négociation']]"
T03319001952,"[['négociation', 'annuelle', 'obligatoire'], ['procès-verbal', 'accord'], ['frais', 'deplacement'], ['heures', 'nuit'], ['heures', 'supplementaires'], ['mutuelle', 'entreprise'], ['prime', 'transport'], ['interessement'], ['participation'], ['condition', 'travail', 'condition', 'economiques']]"
T03423008827,"[['accord', 'entreprise', 'aménagement', 'temp', 'travail', 'période', 'supérieure', 'semaine'], ['applicable', 'compter', 'juin', '2023'], ['période', 'référence'], ['durée', 'travail'], ['période', 'référence'], ['disposition', 'relative', 'heures', 'supplémentaires', 'complémentaires'], ['modalité', 'aménagement'], ['condition', 'délai', 'prévenance'], ['lissage', 'rémunération'], ['modalités', 'acquisition', 'prise', 'jours', 'repos'], ['absence', 'arrivées', 'départs', 'cours', 'période'], ['suivi', 'temp', 'travail'], ['révision'], ['dénonciation'], ['date', 'durée', 'application', 'présent', 'accord'], ['publicité', 'dépôt', 'accord']]"
T07520027600,"[['accord', 'temp', 'travail', 'journée', 'solidarité', 'congés', 'supplémentaires', 'exclusion', 'certains', 'salariés', 'prime', 'vacances'], ['rappel', 'principe', 'applicables', 'matière', 'durée', 'travail'], ['aménagement', 'temp', 'travail', 'personnel', 'temp', 'plein'], ['modalités', 'aménagement', 'temp', 'travail'], ['modalités', 'aménagement', 'temp', 'travail', 'limite', 'décompte', 'heures', 'supplémentaires'], ['horaire', 'collectif'], ['durée', 'hebdomadaire', 'octroi', 'jours', 'repos'], ['acquisition', 'rtt'], ['modalités', 'prise', 'rtt'], ['rémunération', 'prise', 'compte', 'absence', 'ainsi', 'arrivées', 'départs', 'cours', 'période', 'annuelle'], ['incidence', 'absence'], ['arrivées', 'départs', 'cours', 'période', 'annuelle'], ['aménagement', 'année', 'temp', 'travail', 'personnel', 'temp', 'partiel'], ['annualisation', 'travail', 'temp', 'partiel'], ['durée', 'annuelle', 'travail'], ['décompte', 'heures', 'complémentaires'], ['condition', 'délais', 'prévenance', 'changements', 'durée', 'horaire', 'travail'], ['rémunération', 'prise', 'compte', 'absence', 'ainsi', 'arrivées', 'départs', 'cours', 'période', 'annuelle', 'référence'], ['lissage', 'rémunération'], ['incidence', 'absence', 'cours', 'période', 'annualisation'], ['incidence', 'arrivées', 'départs', 'cours', 'période', 'annualisation'], ['disposition', 'relative', 'heures', 'supplémentaires', 'salariés', 'temp', 'plein'], ['contingent', 'annuel', 'heures', 'supplémentaires'], ['recours', 'repos', 'compensateur', 'remplacement'], ['modalités', 'accomplissement', 'journée', 'solidarité'], ['service', 'nécessitant', 'poursuite', 'activité', 'lundi', 'pentecôte'], ['service', 'nécessitant', 'poursuite', 'activité', 'lundi', 'pentecôte'], ['dispositif', 'forfait', 'annuel', 'jours'], ['décompte', 'durée', 'annuelle', 'travail'], ['prorata', 'nombre', 'jours', 'repos', 'supplémentaires'], ['organisation', 'temp', 'travail'], ['année', '2020'], ['année', '2021'], ['rémunération', 'salarié', 'forfait', 'annuel', 'jours'], ['prise', 'compte', 'absence'], ['garanties', 'accordées', 'salariés', 'soumis', 'forfait', 'annuel', 'jours'], ['renonciation', 'jours', 'repos']]"
T06319001327,"[['accord', 'collectif', 'relatif', 'mise', 'place', 'organisation', 'temp', 'travail'], ['centre', 'financier', 'clermont-ferrand'], ['service', 'agence', 'succession'], ['accord', 'collectif', 'relatif', 'organisation', 'temp', 'travail'], ['centre', 'financier', 'clermont-ferrand', 'service', 'agence', 'succession'], ['durée', 'travail'], ['modification', 'horaire'], ['heures', 'supplémentaires'], ['régime', 'travail', 'pluri-hebdomadaire'], ['paiement', 'compensation'], ['pause'], ['coupure', 'méridienne'], ['autres', 'pause'], ['modalités', 'attribution', 'horaires', 'retenus', 'service', 'agence', 'succession'], ['echanges', 'définitifs', 'régime', 'travail', 'entre', 'collaborateurs', 'permutation'], ['situation', 'exceptionnelles'], ['situation', 'agent', 'signé', 'demande', 'retraite', 'entrée', 'dispositif', 'pré-retraite', 'date', 'mise', 'œuvre', 'accord'], ['mobilité', 'sein', 'centre', 'financier'], ['création', 'comité', 'organisation', 'temp', 'travail'], ['adaptation', 'vie', 'privée', 'vie', 'professionnelle'], ['rémunération'], ['embauche', 'rupture', 'contrat', 'travail', 'cours', 'période', 'référence'], ['agent', 'temp', 'partiel'], ['entrée', 'vigueur', 'durée', 'accord', 'révision', 'dénonciation'], ['centre', 'financier', 'clermont-ferrand'], ['service', 'agence', 'succession']]"
T01423006822,"[['accord', 'amenagement', 'temp', 'travail'], ['optimiser', 'organisation', 'travail', 'sein', 'société', 'tenant', 'compte', 'contraintes', 'spécifiques'], ['disposition', 'commune'], ['durée', 'travail'], ['repos', 'minimum'], ['journée', 'solidarité'], ['organisation', 'travail', 'personnel', 'chantier', 'etam', 'chantier', 'etam', 'bureau'], ['durées', 'maximales', 'travail'], ['durée', 'maximale', 'quotidienne'], ['recours', 'mécanisme', 'jours', 'repos'], ['détermination', 'horaires', 'travail'], ['acquisition', 'jrtt'], ['modalités', 'prise', 'jrtt'], ['rémunération'], ['traitement', 'absence', 'entrées', 'sortie', 'cours', 'période'], ['heures', 'supplémentaires'], ['travail', 'exceptionnel', 'week-end'], ['travail', 'nuit', 'programmé'], ['modalités', 'aménagement', 'propres', 'salariés', 'temp', 'partiel'], ['heures', 'complémentaires'], ['passage', 'temp', 'partiel', 'temp', 'plein'], ['organisation', 'travail', 'personnel', 'encadrement'], ['cadre', 'juridique'], ['application', 'forfait', 'jours'], ['rémunération'], ['traitement', 'absence', 'entrées', 'sortie', 'cours', 'période'], ['suivi', 'cadre', 'forfait', 'jours'], ['forfait', 'jours', 'réduit'], ['droit', 'deconnexion'], ['modalités', 'exercice', 'droit', 'déconnexion', 'ensemble', 'salariés'], ['disposition', 'finale'], ['mise', 'application', 'durée', 'accord'], ['publicité', 'dépôt', 'accord']]"
T05318000217,"[['accord', 'collectif', 'fixant', 'volume', 'contingent', 'annuel'], ['heures', 'supplémentaires', 'condition', 'dépassement'], ['durees', 'travail'], ['article', '3121-33', 'code', 'travail', 'énonce'], ['objet', 'accord'], ['volume', 'contingent', 'annuel', 'heures', 'supplementaires'], ['depassement', 'contingent', 'annuel', 'heures', 'supplementaires'], ['contrepartie', 'repos', 'heures', 'supplémentaires', 'effectuées', 'au-delà', 'contingent'], ['condition', 'modalites', 'prise', 'contrepartie', 'repos'], ['ouverture', 'droit', 'repos'], ['prise', 'repos'], ['employeur', 'fixera', 'seul', 'modalités', 'date', 'prise', 'repos'], ['modalites', 'information', 'salarie', 'droit', 'repos'], ['indemnisation', 'contrepartie', 'repos'], ['durees', 'maximales', 'travail'], ['duree', 'accord', 'suivi', 'accord'], ['revision'], ['denonciation', 'accord', 'duree', 'indeterminee', 'uniquement'], ['formalites']]"
T03420004134,"[['accord', 'entreprise', 'portant', 'contingent', 'annuel', 'heures', 'supplementaires'], ['conséquence'], ['heures', 'supplementaires', 'contingent', 'annuel'], ['objet'], ['contingent', 'heures', 'supplémentaires'], ['détermination', 'contingent', 'annuel', 'heures', 'supplémentaires'], ['heures', 'supplémentaires', 'effectuées', 'intérieur', 'contingent', 'annuel'], ['dépassement', 'contingent', 'annuel', 'heures', 'supplémentaires'], ['condition', 'accomplissement', 'heures', 'supplémentaires', 'au-delà', 'contingent', 'annuel'], ['caractéristiques', 'condition', 'prise', 'contrepartie', 'obligatoire', 'sou', 'forme', 'repos'], ['disposition', 'finale'], ['rendez-vous'], ['modalités', 'prise', 'comptes', 'demandes', 'cse'], ['dénonciation'], ['révision']]"
T06422004947,"[['accord', 'collectif', 'amenagement', 'temp', 'travail'], ['portant', 'révision', 'accord', 'collectif', 'entreprise', 'relatif', 'réduction', 'temp', 'travail', 'décembre', '1999'], ['amenagement', 'temp', 'travail'], ['modalités', 'décompte', 'temp', 'travail', 'selon', 'postes', 'service'], ['postes', 'service', 'lesquels', 'temp', 'travail', 'décompté', 'semaine'], ['postes', 'service', 'lesquels', 'temp', 'travail', 'décompté', 'cadre', 'cycle', 'semaines'], ['traitement', 'heures', 'complémentaires', 'supplémentaires'], ['lissage', 'rémunération'], ['travail', 'jours', 'fériés', 'dimanches'], ['regle', 'bon', 'usage', 'outils', 'informatiques', 'droit', 'deconnexion'], ['règles', 'bon', 'usage', 'outils', 'numériques'], ['gérer', 'addiction', 'outils', 'numériques'], ['gérer', 'information'], ['interroger', 'pertinence', 'moyen', 'communication', 'utilisé'], ['eviter', 'envoi', 'fichiers', 'trop', 'volumineux'], ['limiter', 'source', 'stress'], ['droit', 'déconnexion'], ['affirmation', 'modalités', 'exercice', 'droit', 'déconnexion'], ['mesures', 'contrôle'], ['disposition', 'finale'], ['durée'], ['entrée', 'vigueur'], ['dépôt'], ['suivi', 'accord', 'clause', 'rendez-vous'], ['révision'], ['dénonciation']]"
T03318001160,"[['accord', 'entreprise', 'contingent', 'annuel'], ['heures', 'supplementaires'], ['cadre', 'juridique'], ['article', 'l.2232-21', 'suivants', 'code', 'travail'], ['article', '3121-41', 'suivants', 'code', 'travail'], ['contingent', 'heures', 'supplémentaires'], ['fixation', 'contingent', 'conventionnel', 'entreprise'], ['rémunération', 'heures', 'supplémentaires', 'effectuées', 'intérieur', 'contingent', 'conventionnel', 'entreprise'], ['dépassement', 'contingent'], ['condition', 'accomplissement', 'heures', 'supplémentaires', 'dépassement', 'contingent', 'conventionnel', 'entreprise'], ['contrepartie', 'obligatoire', 'repos'], ['durée'], ['suivi'], ['clause', 'rendez-vous'], ['publicité', 'dépôt', 'accord']]"
T01821001269,"[['accord', 'amenagement', 'temp', 'travail', 'societe'], ['centre', 'electrique', 'entreprise'], ['optimiser', 'organisation', 'travail', 'sein', 'société', 'tenant', 'compte', 'contraintes', 'spécifiques'], ['disposition', 'commune'], ['durée', 'travail'], ['période', 'référence'], ['journée', 'solidarité'], ['amenagement', 'temp', 'travail', 'salary', 'dont', 'duree', 'travail', 'decompte', 'heures'], ['organisation', 'temp', 'travail', 'année'], ['définition', 'durée', 'annuelle', 'travail'], ['durées', 'maximales', 'travail', 'repos', 'minimum'], ['fonctionnement', 'annualisation', 'temp', 'travail'], ['programmation', 'durée', 'horaires', 'travail'], ['jours', 'et/ou', 'heures', 'repos'], ['limite', 'amplitude', 'hebdomadaire'], ['appréciation', 'heures', 'supplémentaires'], ['contingent', 'annuel', 'heures', 'supplémentaires'], ['majoration', 'heures', 'supplémentaires'], ['traitement', 'absence', 'entrées', 'sortie', 'cours', 'période'], ['lissage', 'rémunération'], ['travail', 'exceptionnel', 'weekend', 'nuit'], ['travail', 'exceptionnel', 'ouvriers', 'etam', 'chantier', 'samedi'], ['travail', 'exceptionnel', 'dimanche', 'travaux', 'nuit'], ['activité', 'partielle'], ['contrôle', 'durée', 'travail'], ['modalités', 'aménagement', 'temp', 'travail', 'salariés', 'temp', 'partiel'], ['répartition', 'temp', 'travail'], ['programmation', 'indicative', 'individuelle'], ['communication', 'horaires', 'travail'], ['heures', 'complémentaires'], ['passage', 'temp', 'partiel', 'temp', 'plein'], ['organisation', 'travail', 'personnel', 'encadrement'], ['application', 'forfait', 'jours'], ['suivi', 'cadre', 'forfait', 'jours'], ['nombre', 'modalités', 'prise', 'jours', 'repos'], ['forfait', 'jours', 'réduit'], ['disposition', 'finale'], ['entrée', 'vigueur', 'durée', 'accord'], ['publicité', 'dépôt', 'accord']]"
T04223007122,"[[], ['objet'], ['activité', 'société', 'impose', 'organisation', 'travail', 'souple', 'adaptable', 'permettant', 'faire', 'face', 'demande', 'client'], ['définitions', 'heures', 'supplémentaires'], ['accomplissement', 'heures', 'supplémentaires'], ['contingent', 'annuel', 'heures', 'supplémentaires'], ['contreparties', 'repos'], ['situation', 'famille'], ['ancienneté', 'entreprise'], ['consultation', 'personnel'], ['dépôt', 'publicité', 'accord']]"
A09218029746,"[['article', '1.09', 'convention', 'entreprise', '2005', 'relatif', 'horaires', 'cycliques'], ['champ', 'application'], ['amenagement', 'temp', 'travail', 'plusieurs', 'semaines'], ['période', 'référence'], ['heures', 'supplémentaires'], ['décompte', 'heures', 'supplémentaires'], ['indemnisation', 'heures', 'supplémentaires'], ['heures', 'complémentaires'], ['prise', 'compte', 'entrées', 'sortie', 'cours', 'période', 'référence', 'absence'], ['elaboration', 'communication', 'planning'], ['planning', 'habituels', 'travail'], ['modification', 'ponctuelle', 'planning'], ['disposition', 'specifiques', 'salary', 'travaillant', 'semaine', 'fixe'], ['amenagement', 'temp', 'travail', 'annee'], ['mode', 'elaboration', 'communication', 'planning'], ['elaboration', 'planning'], ['communication', 'planning'], ['horaires', 'travail'], ['volume', 'heures', 'durées', 'minimales', 'maximales'], ['salariés', 'temp', 'complet'], ['salariés', 'temp', 'partiel'], ['remuneration'], ['heures', 'supplémentaires', 'complémentaires'], ['salariés', 'temp', 'plein'], ['salariés', 'temp', 'partiel'], ['incidence', 'absence', 'prise', 'congés', 'payés', 'volume', 'heures', 'annuel'], ['incidence', 'absence', 'prise', 'jours', 'réduction', 'temp', 'travail', 'volume', 'heures', 'annuel'], ['incidence', 'droit', 'congé', 'payé', 'incomplet'], ['garanties', 'applicables', 'collaborateurs', 'temp', 'partiel'], ['période', 'minimale', 'travail', 'continu', 'limitation', 'coupures'], ['accès', 'postes', 'temp', 'plein'], ['disposition', 'specifiques', 'dimanches', 'travailles'], ['lieu', 'travail'], ['périmètre', 'intervention'], ['mobilité', 'exceptionnelle', 'dehors', 'périmètre', 'habituel', 'travail'], ['application', 'disposition', 'accord'], ['duree', 'suivi', 'accord'], ['condition', 'revision', 'denonciation', 'accord'], ['depot', 'limitation', 'publicite', 'accord']]"
T04921005271,"[['champ', 'application'], ['determination', 'periode', 'reference'], ['modalites', 'amenagement', 'duree', 'travail', 'salary', 'temp', 'complet'], ['iii-i', 'durée', 'travail', 'période', 'référence'], ['nombre', 'jours', 'période', 'référence'], ['nombre', 'jours', 'travailler'], ['nombre', 'jours', 'travailler', 'jours', 'nombre', 'semaines', 'théorique', 'travail'], ['iii', 'programmation', 'indicative'], ['iii', 'iii', 'condition', 'délais', 'prévenance', 'changements', 'durée', 'horaires', 'travail'], ['iii', 'lissage', 'rémunération'], ['iii', 'condition', 'prise', 'compte', 'rémunération', 'salariés', 'absence', 'ainsi', 'arrivées', 'départs', 'cours', 'période'], ['association', 'communiquera', 'salariés', 'leurs', 'horaires', 'travail', 'remise', 'planning', 'annuel'], ['iii', 'limites', 'décompte', 'heures', 'supplémentaires'], ['iii', 'vii', 'repos', 'quotidien', 'hebdomadaire'], ['modalites', 'amenagement', 'duree', 'travail', 'salary', 'temp', 'partiel'], ['iv-i', 'durée', 'travail', 'période', 'référence'], ['607', 'heures', 'durée', 'hebdomadaire', 'travail', 'salarié'], ['nombre', 'jours', 'période', 'référence'], ['nombre', 'jours', 'travailler'], ['nombre', 'jours', 'travailler', 'jours', 'nombre', 'semaines', 'théorique', 'travail'], ['programmation', 'indicative'], ['iii', 'condition', 'délais', 'prévenance', 'changements', 'durée', 'horaires', 'travail'], ['association', 'communiquera', 'salariés', 'leurs', 'horaires', 'travail', 'remise', 'planning', 'annuel'], ['absence', 'plusieurs', 'employés', 'association'], ['réorganisation', 'horaires', 'collectifs'], ['lissage', 'rémunération'], ['condition', 'prise', 'compte', 'rémunération', 'salariés', 'absence', 'ainsi', 'arrivées', 'départs', 'cours', 'période'], ['limites', 'décompte', 'heures', 'complémentaires'], ['vii', 'priorité', 'salariés', 'temp', 'partiel', 'occuper', 'emploi', 'temp', 'complet'], ['viii', 'egalité', 'traitement'], ['repos', 'quotidien', 'hebdomadaire'], ['modalites', 'amenagement', 'duree', 'travail', 'salary', 'cadre'], ['v-i', 'catégories', 'salariés', 'concernés'], ['v-ii', 'période', 'référence', 'forfait', 'nombre', 'jours', 'compris', 'forfait'], ['renonciation', 'jours', 'repos'], ['v-iii', 'caractéristiques', 'forfait', 'annuel', 'jours'], ['v-iv', 'rémunération'], ['v-v', 'modalités', 'exercice', 'droit', 'déconnexion'], ['définition', 'droit', 'déconnexion'], ['exercice', 'droit', 'déconnexion'], ['bonnes', 'pratiques', 'utilisation', 'outils', 'numériques'], ['règles', 'similaires', 'peuvent', 'être', 'respectées', 'concernant', 'utilisation', 'appels', 'téléphoniques', 'sm'], ['dispositifs', 'spécifiques', 'régulation', 'numérique'], ['alertes'], ['suivi', 'application', 'droit', 'déconnexion'], ['travail', 'nuit'], ['définition', 'travail', 'nuit'], ['salariés', 'concernés'], ['iii', 'durée', 'travail', 'salariés', 'effectuant', 'heures', 'nuit']]"
T01320007968,"[['accord', 'substitution', 'relatif', 'statut', 'collectif', 'applicable'], ['salary', 'manon', 'sa'], ['objet', 'accord'], ['partie', 'disposition', 'generales'], ['rappel', 'accord', 'branche', 'applicable'], ['articulation', 'accord', 'accord', 'couvrant', 'champ', 'territorial', 'professionnel', 'plus', 'large'], ['détermination', 'droits', 'salariés', 'regard', 'ancienneté'], ['révision', 'dénonciation'], ['dépôt'], ['partie', 'avantages', 'collectifs'], ['classification', 'salaires', 'minimum'], ['prime'], ['congés', 'supplémentaires'], ['protection', 'sociale'], ['action', 'sociales', 'culturelles'], ['partie', 'aménagement', 'durée', 'travail'], ['salariés', 'service', 'support', 'production'], ['salariés', 'affectés', 'production', 'service', 'connexes'], ['organisation', 'temp', 'travail'], ['absence', 'aménagement', 'temp', 'travail'], ['absence', 'comptabilisation', 'travail', 'effectif'], ['absence', 'rémunération'], ['embauche', 'rupture', 'contrat', 'travail', 'cours', 'période', 'référence'], ['temp', 'habillage', 'déshabillage'], ['salariés', 'non', 'soumis', 'horaire', 'prédéterminé'], ['temp', 'repos', 'obligation', 'déconnexion'], ['décompte', 'jours', 'travaillés', 'non', 'travaillés'], ['modalités', 'prise', 'rtt'], ['absence', 'arrivées', 'départs', 'cours', 'période', 'référence'], ['décompte', 'absence', 'paie'], ['absence', 'acquisition', 'rtt'], ['arrivée-départs', 'cours', 'période', 'référence'], ['suivi', 'charge', 'travail', 'équilibre', 'vie', 'privée', 'vie', 'professionnelle'], ['amplitude', 'charge', 'travail', 'salariés', 'doivent', 'permettre', 'concilier', 'vie', 'professionnelle', 'vie', 'privée'], ['entretien', 'individuel'], ['travail', 'nuit'], ['justification', 'recours', 'travail', 'nuit'], ['durée', 'travail'], ['travail', 'jours', 'fériés'], ['contingent', 'heures', 'supplémentaires', 'majoration'], ['période', 'prise', 'congés', 'congés', 'payés-', 'rtt-', 'repos', 'compensateurs-', 'compteurs', 'temp', 'divers-', 'compte', 'épargne', 'temp'], ['compte', 'épargne', 'temp'], ['condition', 'libération', 'jours', 'épargnés'], ['prise', 'congé']]"
T03319004061,"[['accord', 'entreprise', 'portant', 'gestion', 'heures', 'supplementaires'], ['gestion', 'heures', 'supplémentaires'], ['durée', 'accord', 'dénonciation', 'révision'], ['validité', 'accord'], ['entrée', 'vigueur', 'accord'], ['diffusion', 'accord', 'salariés']]"
T09219012710,"[['relatif', 'augmentation', 'contingent', 'heures', 'supplementaires', 'organisation', 'travail'], ['champ', 'application', 'personnel', 'concerné'], ['volontariat'], ['durée', 'décision', 'unilatérale', 'employeur'], ['organisation', 'temp', 'travail', 'horaires', 'esthéticiennes'], ['rémunération', 'régime', 'heures', 'supplémentaires'], ['modalités', 'consultation', 'auprès', 'personnel', 'concerné'], ['hygiène', 'sécurité'], ['changement', 'affectation'], ['augmentation', 'contingent', 'heures', 'supplémentaires'], ['modalités', 'consultation', 'auprès', 'personnel', 'concerné'], ['clause', 'indivisibilité', 'présent', 'accord'], ['suivi', 'clause', 'rendez-vous', 'dénonciation', 'modification'], ['condition', 'résolutoire'], ['condition', 'validité'], ['dépôt', 'légal', 'publication'], ['publicité', 'décision', 'unilatérale', 'employeur']]"
T02623005449,"[['relatif', 'modulation', 'temp', 'travail'], ['aménagement', 'temp', 'travail', 'année'], ['catégorie', 'salariés', 'concernés'], ['durée', 'travail', 'quotidienne', 'et/ou', 'hebdomadaire'], ['modalités', 'décompte', 'durée', 'temp', 'travail'], ['communication', 'planning', 'titre', 'indicatif'], ['délai', 'prévenance', 'changements', 'horaire'], ['disponibilité', 'salarié'], ['situation', 'urgence'], ['refus', 'mission'], ['lissage', 'rémunération'], ['variation', 'temp', 'travail', 'salariés', 'temp', 'plein'], ['décompte', 'paiement', 'heures', 'supplémentaires'], ['aménagement', 'temp', 'partiel', 'année'], ['arrivée', 'départ', 'cours', 'période', 'référence'], ['validité', 'accord', 'dépôt', 'publicité']]"
A59L18012179,"[['accord', 'collectif', 'relatif', 'mise', 'place', 'organisation', 'hebdomadaire', 'unite', 'distribution', 'bourbourg', 'y/c', 'ilot', 'watten'], ['aménagement', 'temp', 'travail'], ['aménagement', 'temp', 'travail'], ['heures', 'supplémentaires'], ['définition'], ['paiement', 'heures', 'accomplies', 'au-delà', 'heures'], ['rémunération'], ['embauche', 'rupture', 'contrat', 'travail', 'cours', 'période', 'référence'], ['salariés', 'temp', 'partiel'], ['publicité']]"
T09222035142,"[['accord', 'entreprise', 'relatif', 'accomplissement', 'heures', 'supplémentaires', 'contingent', 'heures', 'supplémentaires'], ['objet'], ['accomplissement', 'heures', 'supplémentaires'], ['contingent', 'annuel', 'heures', 'supplémentaires'], ['consultation', 'personnel'], ['suivi', 'révision', 'dénonciation', 'accord'], ['dépôt', 'publicité', 'accord']]"
T02819001044,"[['accord', 'collectif', 'entreprise', 'fixant', 'volume', 'contingent', 'heures', 'supplementaires', 'condition', 'depassement'], ['disposition', 'générales'], ['durée'], ['suivi'], ['révision'], ['dénonciation'], ['publicité', 'dépôt'], ['dépôt'], ['affichage'], ['information', 'individuelle'], ['condition', 'dépassement', 'contingent', 'annuel', 'heures', 'supplémentaire'], ['volume', 'contingent', 'annuel', 'heures', 'supplémentaire'], ['possibilité', 'affecter', 'partie', 'heures', 'supplémentaires', 'compte', 'épargne-temps']]"
T07522038640,"[['accord', 'collectif', 'entreprise', 'relatif', 'augmentation'], ['contingent', 'heures', 'supplementaires'], ['champ', 'application'], ['etablissement'], ['entree', 'vigueur', 'duree', 'accord'], ['contingent', 'annuel', 'heures', 'supplementaires'], ['fixation', 'contingent', 'heures', 'supplémentaires'], ['contreparties', 'heures', 'supplémentaires', 'effectuées', 'intérieur', 'contingent'], ['majoration', 'heures', 'supplémentaires'], ['remplacement', 'paiement', 'heures', 'supplémentaires', 'repos', 'compensateur', 'équivalent'], ['absence', 'demande', 'prise', 'repos', 'salarié', 'délai', 'mois', 'peut', 'entraîner', 'perte', 'droit', 'repos'], ['depassement', 'contingent', 'annuel', 'heures', 'supplementaires'], ['condition', 'accomplissement', 'heures', 'supplémentaires', 'dépassement', 'contingent', 'annuel', 'heures', 'supplémentaires'], ['contrepartie', 'obligatoire', 'repos'], ['consultation', 'comité', 'social', 'économique'], ['publicite', 'depot', 'accord']]"
T01718000280,"[['accord', 'aménagement'], ['temp', 'travail'], [], ['champ', 'application', 'disposition', 'générales'], ['régime', 'juridique'], ['durée', 'dénonciation', 'accord'], ['dénonciation'], ['révision'], [], ['définitions'], ['temp', 'travail', 'effectif'], ['temp', 'pause'], ['temp', 'trajet', 'domicile', 'lieu', 'travail'], ['heures', 'supplémentaires', 'heures', 'normales'], ['heures', 'normales'], ['heures', 'supplémentaires'], [], ['organisation', 'temp', 'travail'], ['principe', 'généraux'], ['modulation', 'horaires'], ['principe'], ['principe', 'temp', 'partiel', 'modulé'], ['principe', 'modulation'], ['aménagements', 'temp', 'travail', 'rémunération'], ['influence', 'aménagement', 'temp', 'travail'], ['organisation', 'temp', 'repos', 'pause'], ['repos'], ['pause', 'obligatoire'], ['emploi'], ['emplois', 'créés', 'préservés'], ['égalité', 'professionnelle', 'entre', 'hommes', 'femmes'], ['formalités', 'interne', 'communication'], ['communication', 'information', 'personnel'], ['formalités', 'dépôt']]"
T07421003964,"[['objet'], ['projet', 'accord', 'soumis', 'référendum'], ['durée', 'légal', 'temp', 'travail', 'entreprise'], ['taux', 'majoration', 'heures', 'supplémentaires'], ['contingent', 'heures', 'supplémentaires'], ['indemnité', 'panier'], ['avantages', 'sociaux', 'culturelles'], ['montant', 'chèques', 'vacances'], ['modalités', 'prélèvement', 'participation', 'salarié'], ['indemnité', 'déplacement'], ['clause', 'exclusivité'], ['durée'], ['suivi'], ['renouvellement', 'révision'], ['dénonciation']]"
T01318000093,"[['convention', 'entreprise'], ['négociation', 'annuelle', 'rémunération', 'temp', 'travail', 'partage', 'valeur', 'ajoutée', 'entreprise'], ['accord', 'emploi', 'art', '2254-2', 'code', 'travail'], ['dénonciation', 'usage', 'engagement', 'unilatéraux'], ['partie', 'rémunération', 'autres', 'mesures', 'sociales'], ['prime', 'contrainte', 'indemnités'], ['prime', 'treizième', 'mois', 'conventionnelle', 'branche'], ['week-end', 'jours', 'fériés'], ['travail', 'nuit'], ['prime', 'nuit', 'tourisme'], ['prime', 'voyage'], ['frais', 'déplacement', 'personnel', 'conduite'], ['n.b', 'seules', 'disposition', 'article', '9.a.', 'relative', 'indemnité', 'repas', 'tourisme', 'issue', 'disposition', 'conventionnelles', 'branche', 'valeur', 'accord', 'entreprise'], ['indemnité', 'repas', 'indemnité', 'repas', 'unique', 'indemnité', 'spéciale'], ['indemnité', 'déplacement'], ['prime', 'qualité', 'conducteur'], ['partie', 'durée', 'organisation', 'travail'], ['durée', 'travail'], ['durée', 'hebdomadaire', 'moyenne', 'travail'], ['durée', 'quotidienne', 'maximale', 'travail'], ['valorisation', 'absence'], ['partie', 'disposition', 'specifiques', 'duree', 'travail', 'personnel', 'conduite'], ['durée', 'travail'], ['période', 'décompte', 'heures', 'supplémentaires'], ['majoration', 'heures', 'supplémentaires'], ['décompte', 'heures', 'complémentaires'], ['majoration', 'heures', 'complémentaires'], ['conducteurs', 'période', 'scolaire', 'cps'], ['disposition', 'dérogatoires', 'relative', 'heures', 'complémentaires'], ['coupures', 'amplitude'], ['durée', 'maximale', 'amplitude'], ['journée', 'solidarité'], ['partie', 'disposition', 'specifiques', 'duree', 'travail', 'personnel', 'non-roulant'], ['arrivées', 'départs', 'cours', 'cycle'], ['période', 'décompte', 'heures', 'supplémentaires'], ['majoration', 'heures', 'supplémentaires'], ['décompte', 'heures', 'complémentaires'], ['majoration', 'heures', 'complémentaires'], ['journée', 'solidarité'], ['partie', 'suivi', 'disposition', 'finale'], ['modalités', 'suivi', 'accord', 'clause', 'rendez-vous'], ['modalités', 'suivi'], ['clause', 'rendez-vous'], ['entrée', 'vigueur'], ['notification']]"
T03520006063,"[['accord', 'collectif', 'entreprise'], ['relatif', 'négociation', 'annuelle', 'obligatoire'], ['salaires', 'effectifs'], ['annee', '2020'], ['beneficiaires'], ['prime', 'fidelite'], ['condition', 'versement'], ['frais', 'transport'], ['indemnite', 'panier'], ['renouvellement', 'accord', 'collectif', 'entreprise', 'jours', 'rtt', 'imprevus'], ['accord', 'collectif', 'entreprise', 'jours', 'rtt', 'utilisés', 'initiative', 'salarié', 'absence', 'imprévue'], ['budget', 'activites', 'sociales', 'culture', 'comite', 'social', 'economique', 'contribution', 'complementaire', 'exceptionnelle'], ['contribution', 'employeur', 'regime', 'complementaire', 'obligatoire', 'frais', 'sante'], ['duree', 'revision', 'denonciation'], ['modalites', 'depot']]"
T08320002545,"[['accord', 'entreprise', 'relatif'], ['duree', 'travail'], [], ['forfait', 'annuel', 'jours', 'travail'], ['duree', 'travail'], ['durées', 'maximales', 'travail'], ['amplitude', 'quotidienne', 'travail', 'peut', 'excéder', 'heures'], ['durées', 'minimales', 'repos'], ['organisation', 'travail', 'mise', 'place', 'permet', 'octroi'], ['jours', 'fériés'], ['contingent', 'annuel', 'heures', 'supplémentaires'], ['astreintes'], ['indemnisation', 'heures', 'astreinte'], ['rémunération', 'temp', 'intervention'], ['forfait', 'annuel', 'jours', 'travail'], ['convention', 'individuelles', 'forfait', 'annuel', 'jours', 'travail'], ['volume', 'maximum', 'forfait', 'annuel', 'jours', 'travail'], ['jours', 'travaillés'], ['jours', 'repos', 'hebdomadaire'], ['jours', 'travaillés'], ['modalités', 'prise', 'compte', 'arrivées', 'départs', 'cours', 'période', 'référence'], ['détermination', 'forfait', 'annuel', 'hors', 'congés', 'payés', 'jours', 'fériés', 'dont', 'jours', 'fériés', 'chômés', 'garantis', 'application', 'formule', 'suivante'], ['proratisation', 'chiffre', 'ainsi', 'obtenu', '365e'], ['lors', 'départ', 'effectif', 'salarié'], ['modalités', 'prise', 'compte', 'absence'], ['dépassement', 'forfait'], ['rémunération'], ['salaire', 'réel', 'mensuel'], ['jours'], ['salaire', 'réel', 'mensuel'], ['jours'], ['organisation', 'activité', 'enregistrement', 'journées', 'demi-journées', 'travail'], ['garanties', 'offertes', 'salariés', 'conclu', 'convention', 'individuelle', 'forfait', 'annuel', 'jours'], ['garanties', 'repos'], ['suivi', 'charge', 'travail'], ['entretien', 'individuel', 'suivi'], ['droit', 'déconnexion']]"
T07523053914,"[['organisation', 'aménagement', 'temp', 'travail', 'jours', 'année'], ['rémunération', 'forfaitaire', 'arrivée/départ', 'cours', 'période', 'référence'], ['travail', 'exceptionnel', 'dimanche'], ['travail', 'nuit', 'occasionnel'], ['doter', 'ues', 'kering', 'propre', 'classification'], ['objet', 'accord'], ['dialogue', 'social'], ['communication', 'syndicale'], ['article', 'intranet', 'kering', 'dédié', 'information', 'syndicales', 'relation', 'sociales', 'contiendra', 'lien', 'vers', 'groupes', 'groupes', 'fonctionneront', 'abonnement', 'volontaire', 'seuls', 'membres', 'pourront', 'accéder', 'publication'], ['utilisation', 'litigieuse', 'abusive', 'support', 'digitaux', 'moyens', 'communication', 'mi', 'disposition', 'organisation', 'syndicales'], ['congés', 'formation', 'économique', 'sociale', 'environnementale', 'syndicale'], ['information', 'sensibilisation', 'manager', 'élus'], ['classification'], ['rupture', 'contrat', 'travail'], ['licenciement'], ['préavis', 'licenciement'], ['préavis', 'démission'], ['suspension', 'contrat', 'travail'], ['congés', 'payés'], ['periode', 'acquisition', 'droit', 'congés', 'paye'], ['décompte', 'congés', 'payés', 'jours', 'ouvrés'], ['période', 'prise'], ['fractionnement', 'congé', 'principal'], ['politique', 'fixation', 'date', 'congés'], ['congés', 'exceptionnels'], ['durée', 'travail'], ['définition', 'temp', 'travail', 'effectif'], ['temp', 'déplacement', 'professionnel'], ['repos', 'quotidien'], ['repos', 'hebdomadaire'], ['journée', 'solidarité'], ['durées', 'journalière', 'hebdomadaire'], ['disposition', 'spécifiques', 'salariés', 'sou', 'contrat', 'apprentissage', 'professionnalisation'], ['modalités', 'décompte', 'temp', 'travail'], ['octroi', 'modalités', 'prise', 'jours', 'réduction', 'temp', 'travail', 'jrtt'], ['calcul', 'attribution', 'jrtt'], ['modalités', 'prise', 'jrtt'], ['lissage', 'rémunération'], ['absence'], ['entrée', 'départ', 'cours', 'période', 'référence'], ['disposition', 'relative', 'heures', 'supplémentaires'], ['décompte', 'heures', 'supplémentaires'], ['contingent', 'annuel'], ['taux', 'majoration', 'repos', 'compensateur'], ['temp', 'partiel', 'heures', 'complémentaires'], ['définitions'], ['modalités', 'organisation', 'travail', 'temp', 'partiel'], ['heures', 'complémentaires'], ['garanties', 'accordées', 'salariés', 'temp', 'partiel']]"
T07519009524,"[['protocole', 'accord'], ['negociation', 'annuelle', 'obligatoire'], ['2019', '2020'], ['champ', 'application', 'accord'], ['objet', 'accord'], ['publicité', 'accord']]"
T07518000181,"[['avenant', 'portant', 'revision', 'accord', 'entreprise', 'relatif', 'amenagement', 'temp', 'travail'], ['disposition', 'generales'], ['champ', 'application'], ['portee', 'convention'], ['duree', 'convention'], ['interpretation', 'convention'], ['revision', 'convention'], ['denonciation'], ['disposition', 'amenagement', 'temp', 'travail'], ['rappel', 'principe', 'relatifs', 'organisation', 'temp', 'travail'], ['temp', 'travail', 'effectif'], ['definition', 'legale'], ['incidence', 'absence'], ['durees', 'maximales', 'travail'], ['temp', 'travail', 'effectif', 'quotidien', 'maximal'], ['temp', 'repos'], ['temp', 'repos', 'quotidien'], ['disposition', 'specifiques', 'amenagement', 'temp', 'travail'], ['annualisation', 'temp', 'travail', 'salary', 'temp', 'complet'], ['decompte', 'heures', 'supplementaires', 'complementaires', 'salary', 'non-mensualises'], ['annualisation', 'temp', 'travail', 'salary', 'temp', 'partiel'], ['convention', 'forfait', 'base', 'annuelle', 'heures', 'jours'], ['disposition', 'generales'], ['champ', 'application'], ['portee', 'convention'], ['duree', 'convention'], ['interpretation', 'convention'], ['revision', 'convention'], ['denonciation'], ['disposition', 'amenagement', 'temp', 'travail'], ['rappel', 'principe', 'relatifs', 'organisation', 'temp', 'travail'], ['duree', 'travail'], ['temp', 'travail', 'effectif'], ['definition', 'legale'], ['incidence', 'absence'], ['durees', 'maximales', 'travail'], ['temp', 'travail', 'effectif', 'quotidien', 'maximal'], ['amplitude', 'maximale'], ['temp', 'travail', 'effectif', 'hebdomadaire', 'maximal'], ['temp', 'repos'], ['temp', 'repos', 'quotidien'], ['temp', 'repos', 'hebdomadaire'], ['temp', 'pause', 'quotidien'], ['disposition', 'specifiques', 'amenagement', 'temp', 'travail'], ['rappel', 'disposition', 'legales'], ['3121-43', 'code', 'travail'], ['lorsque', 'accord', 'applique', 'salariés', 'temp', 'partiel', 'prévoit', 'modalités', 'communication', 'modification', 'répartition', 'durée', 'horaires', 'travail'], ['amenagement', 'temp', 'travail'], ['organisation', 'temp', 'travail', 'plusieurs', 'semaines', 'pluri-hebdomadaire', 'dit', 'cyclique'], ['principe', 'lissage', 'rémunération', 'salariés', 'cyclés'], ['paiement', 'heures', 'complémentaires', 'supplémentaires'], ['entrée', 'et/ou', 'sortie', 'cours', 'cycle'], ['exemple'], ['modalités', 'communication', 'horaires'], ['annualisation', 'temp', 'travail'], ['objet', 'modulation', 'temp', 'travail', 'période', 'référence'], ['heures', 'supplémentaires'], ['incidence', 'absence', 'paie', 'salariés', 'annualisés'], ['embauche', 'rupture', 'contrat', 'cours', 'période', 'référence'], ['modalités', 'enregistrement', 'décompte', 'durée', 'travail'], ['consultation', 'instance', 'représentatives', 'personnel'], ['decompte', 'heures', 'supplementaires', 'complementaires', 'salary', 'non', 'mensualises'], ['annualisation', 'temp', 'travail', 'salary', 'temp', 'partiel']]"
T09223040758,"[['accord', 'entreprise', 'duree', 'amenagement', 'temp', 'travail'], ['champ', 'application', 'accord'], ['accord', 'applique', 'ensemble', 'salariés', 'société', 'sou', 'contrat', 'travail', 'durée', 'indéterminée', 'contrat', 'travail', 'durée', 'déterminée', 'temp', 'partiel', 'temp', 'complet', 'quelle', 'catégorie', 'emploi', 'concerné'], ['rappel', 'cadre', 'légal'], ['durée', 'légale', 'travail'], ['repos', 'obligatoires'], ['temp', 'travail', 'effectif'], ['heures', 'supplémentaires'], ['droit', 'déconnexion'], ['aménagement', 'temp', 'travail', 'salariés', 'non-cadres'], ['catégorie', 'salariés', 'visés'], ['horaire', 'collectif'], ['incidence', 'absence'], ['modalité', 'prise', 'jours', 'rtt'], ['contrôle', 'temp', 'travail'], ['temp', 'partiel'], ['recours', 'travail', 'temp', 'partiel'], ['demande', 'salariés'], ['examinées', 'prioritairement', 'demandes', 'émanant'], ['modalité', 'retour', 'temp', 'plein'], ['heures', 'complémentaires'], ['aménagement', 'temp', 'travail', 'salary', 'cadre'], ['catégorie', 'salariés', 'visés'], ['droit', 'repos'], ['nombre', 'jours', 'travaillés', 'nombre', 'jours', 'repos'], ['incidence', 'absence'], ['modalités', 'prise', 'jours', 'repos', 'supplémentaires', 'rtt'], ['modalités', 'contrôle', 'temp', 'travail'], ['forfaits', 'jours', 'réduits'], ['déconnexion'], ['astreinte'], ['planification', 'information', 'salariés', 'astreinte'], ['entreprise', 'salarié', 'devront', 'veiller', 'respect', 'temp', 'repos', 'quotidiens', 'hebdomadaires', 'légaux', 'conventionnels'], ['télétravail'], ['congés', 'payés'], ['période', 'acquisition', 'durée', 'congés', 'payés'], ['période', 'prise', 'congés', 'payés'], ['ordre', 'départs', 'congé'], ['report', 'congés'], ['jours', 'supplémentaires', 'fractionnement'], ['congés', 'exceptionnels'], ['journée', 'solidarité'], ['accord', 'entrera', 'vigueur', 'dès', 'lendemain', 'jour', 'réalisation', 'mesures', 'dépôt', 'déterminées', 'ci-après'], ['révision'], ['dénonciation'], ['publicité'], ['non-cadre']]"
T00323002511,"[['accord', 'entreprise', 'relatif', 'durée', 'travail'], ['organisation', 'petits', 'déplacements'], ['heures', 'supplémentaires'], ['contingent', 'heures', 'supplémentaires'], ['majorations', 'applicables', 'heures', 'supplémentaires'], ['travail', 'exceptionnel', 'dimanche', 'jour', 'férié', 'nuit'], ['travail', 'dimanche', 'et/ou', 'jour', 'férié'], ['travail', 'nuit', 'exceptionnel', 'programmé'], ['non', 'cumul'], ['petits', 'déplacements'], ['zone', 'concentriques'], ['indemnité', 'trajet'], ['indemnité', 'repas'], ['formalités']]"
T05119001810,"[['accord', 'entreprise'], ['objet'], ['champ', 'application'], ['iii', 'fixation', 'contingent', 'annuel'], ['duree', 'accord'], ['entree', 'vigueur'], ['publicite', 'formalites', 'depot']]"
T05723060358,"[['accord', 'collectif', 'entreprise'], ['ratifié', 'majorité', '2/3', 'salariés'], ['article', 'l.2232-22', 'code', 'travail', 'énonce'], ['imputation', 'heures', 'supplémentaires', 'contingent'], ['contingent', 'annuel', 'heures', 'supplémentaires'], ['fixation', 'contingent'], ['durée', 'travail'], ['durée', 'légale', 'travail'], ['définition', 'temp', 'travail', 'effectif'], ['durée', 'maximale', 'quotidienne', 'travail'], ['repos', 'quotidien'], ['repos', 'hebdomadaire'], ['heures', 'supplementaires'], ['décompte', 'définition', 'paiement', 'heures', 'supplémentaires'], ['repos', 'compensateur', 'équivalent'], ['condition', 'modalités', 'repos', 'compensateur', 'équivalent'], ['nature', 'heures', 'peuvent', 'être', 'compensées'], ['modalités', 'prise', 'repos'], ['comptabilisation', 'heures', 'repos', 'prises'], ['modalités', 'information', 'salariés'], ['incidence', 'prise', 'repos', 'rémunération', 'suivi', 'temp', 'travail'], ['rupture', 'contrat', 'travail', 'avant', 'bénéfice', 'repos', 'compensateur', 'équivalent'], ['imputation', 'heures', 'supplémentaires', 'contingent'], ['contingent', 'annuel', 'heures', 'supplémentaires'], ['dépassement', 'contingent'], ['contrepartie', 'obligatoire', 'repos', 'condition', 'modalités'], ['conge', 'jours', 'feries'], ['congés', 'payés'], ['période', 'référence'], ['ouverture', 'droits', 'congés', 'payés', 'légaux'], ['calcul', 'nombre', 'jours', 'congés', 'acquis', 'période', 'référence'], ['période', 'prise', 'congés', 'payés'], ['modalités', 'prise', 'congés', 'payés'], ['prime', 'vacances'], ['congés', 'payés', 'supplémentaires', 'ancienneté'], ['autorisation', 'absence', 'particulières', 'congés', 'exceptionnels', 'évènements', 'familiaux'], [], ['disposition', 'diverses'], ['durée'], ['révision'], ['dénonciation'], ['condition', 'validité'], ['employeur', 'définit', 'modalités', 'organisation', 'consultation', 'incluent'], ['organisation', 'déroulement', 'consultation']]"
T01423007600,"[['avenant', 'n°1', 'relatif', 'accord', 'entreprise', 'aménagement', 'temp', 'travail', 'labéo', 'signé', 'décembre', '2021'], ['article', 'accord', 'entreprise', 'aménagement', 'temp', 'travail', 'date', 'décembre', '2021', 'aménagement', 'temp', 'travail', 'labéo'], ['heures', 'supplémentaires'], ['définition', 'heures', 'supplémentaires'], ['heures', 'annuelles', 'déduction', 'faite', 'heures', 'accomplies', 'déjà', 'rémunérées', 'au-delà', 'heures', 'hebdomadaires'], ['article', 'accord', 'entreprise', 'amenagement', 'temp', 'travail', 'date', 'décembre', '2021', 'gestion', 'absence'], ['compte', 'épargne', 'temp'], ['principe'], ['exception'], ['perçoivent', 'intégralité', 'rémunération'], ['conservent', 'ensemble', 'congés', 'auxquels', 'donne', 'droit', 'position', 'activité'], ['article', 'accord', 'entreprise', 'émenagement', 'temp', 'travail', 'date', 'décembre', '2021', 'mise', 'place', 'télétravail'], ['critères', 'éligibilité', 'télétravail'], ['critères', 'éligibilité', 'télétravail'], ['durée', 'révision', 'dénonciation']]"
T08122002375,"[['accord', 'referendaire', 'relatif', 'duree'], ['amenagement', 'temp', 'travail'], ['disposition', 'generales'], ['approbation', 'salariés'], ['clause', 'rendez-vous'], ['dépôt', 'accord'], ['transmission', 'accord', 'commission', 'paritaire', 'permanente', 'négociation', 'interprétation', 'branche'], ['publication', 'accord'], ['action', 'nullité'], ['temp', 'travail', 'effectif'], ['durée', 'minimale', 'repos', 'quotidien'], ['durée', 'minimale', 'repos', 'hebdomadaire'], ['durée', 'travail', 'personnel', 'roulant', 'décompté', 'période', 'référence', 'définie', 'quadrimestre'], ['programmation', 'indicative', 'heures', 'travail'], ['modification', 'programmation', 'indicative'], ['durées', 'maximales', 'travail'], ['heures', 'supplementaires'], ['principe'], ['rémunération', 'heures', 'supplémentaires'], ['taux', 'majoration', 'applicables'], ['repos', 'compensateur', 'équivalent'], ['repos', 'compensateur', 'spécifique', 'transport', 'routier', 'marchandises'], ['heures', 'supplémentaires', 'prérogatives', 'employeur'], ['contingent', 'heures', 'supplémentaires'], ['remuneration'], ['principe', 'lissage', 'rémunération'], ['incidence', 'absence', 'regularisation', 'ca', 'entree', 'sortie', 'pendant', 'periode', 'reference'], ['incidence', 'absence'], ['période', 'travail', 'inférieure', 'quadrimestre']]"
A07318002838,"[['accord', 'amenagement', 'temp', 'travail', 'revise'], ['cadre', 'juridique'], ['champ', 'application'], ['partie', 'organisation', 'travail'], ['modulation'], ['definition', 'temp', 'travail', 'modulation'], ['modulation', 'consiste', 'ajuster', 'temp', 'travail', 'fluctuation', 'prévisibles', 'charge', 'travail'], ['periode', 'reference', 'modulation', 'conge', 'paye'], ['duree', 'annuelle', 'base', 'temp', 'travail', 'effectif'], ['programmation', 'modulation'], ['limites', 'minimales', 'maximales', 'modulation'], ['temp', 'travail'], ['horaire', 'maximal'], [], [], ['révision', 'article', '5.3'], ['modulation', 'remuneration'], ['principe'], ['contreparties', 'spécifiques', 'dimanche', 'jours', 'fériés', 'ancien', 'article', '12.1'], ['heures', 'supplementaires', 'contingent', 'annuel'], ['decompte', 'temp', 'travail'], ['chomage', 'partiel'], ['disposition', 'specifiques', 'salary', 'temp', 'partiel', 'amenage'], ['champ', 'application'], ['mention', 'contrat', 'travail'], ['variation', 'horaire', 'travail'], ['remuneration'], ['modification', 'duree', 'prevue', 'contrat'], ['complement', 'heures'], ['disposition', 'specifiques', 'personnel', 'encadrement'], ['cadre', 'dit', 'integres'], ['cadre', 'forfait', 'jours'], ['disposition', 'specifiques', 'salary', 'sou', 'contrat', 'travail', 'intermittent'], ['mise', 'place', 'contrat', 'travail', 'intermittent'], ['emplois', 'concernes'], ['annualisation', 'temp', 'travail'], ['contrat', 'travail'], ['remuneration'], ['heures', 'complementaires'], ['conge', 'paye'], ['article', 'supprimes', 'devenus', 'sans', 'objet'], ['reduction', 'duree', 'collective', 'travail'], ['temp', 'partiel'], ['valorisation', 'qualification'], ['prime', 'annuelle', 'résultats'], ['emploi'], ['entree', 'vigueur', 'duree', 'avenant', 'n°1-accord', 'revise'], ['avenants', 'accord', 'revision'], ['denonciation'], ['publicite']]"
T07821008121,"[['accord', 'entreprise'], ['relatif', 'paiement', 'heures', 'heures', 'supplementaires', 'heures'], ['complementaires', 'compteur', 'heures'], ['formule', 'calcul'], ['chaque', 'salarié', 'reçoit', 'planning', 'prévisionnel', 'mensuel'], ['contrat', 'temp', 'complet'], ['heures', 'décompte', 'agent', '162h00'], ['heures', 'planning', 'agent', '162h00'], ['nouveau', 'solde', 'compteur', 'heures', '10h00', '0h33', '9h67'], ['heures', 'complémentaires', 'heures', 'supplémentaires'], ['heures', 'décompte', 'agent', '130h00'], ['heures', 'planning', 'agent', '130h00']]"
T09323012465,"[['engagement', 'ouvrir', 'négociations'], ['salaires', 'effectifs'], ['calendrier', 'négociations', 'revendications'], ['cgt'], [], ['unsa'], ['egalité', 'professionnelle', 'salariale', 'entre', 'femmes', 'hommes'], ['salaires', 'effectifs'], ['indemnités', 'panier', 'repas', 'jour'], ['indemnités', 'kilométriques'], ['supplément', 'intéressement'], ['versement', 'prime', 'partage', 'valeur'], ['jour', 'déménagement'], ['jours', 'décès'], ['prime', 'non-accident'], ['congés', 'exceptionnels'], ['embauches', 'cdi'], ['coefficient', '190', 'agent'], ['coefficient', '236', 'agent', 'maitrise'], ['maintien', 'modalités', 'passage', 'coefficient', '190'], ['départ', 'retraite'], ['heures', 'supplémentaires'], ['repos', 'compensateur', 'travailleurs', 'nuit'], ['prime', 'faisant', 'fonction', 'régulateurs'], ['dotation', 'exceptionnelle'], ['organisation', 'temp', 'travail'], ['service', 'social', 'action', 'conseil'], ['accord', 'pourra', 'également', 'être', 'révisé', 'respect', 'disposition', 'article', 'l.2261-7', 'code', 'travail'], ['publicité']]"
T01323017577,"[['accord', 'duree', 'temp', 'travail'], ['disposition', 'generales'], ['objet'], ['champ', 'application'], ['definition', 'differentes', 'category', 'salary'], ['definition', 'cadre', 'dirigeant'], ['definition', 'temp', 'travail', 'effectif', 'temp', 'pause', 'repos'], ['salary', 'beneficiant', 'decompte', 'horaire', 'hebdomadaire', 'temp', 'travail'], ['definition', 'duree', 'hebdomadaire', 'travail', 'contreparties'], ['incidence', 'absence', 'calcul', 'jours', 'rtt'], ['modalites', 'prise', 'jours', 'rtt'], ['horaires', 'collectifs', 'travail'], ['modalites', 'decompte', 'temp', 'travail'], ['respect', 'contingent', 'annuel', 'heures', 'supplémentaires'], ['forfaitisation', 'remuneration', 'paiement', 'heures', 'supplementaires'], ['remuneration', 'jrtt'], ['condition', 'mise', 'place', 'decompte', 'horaire', 'duree', 'temp', 'travail'], ['salary', 'soumis', 'decompte', 'annuel', 'jour'], ['definition', 'forfait', 'jour', 'annuel', 'duree', 'temp', 'travail', 'periode', 'reference'], ['modalites', 'calcul', 'octroi', 'journee', 'recuperation', 'temp', 'travail', 'dit', 'rtt'], ['incidence', 'absence', 'calcul', 'jours', 'rtt'], ['modalites', 'prise', 'jours', 'rtt'], ['modalites', 'decompte', 'temp', 'travail'], ['modalite', 'forfaitisation', 'remuneration', 'salary', 'forfait', 'jours'], ['remuneration', 'jrtt'], ['avenant', 'convention', 'individuelle', 'forfait', 'annuel', 'jours', 'ainsi', 'proposé', 'salarié', 'devra', 'préciser'], ['disposition', 'propres', 'salary', 'temp', 'partiel'], ['statut', 'salarie', 'temp', 'partiel'], ['dispositifs', 'legaux', 'passage', 'temp', 'partiel'], ['procedure', 'demande', 'passage', 'temp', 'partiel'], ['retour', 'temp', 'plein'], ['heures', 'complementaires'], ['disposition', 'contractuelles'], ['disposition', 'relative', 'travail', 'dominical', 'samedis', 'jours', 'feries'], ['principe', 'repos', 'dominical'], ['expression', 'droit', 'renonciaton'], ['organisation', 'planning'], ['contreparties', 'travail', 'dimanche'], ['respect', 'droit', 'vote'], ['travail', 'jour', 'ferie'], ['dispositons', 'commune', 'toutes', 'category', 'salary'], ['journee', 'solidarite'], ['modalite', 'exercice', 'droit', 'deconnexion'], ['rappel', 'droit', 'déconnexion'], ['mesures', 'limiter', 'sur-sollicitation', 'numérique', 'permettre', 'droit', 'déconnexion'], ['suivi', 'garanties', 'droit', 'déconnexion'], ['duree', 'accord', 'revision', 'denonciation'], ['duree'], ['revision']]"
T02519001679,"[['accord', 'entreprise', 'relatif', 'duree', 'travail'], ['organisation', 'petits', 'grand', 'deplacements'], ['heures', 'supplementaires'], ['contingent', 'heures', 'supplémentaires'], ['majorations', 'applicables', 'heures', 'supplémentaires'], ['petits', 'deplacements'], ['zone', 'concentriques'], ['indemnité', 'trajet'], ['grand', 'deplacements'], ['indemnisation', 'temp', 'voyage'], ['duree', 'accord'], ['suivi', 'accord'], ['formalites'], ['revision', 'denonciation', 'accord']]"
T04921005610,"[['accord', 'collectif', 'entreprise', 'substitution', 'régissant', 'statut', 'collectif'], ['spl', 'anger', 'loire', 'restauration'], ['disposition', 'finale'], ['champ', 'application', 'bénéficiaires'], ['disposition', 'relative', 'condition', 'travail'], ['objet', 'période', 'essai'], ['durée', 'initiale', 'période', 'essai'], ['durée', 'condition', 'renouvellement', 'période', 'essai'], ['délai', 'prévenance', 'ca', 'rupture', 'période', 'essai'], ['entretien', 'professionnel'], ['disposition', 'relative', 'duree', 'travail', 'aménagement', 'temp', 'travail'], ['temp', 'travail', 'effectif'], ['durées', 'maximales', 'travail'], ['durées', 'minimales', 'repos', 'quotidien', 'hebdomadaire'], ['heures', 'supplémentaires', 'contingent'], ['temp', 'pause'], ['temp', 'habillage', 'déshabillage'], ['organisation', 'travail', 'salariés', 'soumis', 'forfait', 'annuel', 'jours'], ['convention', 'individuelle', 'forfait', 'annuel', 'jours'], ['durée', 'annuelle', 'travail', 'période', 'référence'], ['modalités', 'détermination', 'décompte', 'journées', 'travaillées', 'jours', 'repos'], ['rémunération'], ['organisation', 'travail', 'respect', 'disposition', 'légales', 'relative', 'repos', 'quotidiens', 'hebdomadaires'], ['modalités', 'suivi', 'organisation', 'travail'], ['suivi', 'mensuel'], ['jours', 'fériés'], ['entretien', 'annuel', 'individuel'], ['droit', 'alerte'], ['modalités', 'prise', 'jours', 'repos'], ['période', 'référence'], ['durée', 'annuelle', 'travail'], ['solde', 'fin', 'période', 'référence', 'heures', 'supplémentaires']]"
T06022005050,"[['accord', 'entreprise'], ['relatif', 'astreintes'], ['champ', 'application'], ['periode', 'astreinte'], ['modalites', 'information', 'salary', 'programmation', 'periodes', 'jours', 'astreinte'], ['regles', 'generales'], ['compensation', 'astreintes'], ['coefficient', 'multiplicateurs', 'applicables'], ['compensation', 'ca', 'intervention'], ['personnel', 'non-cadre'], ['personnel', 'cadre', 'forfait', 'jours'], ['respect', 'repos', 'quotidiens', 'hebdomadaires'], ['dispense', 'astreinte'], ['document', 'controle'], ['suivi', 'accord'], ['duree', 'entree', 'vigueur', 'accord'], ['portee', 'accord'], ['notification', 'depot', 'publicite', 'accord']]"
T03418000249,"[['accord', 'relatif', 'duree', 'travail', 'applicable', 'sein', 'etablissement', 'latte'], ['objet', 'champ', 'application'], [], ['definition', 'temp', 'travail', 'effectif'], [], ['période', 'référence'], ['durée', 'travail', 'référence'], ['répartition', 'durée', 'travail'], ['jrtt'], [], ['duree', 'organisation', 'temp', 'travail', 'personnel', 'forfait'], ['travail', 'temp', 'choisi'], ['modalités', 'travail', 'temp', 'choisi'], ['salariés', 'temp', 'partiel', 'temp', 'choisi', 'date', 'conclusion', 'présent', 'accord'], ['traitement', 'heures', 'supplementaires'], ['définition', 'recours', 'heures', 'supplémentaires'], ['modalités', 'remplacement', 'paiement', 'heures', 'supplémentaires', 'repos', 'compensateur', 'équivalent'], ['remuneration'], ['rémunération', 'salariés', 'occupés', 'selon', 'horaire', 'collectif', 'référence'], ['rémunération', 'salariés', 'forfait', 'annuel', 'heures'], ['rémunération', 'salariés', 'forfait', 'annuel', 'jours'], ['clause', 'administratives', 'juridiques'], ['durée', 'entrée', 'vigueur', 'accord'], ['clause', 'rendez-vous'], ['adhésion', 'révision', 'dénonciation', 'mise', 'cause'], ['révision'], ['dénonciation'], ['notification', 'dépôt', 'accord']]"
T06420002759,"[['organisation', 'déroulement', 'consultation'], ['perimetre', 'application', 'accord'], ['iii', 'principe', 'generaux', 'organisation', 'travail'], ['définition'], ['modalités', 'annualisation', 'horaire', 'travail'], ['période', 'référence'], ['définition', 'périodes', 'hautes', 'périodes', 'bass', 'activité'], ['programmation', 'indicative'], ['salariés', 'accompli', 'totalité', 'durée', 'annuelle', 'temp', 'travail', 'effectif'], ['information', 'régularisation', 'fin', 'période'], ['remuneration'], ['contingent', 'heures', 'supplementaires'], ['activite', 'partielle'], ['vii', 'disposition', 'particulieres', 'contrats', 'duree', 'determinee', 'contrats', 'temp', 'partiel'], ['duree', 'accord'], ['entree', 'vigueur', 'validite'], ['disposition', 'finale']]"
T09221029129,"[['durée', 'travail'], ['aménagement', 'temp', 'travail'], ['heures', 'supplémentaires'], ['définition'], ['rémunération'], ['embauche', 'rupture', 'contrat', 'travail', 'cours', 'période', 'référence'], ['salariés', 'temp', 'partiel'], ['durée', 'accord', 'révision', 'dénonciation'], ['commission', 'suivi', 'clause', 'rendez-vous'], ['publicité']]"
T00619002177,"[['accord', 'collectif', 'établissement', 'relatif', 'organisation'], ['aménagement', 'temp', 'travail'], ['disposition', 'générales'], ['communication', 'accord'], ['dépôt', 'publication', 'accord'], ['transmission', 'accord', 'commission', 'paritaire', 'permanente', 'négociation', 'interprétation', 'branche'], ['action', 'nullité'], ['temp', 'travail', 'repos'], ['temp', 'travail'], ['temp', 'travail', 'effectif'], ['temp', 'restauration', 'temp', 'pause'], ['temp', 'déplacement'], ['principe'], ['personnel', 'concerné'], ['astreintes'], ['principe'], ['temp', 'intervention'], ['planning', 'organisation', 'astreinte'], ['heure', 'appel', 'client'], ['contingent', 'annuel', 'heures', 'supplémentaires'], ['aménagement', 'temp', 'travail', 'année'], ['principe', 'variation', 'horaires', 'durée', 'travail', 'période', 'supérieure', 'semaine', 'l.3121-44', 'code', 'travail'], ['principe', 'organisation', 'annuelle', 'acquisition', 'jours', 'repos', 'rtt'], ['planning', 'mi', 'œuvre'], ['modification', 'horaire', 'durée', 'travail'], ['situation', 'urgence', 'problèmes', 'technique', 'pannes'], ['durée', 'maximale', 'travail', 'temp', 'repos'], ['heures', 'supplémentaires'], ['définition', 'heures', 'supplémentaires'], ['effet', 'absence', 'décompte', 'heures', 'supplémentaires'], ['rémunération', 'heures', 'supplémentaires'], ['information', 'salarié', 'nombre', 'heures', 'réalisées', 'lors', 'période', 'référence'], ['lissage', 'rémunération'], ['prise', 'compte', 'absence'], ['embauche', 'rupture', 'contrat', 'cours', 'période'], ['mise', 'place', 'forfait', 'jours'], ['principe', 'personnel', 'concerné'], ['convention', 'individuelle', 'forfait'], ['nombre', 'journées', 'travail'], ['application', 'convention', 'forfait', 'jours', 'ouvre', 'salarié', 'bénéfice', 'jours', 'repos', 'ajoutant', 'repos', 'hebdomadaires', 'congés', 'payés', 'légaux', 'conventionnels', 'jours', 'fériés'], ['renonciation', 'jours', 'repos'], ['décompte', 'déclaration', 'jours', 'travaillés'], ['décompte', 'journées', 'travail'], ['système', 'auto-déclaratif']]"
T06022004424,"[['definition', 'temp', 'travail', 'effectif'], ['durees', 'maximales', 'travail'], ['repos', 'quotidien', 'hebdomadaire'], ['heures', 'supplementaires'], ['journee', 'solidarite'], ['modalites', 'declaration', 'temp', 'travail'], ['modalite', 'heures', 'hebdomadaires'], ['heures', 'supplémentaires'], ['modalite', 'heures'], ['heures', 'supplémentaires'], ['modalite', 'heures'], ['heures', 'supplémentaires'], ['modalite', 'heures'], ['organisation', 'temp', 'travail'], ['heures', 'supplémentaires'], ['modalite', 'convention', 'forfait', 'jours', 'annee'], ['rémunération'], ['forfait', 'jours', 'réduit'], ['jours', 'repos'], ['contrôle', 'décompte', 'jours', 'travaillés', 'non', 'travaillés'], ['garanties', 'temp', 'repos', 'charge', 'travail', 'amplitude', 'journées', 'travail', 'entretien', 'annuel', 'individuel'], ['suivi', 'instance', 'représentatives', 'personnel'], ['suivi', 'médical'], ['modalites', 'mises', 'oeuvre', 'convention', 'forfait', 'jours'], ['nouveaux', 'embauchés', 'remplissant', 'condition', 'bénéficier', 'convention', 'forfait'], ['travail', 'temp', 'partiel'], ['définition'], ['modalités', 'passage', 'temp', 'partiel', 'retour', 'temp', 'plein'], ['heures', 'complémentaires'], ['congés', 'pavés'], ['formule', 'calcul'], ['incidence', 'absence', 'entree', 'depart', 'salarie', 'cours', 'annee'], ['modalite', 'prise', 'jours', 'repos'], ['don', 'conge', 'jours', 'repos'], ['horaires', 'travail', 'salary'], ['conge', 'annuels'], ['modalités', 'prises', 'congés', 'pavés'], ['situation', 'particulières'], ['conge', 'anciennete'], ['conge', 'exceptionnels'], ['conge', 'enfant', 'malade'], ['jours', 'feries'], ['suivi', 'accord'], ['information', 'salary'], ['entree', 'vigueur', 'duree', 'accord']]"
T07120001578,"[['accord', 'entreprise'], ['annualisation', 'temp', 'travail'], ['principe', 'annualisation'], ['détermination', 'période', 'référence'], ['détermination', 'durée', 'travail', 'période', 'référence'], ['durées', 'maximales', 'travail'], ['détermination', 'rythmes', 'travail', 'notification', 'horaires', 'travail'], ['condition', 'délais', 'prévenance', 'changements', 'durée', 'horaire', 'travail'], ['contreparties', 'salariés', 'temp', 'partiel'], ['compteur', 'individuel'], ['lissage', 'rémunération'], ['conséquences', 'rémunération', 'absence', 'arrivées', 'départs', 'cours', 'période', 'référence'], ['sort', 'compteurs', 'fin', 'période'], ['solde', 'compteur', 'positif', 'dépassement', 'durée', 'annuelle'], ['solde', 'compteur', 'négatif'], ['heures', 'supplémentaires'], ['heures', 'complémentaires'], ['contingent', 'annuel', 'heures', 'supplementaires'], ['augmentation', 'contingent', 'annuel', 'heures', 'supplémentaires'], ['disposition', 'generales'], ['entrée', 'vigueur'], ['condition', 'suivi', 'accord', 'clause', 'rendez'], ['durée', 'révision', 'dénonciation', 'accord'], ['dépôt', 'accord']]"
T04918001293,"[['accord', 'entreprise'], ['temp', 'travail'], ['objet'], ['principe', 'annualisation'], ['période', 'référence'], ['durée', 'travail'], ['durée', 'travail'], ['heures', 'supplémentaires'], ['embauche', 'cours', 'période', 'référence'], ['notification', 'horaires', 'travail'], ['modification', 'horaires', 'travail'], ['suivi', 'heures', 'travaillées'], ['modalités', 'rémunération'], ['arrêté', 'compteurs'], ['salarié', 'effectué', 'totalité', 'période', 'référence'], ['solde', 'compteur', 'nul'], ['solde', 'compteur', 'positif'], ['solde', 'compteur', 'négatif'], ['salarié', 'effectué', 'totalité', 'période', 'référence'], ['solde', 'compteur', 'positif'], ['solde', 'compteur', 'négatif'], ['sort', 'périodes', 'non', 'travaillées'], ['période', 'non', 'travaillée', 'rémunérée'], ['période', 'non', 'travaillée', 'non', 'rémunérée'], ['prise', 'effet', 'présent', 'accord'], ['formalités', 'dépôt'], ['publicité']]"
T59L21011656,"[['accord', 'entreprise'], ['art', 'disposition', 'générales'], ['disposition', 'juridiques'], ['date', 'application'], ['art', 'iii', 'contingent', 'annuel', 'heures', 'supplémentaires'], ['art', 'mise', 'place', 'repos', 'compensateur', 'remplacement'], ['art', 'dépôt', 'publicité', 'accord']]"
T03120005526,"[['accord', 'entreprise', 'portant', 'avenant', 'accord', 'collectif', 'avril', '2017', 'relatif', 'heures', 'supplementaires', 'instituant', 'compte', 'epargne', 'temp'], ['disposition', 'générales'], ['cadre', 'juridique', 'champ', 'application', 'territorial', 'accord'], ['adhésion', 'dénonciation', 'révision', 'suivi', 'clause', 'rendez-vous'], ['publicité', 'accord'], ['définition'], ['définition', 'heure', 'supplémentaire'], ['rythme', 'travail'], ['semaine', 'référence', 'évaluation', 'heures', 'supplémentaires'], ['dispositif', 'mise', 'place', 'contingent', 'annuel', 'heures', 'supplémentaires'], ['cadre', 'juridique'], ['champ', 'application', 'titre', 'iii'], ['définition', 'notion', 'heure', 'supplémentaire'], ['taux', 'majoration', 'heures', 'supplémentaires'], ['définition', 'contingent', 'annuel', 'heures', 'supplémentaires'], ['contrepartie', 'obligatoire', 'forme', 'repos', 'heures', 'accomplies', 'au-delà', 'contingent', 'annuel', 'heures', 'supplémentaires'], ['durée', 'caractéristique', 'contrepartie'], ['condition', 'prise', 'contrepartie'], ['absence', 'demande', 'prise', 'contrepartie', 'obligatoire', 'repos', 'salarié', 'peut', 'entraîner', 'perte', 'droit'], ['modalités', 'demande', 'contrepartie'], ['suivi', 'mensuel', 'droits', 'contrepartie', 'obligatoire', 'repos'], ['dispositif', 'mise', 'place', 'repos', 'compensateur', 'remplacement', 'rcr'], ['cadre', 'juridique'], ['traitement', 'heures', 'supplémentaires'], ['modalités', 'prise', 'repos', 'compensateur', 'remplacement', 'rcr'], ['dispositif', 'mise', 'place', 'compte', 'epargne', 'temp', 'cet'], ['cadre', 'juridique'], ['alimentation', 'cet'], ['plafonds', 'cet'], ['modalités', 'gestion', 'compte'], ['valeur', 'droits', 'épargnés'], ['modalités', 'utilisation', 'cet', 'temp', 'initiative', 'salarié'], ['nature', 'congés', 'pouvant', 'être', 'pris', 'cadre', 'liquidation', 'cet'], ['délai', 'procédure', 'utilisation', 'cet'], ['situation', 'indemnisation', 'salarié', 'pendant', 'congé', 'indemnisé', 'cet'], ['don', 'jours', 'cet'], ['modalités', 'utilisation', 'cet', 'argent', 'initiative', 'salarié'], ['liquidation', 'exceptionnelle', 'déblocage', 'anticipé', 'cet']]"
T05319001480,"[['temp', 'travail'], ['contingent', 'heures', 'supplémentaires'], ['temp', 'partiel', 'aménagé', 'tout', 'partie', 'année'], ['régime', 'heures', 'supplémentaires'], ['consultation', 'délégation', 'unique', 'personnel'], ['cadre', 'juridique'], ['modification'], ['dénonciation'], ['dépôt', 'légal'], ['temp', 'travail'], ['contingent', 'heures', 'supplémentaires'], ['cadre', 'juridique'], ['durée', 'avenant'], ['modification'], ['dénonciation'], ['dépôt', 'légal']]"
A07118002834,"[['abra', 'accord', 'amenagement', 'temp', 'travail'], ['heures', 'supplémentaires', 'contingent', 'décompte'], ['repos', 'compensateurs', 'remplacement', 'rcr'], ['prise', 'rcr', 'initiative', 'exploitation'], ['prise', 'rcr', 'initiative', 'salarié'], ['heures', 'samedi', 'dimanche', 'jour', 'férié', 'nuit'], ['journée', 'solidarité'], ['mise', 'œuvre', 'dépôt', 'durée', 'suivi']]"
T04420008638,"[['accord', 'entreprise', 'relatif', 'organisation', 'deplacements', 'modalites', 'organisation', 'travail'], ['décision', 'unilatérale', 'employeur', 'après', 'approbation', 'référendum'], ['champ', 'application'], ['trajet', 'deplacement'], ['trajet'], ['territoire', 'français'], ['dehors', 'territoire', 'français'], ['déplacement'], ['voyage', 'aériens'], ['voitures', 'location'], ['hôtels', 'hébergements'], ['réceptions', 'client'], ['travail', 'nuit', 'dimanche', 'jours', 'feries'], ['travail', 'nuit'], ['travail', 'dimanche'], ['jours', 'fériés'], ['compte', 'epargne', 'temp'], ['alimentation', 'compte'], ['alimentation', 'compte', 'jours', 'repos'], ['modalités', 'conversion', 'temp', 'repos'], ['nature', 'congés', 'pouvant', 'être', 'pris', 'procédure', 'utilisation'], ['rémunération', 'congé'], ['abondement', 'employeur'], ['utilisation', 'compte', 'bénéficier', 'rémunération', 'immédiate'], ['rémunération', 'congé'], ['information', 'salarié'], ['garantie', 'droits', 'acquis', 'compte', 'épargne', 'temp'], ['repos', 'compensateur', 'remplacement'], ['disposition', 'générales'], ['prise', 'repos'], ['astreinte'], ['définition', 'intervention'], ['entree', 'vigueur', 'publicite'], ['date', 'entrée', 'vigueur'], ['validité', 'accord'], ['durée', 'accord', 'dénonciation'], ['dépôt', 'publicité', 'accord']]"
T05224060117,"[['accord', 'entreprise', 'relatif', 'augmentation', 'contingent', 'heures', 'supplementaires', 'annuel'], ['champ', 'application', 'territorial', 'professionnel'], ['durée', 'maximale', 'quotidienne', 'travail'], ['durée', 'moyenne', 'hebdomadaire', 'travail'], ['contingent', 'maximum', 'heures', 'supplémentaires'], ['calcul', 'heures', 'supplémentaires'], ['formalités', 'dépôt', 'date', 'entrée', 'vigueur', 'accord'], ['condition', 'révision', 'dénonciation', 'accord']]"
T07420002292,"[['accord', 'entreprise', 'janvier', '2020', 'relatif', 'durée', 'temp', 'travail', 'repos', 'hebdomadaire', 'heures', 'supplémentaires'], ['majoration', 'heures', 'supplémentaires'], ['repos', 'hebdomadaire'], ['durée', 'hebdomadaire', 'temp', 'travail'], ['action', 'justice', 'dénonciation'], ['dépôt', 'publicité', 'accord']]"
T05418000541,"[['accord', 'entreprise'], ['heures', 'supplémentaires'], ['consultation', 'personnel'], ['date', 'application', 'durée', 'dénonciation', 'révision']]"
T01321012463,"[['accord', 'entreprise'], ['relatif', 'amenagement', 'temp', 'travail'], ['duree', 'amenagement', 'cycle', 'temp', 'travail'], ['définition', 'temp', 'travail', 'effectif'], ['principe', 'variation', 'horaires', 'durée', 'travail', 'cycle'], ['période', 'référence', 'cycle', 'répartition', 'temp', 'travail'], ['programmation', 'prévisionnelle'], ['planning', 'individuels'], ['modification', 'horaire', 'durée', 'travail'], ['durée', 'maximale', 'travail', 'temp', 'repos'], ['définition', 'semaine', 'travail'], ['garanties', 'accordées', 'salariés', 'soumis', 'aménagement', 'cycle', 'durée', 'travail'], ['information', 'salarié', 'nombre', 'heures', 'réalisées', 'lors', 'période', 'référence'], ['absence'], ['remuneration', 'heures', 'supplementaires'], ['heures', 'supplémentaires'], ['rémunération', 'forfaitaire', 'travail', 'supplémentaire'], ['compensation', 'responsabilité', 'personnel', 'naviguant', 'officier'], ['taux', 'global', 'repos-conges'], ['taux', 'global', 'repos', 'congés'], ['report', 'repos', 'hebdomadaire'], ['report', 'repos', 'hebdomadaire'], ['disposition', 'finale'], ['approbation', 'salariés'], ['clause', 'rendez-vous'], ['dépôt', 'accord'], ['publication', 'accord'], ['proces', 'verbal', 'consultaton', 'salary']]"
T06218000390,"[['proces', 'verbal', 'accord', 'negociations', 'annuelles', 'obligatoires'], ['frais', 'médicaux', 'prévoyance'], ['durée', 'effective', 'organisation', 'travail'], ['salaires', 'effectifs'], ['termes', 'négociation'], ['révisions', 'salariales'], ['revalorisation', 'prime', 'vacances', 'prime', 'conventionnelle'], ['dénonciation', 'prime', 'entretien', 'prime', 'non', 'casse/non', 'accident']]"
T05720002925,"[['accord', 'entreprise', 'amenagement', 'temp', 'travail'], ['champ', 'application'], ['amenagement', 'temp', 'travail', 'annee'], [], [], [], [], [], [], [], ['heures', 'supplementaires'], [], [], [], [], [], ['salary', 'temp', 'partiel'], ['amplitude', 'annualisation'], ['répartition', 'durée', 'travail'], ['rémunérations'], ['heures', 'complémentaires'], ['disposition', 'finale'], [], [], ['accord', 'entrera', 'vigueur', '01/04/2020']]"
A01418003827,"[['proces', 'verbal', 'accord'], ['duree', 'effective'], ['organisation', 'temp', 'travail'], ['etat', 'proposition', 'respectives', 'déroulement', 'négociations'], ['contenu', 'accord'], ['publicité']]"
T09218000858,"[['accord', 'collectif', 'relatif', 'travail', 'nuit'], ['valant', 'avenant', 'révision', 'accord', 'décembre', '2015'], ['disposition', 'générales'], ['objet', 'accord'], ['mise', 'œuvre', 'travail', 'nuit'], ['définition', 'travail', 'nuit', 'travailleur', 'nuit'], ['définition', 'travail', 'nuit'], ['définition', 'travailleur', 'nuit'], ['travailleur', 'habituel', 'nuit'], ['durées', 'maximales', 'travail', 'repos', 'obligatoires', 'temp', 'pause'], ['contreparties', 'travail', 'nuit'], ['travailleur', 'exceptionnel', 'nuit'], ['travailleur', 'habituel', 'nuit'], ['modalités', 'utilisation', 'repos', 'compensateur'], ['procédure', 'recours', 'travail', 'nuit', 'information', 'salarié'], ['travailleur', 'exceptionnel', 'nuit'], ['travail', 'exceptionnel', 'nuit', 'devenant', 'récurrent', 'savoir'], ['travailleur', 'habituel', 'nuit'], ['caractère', 'réversible', 'travail', 'habituel', 'nuit'], ['surveillance', 'médicale', 'renforcée', 'salarié', 'travaillant', 'nuit'], ['employeur', 'prend', 'toutes', 'mesures', 'nécessaires', 'visant', 'améliorer', 'condition', 'travail', 'salarié', 'travaillant', 'nuit', 'garantir', 'sécurité'], ['moyens', 'transport'], ['mesures', 'destinées', 'assurer', 'égalité', 'professionnelle', 'entre', 'hommes', 'femmes'], ['accès', 'formation'], ['commission', 'suivi', 'accord'], ['clause', 'rendez-vous'], ['entrée', 'vigueur'], ['révision'], ['dénonciation'], ['formalités', 'dépôt']]"
T04420009192,"[['accord', 'relatif', 'amenagement'], ['temp', 'travail'], ['disposition', 'generales'], ['champ', 'application'], ['duree', 'accord'], ['revision', 'denonciation'], ['révision'], ['dénonciation'], ['commission', 'suivi'], ['disposition', 'relative', 'organisation', 'travail', 'applicables', 'tous', 'salariés'], ['definition', 'temp', 'travail', 'effectif'], ['temp', 'repos', 'durees', 'maximales', 'travail'], ['temp', 'repos', 'journalier'], ['temp', 'repos', 'hebdomadaire'], ['durée', 'maximale', 'travail', 'quotidien'], ['amplitude', 'horaire'], ['répartition', 'hebdomadaire'], ['jours', 'fériés'], ['droit', 'deconnexion'], ['ensemble', 'salariés', 'droit', 'respect', 'temp', 'repos', 'respect', 'équilibre', 'vie', 'personnelle', 'vie', 'professionnelle'], ['disposition', 'applicables', 'salary', 'non', 'cadre'], ['organisation', 'travail'], ['salary', 'temp', 'complet'], ['description', 'organisation', 'travail'], ['répartition', 'variation', 'horaires', 'travail'], ['acquisition', 'prise', 'jours', 'repos', 'rep'], ['lissage', 'rémunération'], ['heures', 'supplémentaires'], ['taux', 'majoration'], ['salary', 'temp', 'partiel'], ['description', 'organisation', 'travail'], ['répartition', 'horaires', 'travail'], ['augmentation', 'diminution', 'durée', 'journalière', 'travail'], ['acquisition', 'prise', 'jours', 'repos', 'rep'], ['heures', 'complémentaires'], ['lissage', 'rémunération'], ['droits', 'reconnus', 'salariés', 'temp', 'partiel'], ['traitement', 'absence', 'embauches', 'rupture'], ['traitement', 'absence'], ['incidence', 'rémunération', 'salariés'], ['flexibilite', 'horaires', 'travail'], ['fixation', 'horaires'], ['disposition', 'applicables', 'cadre', 'autonomes'], ['instauration', 'dispositif', 'forfait', 'jours', 'cadre', 'autonomes'], ['fonctionnement', 'forfait'], ['convention', 'individuelle', 'forfait'], ['respect', 'temp', 'repos'], ['détermination', 'nombre', 'jours', 'inclus', 'forfait'], ['détermination', 'nombre', 'jours', 'repos', 'supplémentaires', 'jr']]"
T06721008747,"[['avenant', 'accord', 'entreprise', 'heures', 'supplémentaires', 'complémentaires'], ['champ', 'application'], ['ii-', 'definition', 'heures', 'supplementaires'], ['iii-indemnisation', 'heures', 'supplementaires'], ['majorations'], ['temp', 'partiels'], ['duree', 'accord'], ['revision', 'accord'], ['vii', 'denonciation', 'accord'], ['viii', 'depot', 'legal', 'information', 'personnel'], ['entree', 'vigueur', 'accord']]"
T04919003228,"[['avenant', 'accord', 'collectif', 'aménagement', 'temp', 'travail', 'salariés', 'hortival', 'diffusion'], ['majoration', 'heures'], ['paiement', 'banque', 'heures', 'contractuelle'], ['durée', 'portee', 'accord'], ['révision'], ['dénonciation'], ['formalites', 'depot']]"
T04718000230,"[['avenant', 'accord', 'temp', 'travail'], ['répondre', 'aspiration', 'personnel'], ['rendre', 'organisation', 'travail', 'efficiente', 'optimiser', 'compétences', 'disponibles', 'collaborateurs', 'fonction', 'différentes', 'organisation', 'travail'], ['champ', 'application'], ['date', 'effet-', 'duree', 'denonciation', 'adhesion', 'interpretation'], ['révision', 'dénonciation'], ['suivi', 'avenant', 'rendez-vous'], ['durees', 'maximales', 'travail', 'repos', 'quotidien'], ['durée', 'quotidienne', 'maximale'], ['durée', 'hebdomadaire', 'moyenne', 'maximale'], ['repos', 'quotidien'], ['heures', 'supplementaires'], ['article', 'heures', 'supplémentaires', 'contingent', 'complété', 'comme', 'suit'], ['regime', 'forfait', 'annuel', 'jours'], ['article', 'forfait', 'annuel', 'jours', 'modifié', 'comme', 'suit'], ['mise', 'place', 'convention', 'individuelles', 'forfait', 'annuel', 'jours'], ['nombre', 'jours', 'travaillés', 'période', 'référence'], ['organisation', 'activité', 'enregistrement', 'jours'], ['document', 'suivi', 'forfait'], ['jours', 'fériés', 'chômés'], ['entretien', 'périodique'], ['suivi', 'collectif', 'forfaits', 'jours'], ['droit', 'déconnexion'], ['rémunération'], ['dépassement', 'forfait', 'annuel', 'jours'], ['prise', 'compte', 'absence', 'départs', 'arrivées', 'cours', 'année'], ['regime', 'recours', 'astreintes'], ['mise', 'place', 'astreintes'], ['disposition', 'spécifiques', 'respect', 'repos', 'hebdomadaire', 'quotidien'], ['information', 'salarié', 'délai', 'prévenance'], ['indemnisation'], ['indemnisation', 'temp', 'intervention'], ['recours', 'travail', 'nuit'], ['définition', 'travail', 'nuit'], ['mise', 'œuvre', 'travail', 'nuit'], ['durée', 'travail', 'nuit'], ['contreparties'], ['repos', 'compensateur'], ['prime', 'nuit'], ['formation', 'travailleurs', 'nuit'], ['surveillance', 'médicale', 'travailleurs', 'nuit'], ['employeur', 'prend', 'toutes', 'mesures', 'nécessaires', 'visant', 'améliorer', 'condition', 'travail', 'salarié', 'travaillant', 'nuit', 'garantir', 'sécurité'], ['mesures', 'destinées', 'assurer', 'égalité', 'professionnelle', 'entre', 'hommes', 'femmes'], ['temp', 'pause'], ['prime', 'vacances'], ['depot', 'publicite'], ['application', 'forfait', 'annuel', 'jours']]"
T01421004960,"[['avenant', 'n°1', 'accord', 'entreprise', 'date', 'novembre', '2019'], ['mise', 'place', 'politique', 'remuneration', 'recompensant', 'implication', 'conducteurs', 'amelioration', 'qualite', 'prestation', 'transport', 'conjuguee', 'respect', 'renforce', 'reglementation', 'securite'], ['accord', 'entre', 'vigueur', '1er', 'janvier', '2021']]"
T08320001889,"[['accord', 'negociation', 'annuelle'], ['obligatoire', 'salaires', '2020'], ['madame', 'monsieur'], ['inflation', 'annuelle', '2019', 'situerait', 'alentours', 'fin', 'novembre', '2019', 'smic', 'augmente', '1,2', 'début', '2020'], ['heures', 'supplémentaires'], ['prime', 'assiduité', 'semestrielle', 'maintenue'], ['party', 'variable', 'salaires', 'présentées']]"
T06020002190,"[['negociation', 'annuelle', 'obligatoire'], ['contenu'], ['salaires', 'effectifs', 'duree', 'effective', 'travail'], ['salaires'], ['duree', 'effective', 'temp', 'travail'], ['organisation', 'temp', 'travail'], ['représentation', 'temp', 'partiel', 'raison', 'médicale'], ['prevoyance', 'maladie'], ['epargne', 'salariale'], ['analyse', 'action', 'retenues', 'appliquées', '2019'], ['améliorer', 'employabilité', 'salariés'], ['promotion', 'professionnelle'], ['emploi', 'salary', 'situation', 'handicap']]"
T06120001092,"[['durée', 'travail'], ['aménagement', 'temp', 'travail'], ['heures', 'supplémentaires'], ['définition'], ['rémunération'], ['embauche', 'rupture', 'contrat', 'travail', 'cours', 'période', 'référence'], ['salariés', 'temp', 'partiel'], ['durée', 'accord', 'révision', 'dénonciation'], ['commission', 'suivi', 'clause', 'rendez-vous'], ['publicité']]"
T02120001941,"[['accord', 'entreprise'], ['amenagement', 'temp', 'travail', 'annee'], ['aménagement', 'temp', 'travail', 'année'], ['période', 'référence'], ['modalités', 'aménagement', 'temp', 'travail'], ['condition', 'délais', 'prévenance', 'changements', 'durée', 'horaire', 'travail'], ['décompte', 'heures', 'supplémentaires'], ['contingent', 'annuel', 'heures', 'supplémentaires'], ['taux', 'majoration', 'heures', 'supplémentaires'], ['date', 'modalités', 'paiement', 'compensation', 'heures', 'supplémentaires'], ['paiement', 'salaire'], ['lissage', 'rémunération'], ['traitement', 'absence'], ['traitement', 'arrivées', 'départs', 'cours', 'période', 'référence'], ['substitution', 'accord', 'disposition', 'objet'], ['consultation', 'personnel'], ['entrée', 'vigueur', 'durée', 'suivi', 'révision', 'dénonciation'], ['suivi', 'accord', 'révision', 'dénonciation']]"
T09219009896,"[['procès', 'verbal', 'accord'], ['cadre'], ['négociation', 'annuelle', 'obligatoire'], [], ['art', 'champ', 'application'], ['art', 'durée', 'application', 'révision'], ['accord', 'pourra', 'être', 'revu', 'accord', 'ensemble', 'signataires', 'partie', 'souhaitant', 'modifier', 'accord', 'devra', 'adresser', 'autres', 'party', 'courrier', 'lettre', 'recommandée', 'accusé', 'réception', 'indiquant', 'révisions', 'souhaitées', 'leurs', 'justification'], ['art', 'accord', 'party'], ['augmentation', 'collective'], ['heures', 'nuit'], ['barème', 'piges'], ['art', 'autres', 'thèmes', 'négociation', 'annuelle', 'obligatoire'], ['art', 'formalités', 'publicité']]"
T04919003346,"[['grange'], ['accord', 'collectif', 'entreprise', 'relatif', 'annualisation', 'temp', 'travail'], ['champ', 'application'], ['période', 'annualisation'], ['décompte', 'temp', 'travail'], ['salariés', 'temp', 'complet'], ['salariés', 'temp', 'partiel'], ['contingent', 'heures', 'supplémentaires'], ['organisation', 'annualisation', 'temp', 'travail'], ['variation', 'horaire', 'hebdomadaire'], ['délai', 'prévenance', 'changements', 'horaire'], ['garanties', 'collective', 'individuelles'], ['modalités', 'rémunération', 'cadre', 'annualisation'], ['décompte', 'heures', 'travail', 'fin', 'période', 'annualisation'], ['conge', 'paye'], ['absence', 'cours', 'période', 'annualisation'], ['absence', 'rémunérées', 'indemnisées', 'hors', 'congés', 'payés'], ['absence', 'non', 'rémunérées', 'indemnisées'], ['incidence', 'entrées', 'sortie', 'salary', 'cours', 'année'], ['incidence', 'entrées', 'cours', 'année'], ['incidence', 'sortie', 'cours', 'année'], ['commission', 'suivi'], ['disposition', 'diverses'], ['entrée', 'vigueur', 'durée', 'accord'], ['dépôt', 'publicité', 'accord']]"
T07519011518,"[['accord', 'aménagement', 'durée'], ['temp', 'travail', 'heures', 'supplémentaires', 'journée', 'solidarité'], ['exposé', 'préalable'], ['fonctionnement', 'accord', 'entreprise'], ['durée', 'renouvellement', 'modalité', 'vote'], ['durée'], ['dénonciation'], ['modalité', 'vote']]"
T01318000735,"[['article', '2232-21', 'code', 'travail', 'prévoit', 'possibilité', 'employeur', 'proposer', 'salariés', 'projet', 'accord', 'portant', 'ensemble', 'thèmes', 'ouverts', 'négociation', 'collective', 'entreprise'], ['objet'], ['champ', 'application'], ['contingent', 'annuel', 'heures', 'supplementaires'], ['volume', 'contingent', 'annuel', 'heures', 'supplémentaires'], ['dépassement', 'contingent', 'annuel', 'heures', 'supplémentaires'], ['condition', 'modalités', 'prise', 'contrepartie', 'repos'], ['consultation', 'représentants', 'personnel', 'dépassement', 'contingent'], ['information', 'salarié', 'contrepartie', 'repos'], ['délai', 'prise', 'contrepartie', 'repos'], ['modalités', 'demande', 'prise', 'contrepartie', 'repos'], ['majoration', 'heures', 'supplementaires'], ['définition', 'heures', 'supplémentaires'], ['fixation', 'taux', 'majoration', 'heures', 'supplémentaires'], ['mise', 'place', 'repos', 'compensateur', 'remplacement'], ['salariés', 'concernés', 'champ', 'application'], ['modalités', 'organisation', 'repos', 'compensateur', 'remplacement'], ['application', 'suivi', 'accord'], ['dénonciation'], ['validité', 'publicité', 'accord']]"
A00217001854,"[['avenant', 'n°2', 'accord', 'collectif', 'heures', 'supplementaires', '05/10/2011'], ['revision', 'article', 'accord', 'octobre', '2011'], ['revision', 'article', 'accord', 'collectif', 'octobre', '2011'], ['revision', 'article', 'accord', 'collectif', 'octobre', '2011'], ['duree', 'depot'], ['durée'], ['dépôt'], ['revision'], ['denonciation'], ['modalités'], ['publicite']]"
T07222004828,"[['negociations', 'collective', '2023'], ['protocole', 'accord'], ['heures'], ['horaires', 'travail'], ['formation'], ['banque', 'temp'], ['amenagements'], ['disposition', 'commune'], ['absence', 'exceptionnelles'], ['conge', 'compensatoire', 'heures'], ['obligation', 'permanence'], ['ca', 'particuliers'], ['pont', 'ascension'], ['jours', 'compensatoires'], ['ca', 'exceptionnels'], ['temp', 'partiels'], ['exemples'], ['heures', 'supplementaires'], ['temp', 'deplacement', 'professionnel'], ['temp', 'partiel'], ['nouveaux', 'embauches'], ['suivi', 'present', 'accord']]"
T07519017221,"[['accord', 'collectif', 'portant'], ['duree', 'organisation', 'temp', 'travail'], ['salary', 'siege', 'magasins', 'et/ou', 'stand', 'grand', 'magasins'], ['cadre', 'juridique', 'champ', 'application'], ['definition', 'temp', 'travail'], ['deplacements', 'professionnels'], ['principe', 'généraux'], ['principe', 'application'], ['contreparties'], ['disposition', 'applicables', 'salary', 'non-cadres', 'cadre', 'integres', 'dit', 'salary', 'mode', 'horaire'], ['définition'], ['durée', 'travail'], ['organisation', 'durée', 'travail'], ['heures', 'supplémentaires'], ['acquisition', 'prise', 'jnt'], ['acquisition', 'jnt', 'impact', 'absence'], ['prise', 'jnt'], ['trc'], ['impact', 'entrées/sorties', 'cours', 'année'], ['impact', 'absence'], ['disposition', 'applicables', 'salary', 'soumis', 'forfait', 'annuel', 'jours', 'cadre', 'autonomes'], ['modalités', 'application', 'forfait', 'annuel', 'jours'], ['suivi', 'application', 'convention', 'forfait'], ['rémunération'], ['droit', 'déconnexion'], ['prise', 'compte', 'entrées-sorties', 'absence', 'cours', 'année'], ['journée', 'solidarité'], ['modalité', 'organisation', 'prise', 'jnt'], ['modalités', 'spécifiques', 'travailleurs', 'handicapés'], ['validité', 'accord'], ['commission', 'suivi', 'accord']]"
T04522005309,"[['accord', 'temp', 'travail'], ['périmètre', 'accord'], ['définition', 'temp', 'travail', 'effectif'], ['principe'], ['temp', 'pause'], ['repos', 'quotidien', 'hebdomadaire'], ['repos', 'journalier'], ['repos', 'hebdomadaire'], ['heures', 'supplémentaires'], ['heures', 'supplémentaires', 'structurelles', 'contractualisées'], ['heures', 'supplémentaires', 'non', 'structurelles', 'non', 'contractualisées'], ['contingent', 'annuel'], ['partie', 'horaire', 'collectif', 'organisation', 'temp', 'travail', 'année'], ['principe', 'durée', 'collective', 'travail', 'répartie', 'année'], ['année', 'référence', 'durée', 'annuelle'], ['répartition', 'travail'], ['programmation', 'durées', 'horaires', 'travail', 'communication', 'calendrier', 'prévisionnel'], ['modification', 'calendrier', 'prévisionnel', 'notification'], ['rémunération', 'mensuelle'], ['rémunération', 'lissée'], ['décompte', 'absence', 'indemnisation'], ['jours', 'repos', 'remplacement', 'jrr'], ['heures', 'supplémentaires', 'période', 'annuelle', 'salarié', 'présent', 'toute', 'période', 'référence'], ['heures', 'dépassement-', 'heures', 'excédentaires', 'supplémentaires'], ['heures', 'non', 'réalisées'], ['heures', 'excédentaires', 'supplémentaires', 'période', 'annuelle', 'salarié', 'entré', 'et/ou', 'sorti', 'cours', 'période', 'référence'], ['heures', 'excédentaires'], ['régime', 'heures', 'excédentaires', 'supplémentaires', 'fin', 'période', 'référence'], ['partie', 'forfait', 'jours'], ['salariés', 'éligibles'], ['durée', 'travail', 'année'], ['jrtt'], ['organisation', 'temp', 'travail'], ['contrôles', 'réguliers', 'opérés', 'direction', 'alerte'], ['entretiens', 'individuels'], ['décompte', 'temp', 'travail'], ['rémunération'], ['partie', 'travail', 'dimanche'], ['recours', 'travail', 'dimanche'], ['contreparties', 'travail', 'dominical']]"
T00620004416,"[['accord', 'entreprise'], ['heures', 'supplémentaires', 'définition'], ['contreparties', 'heures', 'supplémentaires'], ['majoration', 'salaire'], ['repos', 'compensateur', 'remplacement'], ['dérogation', 'disposition', 'article', '1.4', 'accord', 'étendu', 'décembre', '1998', 'cadre', 'convention', 'collective', 'entreprises', 'carrières', 'matériaux', 'repos', 'compensateur', 'remplacement', 'pris', 'salariés', 'condition', 'ci-après', 'définies'], ['contingent', 'heures', 'supplémentaires'], ['portée', 'accord'], ['durée', 'suivi', 'interprétation', 'accord'], ['condition', 'validité', 'dépôt', 'légal', 'publication']]"
T59L19007514,"[['accord', 'entreprise', 'relatif', 'contingent', 'heures', 'supplémentaires'], ['contingent', 'heures', 'supplémentaires'], ['taux', 'rémunération', 'heures', 'supplémentaires'], ['dépassement', 'contingent'], ['condition', 'accomplissement', 'heures', 'supplémentaires', 'dépassement', 'contingent', 'conventionnel', 'entreprise'], ['contrepartie', 'obligatoire', 'repos'], ['durée', 'accord', 'dénonciation', 'révision'], ['entrée', 'vigueur']]"
T03323014370,"[['convention', 'entreprise'], ['classification', 'page'], ['méthodologie'], ['positionnement', 'salariés'], ['echelle', 'unique', 'classification'], ['niveau', 'connaissances', 'emploi', 'tenu'], ['evolution', 'carriere', 'page'], ['evolution', 'emploi', 'classement'], ['accès', 'qualité', 'spécialiste', 'métier', 'salarié', 'relevant', 'catégorie', 'professionnelle', 'non', 'cadre'], ['objectifs'], ['accès', 'classement', 'f11', 'accès', 'catégorie', 'professionnelle', 'cadre'], ['objectifs'], ['entretien', 'individuel', 'professionnel', 'developpement', 'personnel'], ['formation', 'professionnelle', 'page'], ['temp', 'travail', 'effectif'], ['heures', 'supplémentaires'], ['contingent', 'annuel', 'heures', 'supplémentaires'], ['rémunération', 'heures', 'supplémentaires'], ['remplacement', 'paiement', 'heures', 'supplémentaires', 'repos', 'repos', 'compensateur', 'remplacement'], ['convention', 'forfait', 'jours', 'année'], ['volume', 'annuel', 'jours', 'travail'], ['forfait', 'jours', 'réduit'], ['cadre', 'dirigeants', 'sans', 'référence', 'horaire'], ['amenagement', 'temp', 'travail', 'page'], ['structure', 'remuneration', 'page'], ['prime', 'annuelle', 'forfaitaire', 'salary', 'groupes', 'emploi', 'inclus', 'page'], ['conge', 'supplementaires', 'page'], ['jours', 'feries', 'ponts', 'page'], ['party', 'souhaitent', 'réaffirmer', 'ici', 'volonté', 'inscrire', 'principe', 'équité', 'toutes', 'dimension', 'individuelles', 'collective', 'politique', 'sociale', 'safran', 'ceramic', 'travers', 'notamment', 'politique', 'recrutement', 'formation', 'mobilité', 'entretiens', 'individuels', 'développement', 'évolution', 'professionnelle', 'gestion', 'carrière', 'présent', 'chapitre', 'constitue', 'socle', 'dont', 'mise', 'œuvre', 'sein', 'safran', 'ceramic', 'articulera', 'cohérence', 'convention', 'collective', 'accord', 'négociés', 'niveau', 'groupe', 'safran', 'législation', 'vigueur'], ['classification'], ['méthodologie'], ['positionnement', 'salariés'], ['echelle', 'unique', 'classification'], ['niveau', 'connaissances', 'emploi', 'tenu'], ['evolution', 'carriere'], ['evolution', 'emploi', 'classement'], ['accès', 'qualité', 'spécialiste', 'métier', 'salarié', 'relevant', 'catégorie', 'professionnelle', 'non', 'cadre'], ['objectifs'], ['ca', 'particulier'], ['accès', 'classement', 'f11', 'accès', 'catégorie', 'professionnelle', 'cadre'], ['objectifs'], ['voie', 'diplômante'], ['voie', 'qualifiante'], ['entretien', 'individuel', 'professionnel', 'developpement', 'personnel'], ['entretien', 'individuel', 'appuie', 'outils', 'notamment', 'informatiques', 'processus', 'définis', 'niveau', 'groupe', 'safran'], ['formation', 'professionnelle'], ['fin', 'carriere'], ['decompte', 'anciennete', 'temp', 'absence'], ['duree', 'travail'], ['temp', 'travail', 'effectif'], ['heures', 'supplémentaires'], ['contingent', 'annuel', 'heures', 'supplémentaires'], ['rémunération', 'heures', 'supplémentaires'], ['remplacement', 'paiement', 'heures', 'supplémentaires', 'repos', 'repos', 'compensateur', 'remplacement'], ['convention', 'forfait', 'jours', 'année'], ['volume', 'annuel', 'jours', 'travail'], ['forfait', 'jours', 'réduit'], ['cadre', 'dirigeants', 'sans', 'référence', 'horaire'], ['amenagement', 'temp', 'travail']]"
T03022003746,"[['accord', 'collectif'], ['ensemble', 'thèmes', 'négociation', 'collective', 'annuelle', 'obligatoire'], ['champ', 'application'], ['objet'], ['salaires', 'effectifs'], ['salaire', 'base'], ['accessoire', 'salaire'], ['rémunération', 'journée', 'solidarité'], ['modalités', 'retenues'], ['salariés', 'nouvellement', 'embauchés'], ['incidence', 'matière', 'rémunération'], ['duree', 'effective', 'travail'], ['contingent', 'annuel', 'heures', 'supplementaires'], ['contenu', 'echanges-', 'formalisation'], ['modalites', 'application'], ['dépôt', 'publicité', 'accord']]"
T02521003369,"[['accord', 'entreprise', 'relatif', 'contingent', 'annuel', 'heures', 'supplementaires'], ['champ', 'application', 'territorial', 'professionnel'], ['activité', 'exercée', 'salariés', 'concernés', 'nécessairement', 'caractère', 'non', 'sédentaire'], ['contingent', 'annuel', 'heures', 'supplémentaires'], ['suivi', 'accord', 'clause', 'rendez'], ['durée', 'accord', 'entreprise', 'entrée', 'vigueur'], ['dépôt', 'accord', 'entreprise'], ['base', 'données', 'nationale', 'accord', 'collectifs']]"
A04418009637,"[['accord', 'collectif'], ['duree', 'amenagement', 'temp', 'travail'], ['sein', 'groupe', 'meac', 'sa'], ['chap', 'personnel', 'horaire', 'collectif'], ['distinction', 'entre', 'temp', 'travail', 'effectif', 'autres', 'temp'], ['temp', 'pause', 'repas'], ['temp', 'trajet'], ['durée', 'travail', 'limites', 'maximales', 'droit', 'repos'], ['aménagement', 'durée', 'travail'], ['période', 'référence', 'plafond', 'annuel', 'heures'], ['prévision', 'modification', 'suivi', 'horaires'], ['heures', 'supplémentaires'], ['décompte', 'heures', 'supplémentaires', 'contingent', 'annuel'], ['traitement', 'heures', 'supplémentaires'], ['régulation', 'heures', 'cours', 'année'], ['gestion', 'absence', 'incidence', 'plafond', 'annuel', 'heures'], ['droits', 'congés', 'payés'], ['horaire', 'annuel', 'ainsi', 'défini', 'article', 'vaut', 'droit', 'plein', 'congés', 'payés', 'jours', 'ouvrés'], ['absence', 'maladie', 'maternité', 'paternité'], ['temp', 'partiels'], ['modalités', 'spécifiques', 'organisation'], ['disposition', 'relative', 'organisation', 'travail', 'journée'], ['disposition', 'relative', 'organisation', 'travail', 'samedi'], ['disposition', 'relative', 'organisation', 'travail', 'nuit'], ['plage', 'horaire', 'travail', 'nuit'], ['délai', 'prévenance'], ['respect', 'temp', 'repos', 'entre', 'faction', 'travail'], ['compensation', 'spécifiques', 'travail', 'nuit'], ['heure', 'travail', 'réalisée', 'heures', 'décomptées'], ['travail', 'continu'], ['concrètement', 'entreprise', 'pourra', 'ainsi', 'avoir', 'recours', 'travail', 'dimanche', 'attribuer', 'repos', 'hebdomadaire', 'roulement'], ['recours', 'astreintes'], ['chap', 'personnel', 'forfait', 'jours'], ['salariés', 'visés', 'forfait', 'jours'], ['conformément', 'article', '3121-58', 'salariés', 'concernés', 'disposition', 'suivent'], ['caractéristique', 'forfait', 'jours'], ['attribution', 'compensation', 'rtt'], ['compensation', 'rtt'], ['droit', 'repos'], ['modalités', 'suivi', 'charge', 'travail', 'salariés', 'forfait', 'jours'], ['respect', 'droit', 'déconnexion'], ['objet', 'périmètre', 'application', 'accord'], ['durée', 'suivi', 'révision'], ['durée'], ['suivi'], ['révision'], ['dépôt', 'légal']]"
T08021002364,"[['accord', 'entreprise'], ['sein', 'societe', 'storee', 'retail', 'amiens'], ['section', 'disposition', 'generales'], ['durée', 'travail', 'hebdomadaire', 'légale'], ['définition', 'temp', 'travail', 'effectif'], ['durée', 'travail', 'maximale', 'quotidienne'], ['repos', 'quotidien', 'hebdomadaire'], ['journée', 'solidarité'], ['heures', 'supplémentaires'], ['définition'], ['majoration', 'heures', 'supplémentaires'], ['contrepartie', 'heures', 'supplémentaires'], ['contingent', 'heures', 'supplémentaires'], ['information', 'comptable', 'individuelle', 'heures', 'dépassant', 'contingent', 'fera', 'mensuellement'], ['temp', 'partiel'], ['définition', 'durée', 'minimale', 'travail'], ['heures', 'complémentaires'], ['passage', 'temp', 'complet'], ['section', 'forfait-jours', 'annee'], ['conclusion', 'convention', 'individuelles', 'forfait', 'annuel', 'jours'], ['période', 'référence', 'forfait'], ['nombre', 'jours', 'compris', 'forfait'], ['amplitude', 'maximale', 'journalière', 'heures'], ['attribution', 'nombre', 'jours', 'non', 'travaillés'], ['condition', 'prise', 'compte', 'absence'], ['condition', 'prise', 'compte', 'arrivées', 'départs', 'cours', 'période'], ['évaluation', 'suivi', 'régulier', 'charge', 'travail', 'salarié'], ['entretien', 'évaluation', 'adéquation', 'forfait-jours'], ['renonciation', 'salarié', 'partie', 'jours', 'repos'], ['section', 'iii', 'droit', 'deconnexion'], ['déconnexion', 'définitions'], ['sensibilisation', 'formation', 'déconnexion'], ['lutte', 'contre', 'surcharge', 'informationnelle'], ['interroger', 'pertinence', 'utilisation', 'messagerie', 'électronique', 'professionnelle', 'rapport', 'autres', 'outils', 'communication', 'disponibles'], ['lutte', 'contre', 'stress', 'lié', 'utilisation', 'outils', 'numériques'], ['privilégier', 'envoi', 'courriels', 'durant', 'temp', 'travail'], ['favoriser', 'envoi', 'différé', 'courriels', 'manager', 'cadre', 'dirigeants'], ['droit', 'déconnexion', 'dehors', 'temp', 'travail'], ['bilan', 'périodique', 'usage', 'outils', 'numériques'], ['section', 'duree', 'referendum', 'publicite'], ['validité', 'accord'], ['dépôt', 'publicité', 'accord']]"
T08524060614,"[['portant', 'derogation'], ['remuneration', 'heures', 'supplementaires'], ['portée', 'accord'], ['rappel', 'organisation', 'répartition', 'temp', 'travail', 'seuils', 'heures', 'supplémentaires', 'convention', 'collective', 'epnl'], ['aménagement', 'pluri-hebdomadaire', 'temp', 'travail', 'adapté', 'variation', 'activité'], ['mise', 'œuvre', 'régime', 'dérogatoire', 'repos', 'compensateur', 'remplacement'], ['dépôt', 'légal']]"
T09220016739,"[['accord', 'entreprise', 'relatif', 'accomplissement', 'heures', 'supplémentaires', 'contingent', 'heures', 'supplémentaires'], ['accomplissement', 'heures', 'supplémentaires'], ['contingent', 'annuel', 'heures', 'supplémentaires'], ['consultation', 'personnel'], ['suivi', 'révision', 'dénonciation', 'accord'], ['dépôt', 'publicité', 'accord']]"
T06421004813,"[['accord', 'collectif', 'relatif', 'mise', 'place', 'organisation', 'pluri-hebdomadaires', 'sein', 'etablissement', 'cimes', 'gaves', 'site', 'orthez', 'pdc'], ['durée', 'travail'], ['aménagement', 'temp', 'travail'], ['heures', 'supplémentaires'], ['définition'], ['rémunération'], ['embauche', 'rupture', 'contrat', 'travail', 'cours', 'période', 'référence'], ['salariés', 'temp', 'partiel'], ['commission', 'suivi', 'clause', 'rendez-vous'], ['publicité']]"
T59V22002013,"[['accord', 'collectif', 'entreprise', 'relatif', 'augmentation'], ['contingent', 'heures', 'supplementaires'], ['champ', 'application'], ['etablissement'], ['entree', 'vigueur', 'duree', 'accord'], ['contingent', 'annuel', 'heures', 'supplementaires'], ['fixation', 'contingent', 'heures', 'supplémentaires'], ['contreparties', 'heures', 'supplémentaires', 'effectuées', 'intérieur', 'contingent'], ['majoration', 'heures', 'supplémentaires'], ['remplacement', 'paiement', 'heures', 'supplémentaires', 'repos', 'compensateur', 'équivalent'], ['absence', 'demande', 'prise', 'repos', 'salarié', 'délai', 'mois', 'peut', 'entraîner', 'perte', 'droit', 'repos'], ['depassement', 'contingent', 'annuel', 'heures', 'supplementaires'], ['condition', 'accomplissement', 'heures', 'supplémentaires', 'dépassement', 'contingent', 'annuel', 'heures', 'supplémentaires'], ['contrepartie', 'obligatoire', 'repos'], ['consultation', 'comité', 'social', 'économique'], ['publicite', 'depot', 'accord']]"
T06922022864,"[['accord', 'entreprise', 'relatif'], ['contingent', 'heures', 'supplémentaires'], ['objet'], ['accomplissement', 'heures', 'supplémentaires'], ['contingent', 'annuel', 'heures', 'supplémentaires'], ['consultation', 'personnel'], ['durée', 'suivi', 'révision', 'dénonciation', 'accord'], ['dépôt', 'publicité', 'accord']]"
T08519002523,"[['accord', 'organisation', 'amenagement', 'temp', 'travail'], ['champ', 'application'], ['periode', 'reference'], ['principe', 'relatifs', 'organisation', 'duree', 'travail'], ['repos', 'minimum'], ['repos', 'quotidien'], ['repos', 'hebdomadaire'], ['temp', 'pause', 'restauration'], ['amplitude', 'horaires', 'travail', 'comprend', 'temp', 'pause', 'lesquels', 'définis', 'comme', 'suit'], ['durees', 'maximales', 'travail'], ['durée', 'maximale', 'quotidienne'], ['durée', 'maximale', 'hebdomadaire'], ['modalites', 'amenagement', 'temp', 'travail'], ['amenagement', 'temp', 'travail', 'annee', 'temp', 'complet'], ['notion', 'aménagement', 'temp', 'travail', 'année'], ['durée', 'annuelle', 'travail'], ['programmation', 'annuelle', 'indicative'], ['attribution', 'jours', 'repos', 'dit', 'artt'], ['obtenir', 'accord', 'préalable', 'manager', 'tenant', 'compte', 'notamment', 'impératifs', 'production'], ['condition', 'délais', 'prévenance', 'changements', 'durée', 'horaires', 'travail'], ['lissage', 'rémunération'], ['heures', 'supplémentaires'], ['constituent', 'heures', 'supplémentaires'], ['contingent', 'heures', 'supplémentaires'], ['régime', 'heures', 'supplémentaires', 'effectuées', 'au-delà', 'contingent', 'heures', 'supplémentaires'], ['décompte', 'temp', 'travail'], ['amenagement', 'temp', 'travail', 'annee', 'disposition', 'specifiques', 'temp', 'partiel'], ['possibilité', 'aménagement', 'temp', 'travail', 'année'], ['modalités', 'communication', 'modification', 'répartition', 'durée', 'horaires', 'travail'], ['décompte', 'temp', 'travail'], ['heures', 'complémentaires'], ['lissage', 'rémunération'], ['garanties'], ['amenagement', 'temp', 'travail', 'specifique', 'salary', 'soumis', 'forfait'], ['convention', 'forfait', 'heures', 'année'], ['notion', 'convention', 'forfait', 'heures', 'année'], ['condition', 'mise', 'place'], ['rémunération'], ['nombre', 'heures', 'compris', 'forfait'], ['décompte', 'temp', 'travail'], ['garanties'], ['convention', 'forfait', 'jours', 'année'], ['notion', 'convention', 'forfait', 'jours', 'année'], ['condition', 'mise', 'place'], ['rémunération'], ['nombre', 'jours', 'compris', 'forfait']]"
T04521004084,"[['accord', 'entreprise'], ['relatif', 'duree', 'travail'], ['champ', 'application'], ['organisation', 'temp', 'travail'], ['modalités', 'organisation', 'travail', 'entreprise'], ['temp', 'chargement', 'déchargement', 'préparation', 'chantier'], ['temp', 'déplacements', 'rendre', 'chantiers'], ['situation', 'chauffeur', 'poids', 'lourd', 'engin', 'tracteurs'], ['temp', 'pause'], ['journée', 'continue'], ['journée', 'pont'], ['gestion', 'temp', 'travail'], ['modalités', 'organisation', 'temp', 'travail'], ['heures', 'supplémentaires'], ['modalités', 'enregistrement', 'temp', 'travail'], ['disposition', 'finale'], ['modalités', 'conclusion', 'présent', 'accord'], ['dépôt', 'publicité', 'accord']]"
A00118003054,[]
T01322014512,"[['accord', 'entreprise'], ['selas', 'cabinet', 'richard', 'setp'], ['durée', 'maximale', 'quotidienne'], ['décompte', 'heures', 'supplémentaires'], ['repos', 'compensateur', 'remplacement', 'rcr'], ['principe'], ['droit', 'contrepartie'], ['ouverture', 'droit'], ['information', 'salarié'], ['modalités', 'prise', 'repos'], ['durée', 'repos'], ['délai', 'prise', 'repos'], ['absence', 'demande', 'salarié'], ['absence', 'demande', 'prise', 'rcr', 'salarié', 'entraîne', 'perte', 'droit', 'repos'], ['report', 'rcr'], ['régime', 'repos'], ['versement', 'indemnité', 'espèce'], ['fin', 'contrat', 'travail'], ['décès', 'salarié'], ['augmentation', 'contingent', 'annuel'], ['conformément', 'article', 'l.3133-3-1', 'code', 'travail'], ['définition', 'jours', 'fériés', 'chômés'], ['nombre', 'jours', 'fériés', 'chômés'], ['définition', 'jours', 'fériés', 'chômés'], ['rémunération', 'jours', 'fériés'], ['jours', 'fériés', 'chômés', 'hors', '1er', 'mai'], ['jours', 'fériés', 'travaillés', 'hors', '1er', 'mai'], ['fractionnement', 'congés', 'congés', 'supplémentaires'], ['définition'], ['bénéficiaires'], ['ancienneté', 'apprécie', 'rapport', 'contrat', 'travail', 'cours'], ['ouverture', 'modalité', 'gestion', 'compte', 'épargne', 'temp'], ['alimentation', 'compte', 'épargne', 'temp'], ['modalités', 'alimentation', 'compte', 'épargne', 'temp'], ['modalités', 'condition', 'utilisation', 'compte', 'épargne', 'temp'], ['utilisation', 'cet', 'financer', 'congé', 'sans', 'rémunération'], ['possibilité', 'utilisation', 'sou', 'forme', 'monétaire'], ['utilisation', 'compléter', 'rémunération'], ['contribution', 'financement', 'prestations', 'retraite'], ['rachat', 'cotisations', 'assurance', 'vieillesse'], ['modalités', 'décompte', 'conversion', 'valorisation'], ['unité', 'conversion', 'valorisation', 'droits', 'épargnés'], ['ca', 'liquidation', 'monétaire'], ['statut', 'salarié', 'pendant', 'prise', 'jours', 'cet'], ['rémunération'], ['obligation'], ['retour', 'salarié', 'pendant', 'période', 'congés', 'cet'], ['retour', 'salarié', 'après', 'période', 'congés', 'cet'], ['cessation', 'compte']]"
T05722005845,"[['accord', 'collectif'], ['relatif', 'modalités', 'organisation', 'journée', 'solidarité'], ['article', 'l.3133-7', 'code', 'travail', 'prévoit', 'journée', 'solidarité', 'instituée', 'vue', 'assurer', 'financement', 'action', 'faveur', 'autonomie', 'personnes', 'âgées', 'handicapées', 'prendra', 'forme'], ['modalités', 'fixation', 'journée', 'solidarité'], ['personnel', 'vente', 'entrepôt'], ['personnel', 'administration'], ['ca', 'salariés', 'déjà', 'effectué', 'journée', 'solidarité'], ['rémunération'], ['absence', 'rémunération'], ['contingent', 'annuel', 'heures', 'supplémentaires', 'limite', 'heures', 'complémentaires'], ['absence'], ['communication', 'accord'], ['dépôt', 'accord'], ['publication', 'accord']]"
T02822002568,"[['accord', 'relatif', 'amenagement', 'organisation'], ['temp', 'travail', 'annee', '2022'], ['art', '1-2', 'flexibilite'], ['heures', 'supplémentaires'], ['art', '1-3', 'horaires', 'travail'], ['art', '1-7', 'equipe', 'suppleance'], ['art', '1-8', 'astreinte'], ['art', '1-9', 'validite', 'accord', 'depot', 'revision']]"
T04222006302,"[[], ['objet'], ['activité', 'société', 'impose', 'organisation', 'travail', 'souple', 'adaptable', 'permettant', 'faire', 'face', 'demande', 'client'], ['définitions', 'heures', 'supplémentaires'], ['accomplissement', 'heures', 'supplémentaires'], ['contingent', 'annuel', 'heures', 'supplémentaires'], ['contreparties', 'repos'], ['situation', 'famille'], ['ancienneté', 'entreprise'], ['consultation', 'personnel']]"
T04520002215,"[['accord', 'mesures', 'exceptionnelles', 'prises', 'sein', 'ues', 'chaine', 'grain', 'equipes', 'groupe', 'cadre', 'epidemie', 'covid19'], ['périmètre', 'accord'], ['organisation', 'temp', 'travail', 'période', 'crise', 'sanitaire'], ['mise', 'disposition', 'sein', 'groupe', 'axereal'], ['périmètre', 'accord'], ['organisation', 'temp', 'travail', 'période', 'crise', 'sanitaire'], ['aménagement', 'durée', 'travail'], ['durée', 'hebdomadaire', 'travail'], ['paiement', 'heures', 'supplémentaires', 'salariés', 'horaires', '1607', 'heures'], ['salariés', 'forfait', 'jours'], ['aménagement', 'horaires', 'travail'], ['fixation', 'congés', 'payés', 'jours', 'repos', 'supplémentaires', 'jours', 'disponibles', 'compte', 'epargne', 'temp', 'heures', 'récupération'], ['modalités', 'fixation', 'jours', 'congés', 'payés', 'jr', 'jours', 'disponibles', 'cet', 'heures', 'récupération', 'rec', 'repq'], ['echéances', 'positionnement', 'soldes', 'congés', 'payés', 'jr', 'heures', 'récupération', 'report', 'éventuels'], ['congés', 'positionnés', 'avant', 'crise', 'sanitaire'], ['accord', 'don', 'jours'], ['mise', 'disposition', 'sein', 'groupe', 'axereal'], ['mise', 'disposition', 'base', 'volontariat'], ['mobilité', 'salariés', 'selon', 'disposition', 'contractuelles'], ['mise', 'place', 'formation', 'distance'], ['mesures', 'accompagnement', 'période', 'crise', 'sanitaire'], ['maintien', 'équilibre', 'vie', 'professionnelle', 'vie', 'personnelle', 'salariés', 'situation', 'télétravail'], ['souplesse', 'aménagement', 'horaires', 'travail'], ['droit', 'déconnexion'], ['activité', 'partielle', 'période', 'crise', 'sanitaire'], ['communication', 'salariés', 'période', 'crise', 'sanitaire'], ['intranet', 'home', 'mail'], ['réunions', 'instance', 'représentatives', 'personnel', 'irp'], ['suivi', 'accord', 'mesures', 'mises', 'œuvre'], ['entrée', 'vigueur', 'accord'], ['révision'], ['dénonciation']]"
T07421004101,"[['accord', 'collectif', 'entreprise', 'relatif', 'durée', 'travail'], ['objectif', 'présent', 'accord'], ['champ', 'application'], ['definition'], ['temp', 'travail', 'effectif'], ['durée', 'travail'], ['heures', 'supplémentaires'], ['contingent', 'annuel', 'heures', 'supplementaires'], ['contreparties', 'heures', 'supplementaires'], ['article', 'l.3121-22', 'code', 'travail', 'fixe', 'taux', 'majoration', 'horaire'], ['contrepartie', 'heures', 'supplémentaires', 'au-delà', 'contingent', 'annuel'], ['durees', 'maximales', 'travail', 'limites', 'absolues'], ['durée', 'maximale', 'hebdomadaire'], ['consultation', 'personnel'], ['duree'], ['suivi', 'revision', 'denonciation', 'accord'], ['révision'], ['dénonciation'], ['dépôt'], ['depot', 'publicite', 'accord']]"
T07520026169,"[['art', '1.2', 'temp', 'repos'], ['art', '1.3', 'lissage', 'rémunération'], ['art', '1.4', 'jours', 'fêtes', 'légales'], ['art', '1.5', 'congés', 'payés'], ['art', '1.6', 'journée', 'solidarité'], ['art', '1.7', 'droit', 'déconnexion'], ['salary', 'soumis', 'horaire', 'collectif'], ['art', '2.1', 'personnel', 'concerné'], ['art', '2.3', 'temp', 'pause'], ['art', '2.4', 'affichage', 'horaire', 'collectif'], ['art', '2.5', 'durée', 'annuelle', 'travail', 'référence'], ['art', '2.6', 'rythme', 'travail', 'hebdomadaire'], ['art', '2.8', 'impact', 'absence', 'arrivées', 'départs', 'cours', 'période', 'référence'], ['art', '2.9', 'heures', 'supplémentaires'], ['art', '3.1', 'personnel', 'concerné'], ['art', '3.3', 'période', 'référence'], ['art', '3.4', 'nombre', 'jours', 'travaillés'], ['art', '3.5', 'modalités', 'acquisition', 'prise', 'jours', 'repos'], ['art', '3.6', 'modalités', 'suivi', 'temp', 'travail'], ['art', '3.7', 'absence'], ['art', '3.8', 'embauche', 'départ', 'cours', 'période', 'référence'], ['art', '3.10', 'dispositif', 'alerte'], ['art', '3.11', 'forfait', 'annuel', 'jours', 'réduit'], ['art', '4.1', 'principe', 'don', 'jours', 'repos', 'non', 'pris'], ['art', '5.1', 'définitions'], ['art', '5.2', 'personnel', 'concerné'], ['art', '5.3', 'organisation', 'astreintes'], ['art', '5.4', 'temp', 'repos'], ['art', '5.6', 'moyens', 'contreparties'], ['disposition', 'commune'], ['art', '1.1', 'champ', 'application', 'personnel', 'concerné'], ['art', '1.2', 'temp', 'repos'], ['art', '1.3', 'lissage', 'rémunération'], ['art', '1.4', 'jours', 'fêtes', 'légales'], ['art', '1.5', 'congés', 'payés'], ['art', '1.6', 'journée', 'solidarité'], ['art', '1.7', 'droit', 'déconnexion'], ['salary', 'soumis', 'horaire', 'collectif'], ['art', '2.1', 'personnel', 'concerné'], ['art', '2.2', 'durées', 'maximales', 'travail'], ['art', '2.3', 'temp', 'pause'], ['art', '2.4', 'affichage', 'horaire', 'collectif'], ['art', '2.5', 'durée', 'annuelle', 'travail', 'référence'], ['art', '2.6', 'rythme', 'travail', 'hebdomadaire'], ['art', '2.7', 'modalités', 'acquisition', 'prise', 'jours', 'réduction', 'temp', 'travail', 'jrtt'], ['art', '2.8', 'impact', 'absence', 'arrivées', 'départs', 'cours', 'période', 'référence'], ['art', '2.9', 'heures', 'supplémentaires'], ['salariés', 'soumis', 'forfait', 'annuel', 'jours', 'travailles'], ['art', '3.1', 'personnel', 'concerné'], ['art', '3.3', 'période', 'référence'], ['art', '3.4', 'nombre', 'jours', 'travaillés'], ['art', '3.5', 'modalités', 'acquisition', 'prise', 'jours', 'repos'], ['art', '3.6', 'modalités', 'suivi', 'temp', 'travail'], ['art', '3.7', 'absence'], ['art', '3.8', 'embauche', 'départ', 'cours', 'période', 'référence'], ['art', '3.9', 'entretiens', 'suivi'], ['art', '3.10', 'dispositif', 'alerte'], ['art', '3.11', 'forfait', 'annuel', 'jours', 'réduit'], ['don', 'jours', 'repos'], ['art', '4.1', 'principe', 'don', 'jours', 'repos', 'non', 'pris'], ['art', '4.2', 'jours', 'repos', 'cessibles'], ['art', '4.3', 'procédure', 'recueil', 'don'], ['art', '4.4', 'utilisation', 'don'], ['salariés', 'soumis', 'régime', 'astreintes'], ['art', '5.1', 'définitions'], ['art', '5.2', 'personnel', 'concerné'], ['art', '5.3', 'organisation', 'astreintes'], ['art', '5.4', 'temp', 'repos'], ['art', '5.5', 'affectation', 'astreintes'], ['art', '5.6', 'moyens', 'contreparties'], ['salariés', 'travaillant', 'temp', 'partiel', 'forfait', 'reduit'], ['art', '6.1', 'disposition', 'commune'], ['procédure', 'passage', 'temp', 'partiel'], ['employeur', 'justifie', 'absence', 'emploi', 'disponible', 'relevant', 'catégorie', 'professionnelle', 'salarié', 'absence', 'emploi', 'équivalent'], ['art', '6.2', 'salariés', 'soumis', 'horaire', 'collectif'], ['jours', 'rtt'], ['art', '6.3', 'salariés', 'soumis', 'forfait', 'annuel', 'nombre', 'jours', 'réduit'], ['duree', 'date', 'entree', 'vigueur', 'accord'], ['notification', 'publicite', 'depot']]"
T02722003399,"[['accord', 'entreprise', 'relatif', 'amenagement', 'temp', 'travail'], ['udaf', 'eure'], ['dispositif', 'amenagement', 'temp', 'travail', 'salariés'], ['contingent', 'heures', 'supplémentaires', 'contrepartie', 'obligatoire', 'repos', 'cor'], ['disposition', 'specifiques', 'salary', 'travaillant', 'temp', 'partiel'], ['modalités', 'communication', 'modification', 'répartition', 'durée', 'horaires', 'travail', 'temp', 'partiels'], ['jours', 'conge', 'supplementaires'], ['disposition', 'finale'], ['clause', 'liminaires'], ['objet', 'accord'], ['modalités', 'amenagement', 'temp', 'travail'], ['disposition', 'générales', 'définitions'], ['continuité', 'service'], ['journée', 'travail'], ['temp', 'travail', 'effectif'], ['durée', 'hebdomadaire', 'travail'], ['durée', 'quotidienne', 'travail'], ['organisation', 'travail', 'semaine'], ['déroulement'], ['fixation', 'changement', 'jour', 'non', 'travaillé'], ['fixation', 'journée', 'non', 'travaillée'], ['durant', 'période', 'transitoire'], ['horaires', 'fix', 'mobile'], ['udaf', 'eure', 'aménage', 'horaire', 'collectif', 'travail', 'instituant', 'association', 'horaires', 'fix', 'mobile'], ['organisation', 'journée', 'travail', 'doit', 'respecter', 'limites', 'temp', 'travail', 'suivantes'], ['repos', 'quotidien'], ['repos', 'hebdomadaire'], ['pause'], ['pause', 'repas'], ['dispositif', 'amenagement', 'temp', 'travail', 'salariés'], ['organisation', 'temp', 'travail'], ['organisation', 'travail', 'durée', 'semaines'], ['lissage', 'rémunération'], ['incidence', 'absence', 'arrivées', 'et/ou', 'départs', 'cours', 'période', 'référence', 'semaines'], ['absence', 'cours', 'période'], ['entrées', 'sortie', 'cours', 'période'], ['compte', 'individuel', 'heures'], ['suivi', 'contrôle', 'temp', 'travail'], ['régularisation', 'fin', 'période'], ['aucune', 'régularisation'], ['régularisation', 'positive'], ['régularisation', 'négative'], ['heures', 'supplémentaires'], ['définition'], ['majoration'], ['repos', 'compensateur', 'remplacement'], ['contingent', 'heures', 'supplémentaires', 'contrepartie', 'obligatoire', 'repos', 'cor'], ['disposition', 'specifiques', 'salary', 'travaillant', 'temp', 'partiel']]"
A20A18000480,"[['protocole', 'accord'], ['négociation', 'annuelle', 'obligatoire', '2017'], ['spac'], ['maintien', 'répartition', 'actuelle', 'mutuelle', 'employeur', 'salarié'], ['snpl'], ['maintien', 'répartition', 'actuelle', 'mutuelle', 'employeur', 'salarié'], ['mutuelle'], ['payement', 'heures', 'récupérations'], ['ticket', 'restaurant'], ['revalorisation', 'salaires', 'pnc'], ['revalorisation', 'prime', 'transport', 'indemnité', 'servitude'], ['prise', 'compte', 'absence', 'enfants', 'malades', 'pnc'], ['champ', 'application', 'accord'], ['répartition', 'cotisation', 'mutuelle', 'entre', 'salarié', 'entreprise'], ['payement', 'heures', 'récupérations'], ['augmentation', 'valeur', 'faciale', 'titre', 'restaurant'], ['valeur', 'ticket', '…….€'], ['revalorisation', 'salaire', 'base', 'pnc'], ['prime', 'transport/indemnité', 'servitude'], ['prise', 'compte', 'absence', 'enfants', 'malades', 'pnc']]"
T02819001189,"[['accord', 'entreprise', 'relatif', 'temp', 'trajet', 'contingent', 'annuel', 'heures', 'supplementaires'], ['champ', 'application', 'territorial', 'professionnel'], ['organisation', 'indemnisation', 'temp', 'trajet'], ['contingent', 'annuel', 'heures', 'supplémentaires'], ['suivi', 'accord', 'clause', 'rendez'], ['durée', 'accord', 'entreprise', 'entrée', 'vigueur'], ['dépôt', 'accord', 'entreprise'], ['base', 'données', 'nationale', 'accord', 'collectifs']]"
T07523054289,"[['accord', 'entreprise', 'temp', 'travail', 'congés', 'paye'], ['societe', 'ftl', 'express'], ['objet', 'champ', 'application'], ['duree', 'travail'], ['durée', 'travail', 'temp', 'plein'], ['durée', 'travail', 'temp', 'partiel'], ['durée', 'travail', 'temp', 'partiel'], ['rémunération', 'équivalente'], ['heures', 'supplementaires'], ['contingent', 'annuel', 'heures', 'supplémentaires'], ['majorations', 'heures', 'supplémentaires'], ['repos', 'compensateur', 'remplacement', 'rcr'], ['définition', 'conformément', 'article', '3121-33', 'code', 'travail', 'paiement', 'heures', 'supplémentaires', 'leurs', 'majorations', 'peuvent', 'être', 'remplacées', 'totalité', 'repos', 'compensateur', 'équivalent'], ['absence', 'prise', 'jours', 'repos', 'salarié', 'peut', 'entraîner', 'perte', 'droit', 'ca', 'salarié', 'tenu', 'prendre', 'effectivement', 'jours', 'repos', 'délai', 'maximum', 'passé', 'délai', 'jours', 'repos', 'non', 'pris', 'versés', 'sou', 'forme', 'indemnité', 'financière'], ['contrepartie', 'obligatoire', 'repos', 'cor'], ['conge', 'paye'], ['modalités', 'calcul', 'jours', 'congés', 'payés'], ['période', 'ordre', 'départ', 'congés', 'payés'], ['période', 'prise', 'congés', 'payés'], ['ordre', 'départ', 'congés', 'payés'], ['modalités', 'demande', 'jours', 'congés', 'payés'], ['solde', 'compteur', 'congés', 'payés'], ['disposition', 'finale'], ['révision'], ['dénonciation']]"
T08522006616,"[['augmentation', 'contingent', 'heures', 'supplémentaires', 'ca', 'modulation'], ['durée'], ['dépôt']]"
T06322005142,[]
T06823007629,"[['accord', 'entreprise'], ['temp', 'travail'], ['objet'], ['principe', 'aménagement', 'temp', 'travail'], ['amplitude', 'aménagement', 'temp', 'travail', 'année'], ['règles', 'répartition', 'horaires'], ['programmation', 'horaires'], ['entrée', 'sortie', 'cours', 'année'], ['lissage', 'rémunération'], ['traitement', 'absence'], ['absence', 'rémunérées'], ['absence', 'non', 'rémunérées'], ['traitement', 'heures', 'complémentaires', 'supplémentaires'], ['règles', 'spécifiques', 'salariés', 'temp', 'partiels'], ['suivi', 'temp', 'travail'], ['contingent', 'heures', 'supplémentaires'], ['entrée', 'vigueur', 'durée', 'avenant'], ['suivi', 'révision', 'dénonciation', 'accord'], ['dépôt', 'publicité', 'accord']]"
T01420003760,"[['accord', 'duree', 'amenagement'], ['temp', 'travail'], ['eiffage', 'energie', 'systemes', 'basse', 'normandie'], ['champ', 'application'], ['cadre', 'juridique'], ['principe', 'amenagement', 'temp', 'travail'], ['durée', 'travail'], ['répartition', 'temp', 'travail'], ['définition', 'heures', 'supplémentaires'], ['enregistrement', 'temp', 'travail'], ['modalites', 'organisation', 'temp', 'travail'], ['personnel', 'hors', 'forfaits', 'jours'], ['modulation'], ['lissage', 'rémunération'], ['temp', 'partiels'], ['fractionnement'], ['etam', 'iac', 'forfaits', 'jours'], ['disposition', 'generales'], ['clause', 'rencontre']]"
T01720002010,"[['proces-verbal'], ['sarl', 'chevalier']]"
T07119001090,"[['accord', 'entreprise', 'relatif', 'organisation', 'temp', 'travail', 'agent', 'maîtrise', 'sein', 'societe', 'saugeraies', 'distribution'], ['objet', 'cadre', 'juridique'], ['organisation', 'temp', 'travail'], ['contingent', 'annuel', 'heures', 'supplémentaires'], ['durée', 'date', 'entrée', 'vigueur', 'accord'], ['notification', 'accord'], ['dénonciation'], ['interprétation', 'accord', 'règlement', 'différends'], ['rendez-vous'], ['formalités', 'dépôt']]"
T01923001727,"[['spl', 'brive', 'tourisme', 'agglomeration'], ['accord', 'entreprise'], ['amenagement', 'temp', 'travail', 'travail', 'nuit'], ['duree', 'maximale', 'travail', 'temp', 'repos'], ['durées', 'maximales', 'travail'], ['durée', 'repos', 'hebdomadaire'], ['annualisation', 'temp', 'travail'], ['principe', 'variation', 'horaires', 'durée', 'travail'], ['programmation', 'prévisionnelle'], ['planning', 'individuels'], ['modification', 'horaire', 'durée', 'travail'], ['condition', 'modification', 'horaire', 'durée', 'travail'], ['délais', 'prévenance'], ['salariés', 'temp', 'partiel'], ['durée', 'maximale', 'travail', 'temp', 'repos'], ['définition', 'semaine', 'travail'], ['heures', 'supplémentaires', 'salarié', 'temp', 'complet'], ['effet', 'absence', 'décompte', 'heures', 'supplémentaires'], ['contingent', 'annuel', 'heures', 'supplémentaires'], ['contreparties', 'heures', 'supplémentaires'], ['contrepartie', 'obligatoire', 'repos'], ['heures', 'complémentaires', 'salariés', 'temp', 'partiel'], ['définition', 'heures', 'complémentaires'], ['rémunération', 'heures', 'complémentaires'], ['coupures', 'salariés', 'temp', 'partiel'], ['garanties', 'accordées', 'salariés', 'temp', 'partiel'], ['majorations', 'travail', 'nuit', 'dimanche', 'jours', 'fériés'], ['modalités', 'rémunération'], ['prise', 'compte', 'absence'], ['embauche', 'rupture', 'contrat', 'cours', 'période'], ['travail', 'nuit'], ['justification', 'recours', 'travail', 'nuit'], ['définition', 'période', 'travail', 'nuit'], ['contreparties'], ['temp', 'pause'], ['mention', 'bulletin', 'salaire'], ['mesures', 'destinées', 'améliorer', 'condition', 'travail'], ['employeur', 'prend', 'toutes', 'mesures', 'nécessaires', 'visant', 'améliorer', 'condition', 'travail', 'salarié', 'travaillant', 'nuit', 'garantir', 'sécurité'], ['mesures', 'destinées', 'assurer', 'égalité', 'professionnelle', 'entre', 'hommes', 'femmes'], ['travail', 'dimanche'], ['disposition', 'finale'], ['clause', 'rendez-vous'], ['transmission', 'accord', 'commission', 'paritaire', 'permanente', 'négociation', 'interprétation', 'branche'], ['proces', 'verbal', 'election', 'cse']]"
T04221004858,"[['accord'], ['resultant', 'n.a.o', '2021'], ['enveloppes', 'augmentation', 'generale', 'augmentation', 'individuelle', '2021'], ['abondement', 'pee/perco', '2021'], ['prime', 'exceptionnelle', 'forfaitaire', '330', '2021'], ['prime', 'exceptionnelle', 'heures', 'supplementaires', '2021'], ['autorisation', 'absence', 'remuneree', 'enfant', 'hospitalise'], ['date', 'effet'], ['duree', 'accord'], ['rendez-vous'], ['denonciation'], ['formalites']]"
T07621005345,"[['demandes', 'syndicales', 'reçues'], ['rappel', 'thèmes', 'aborder'], ['articulation', 'entre', 'vie', 'personnelle', 'vie', 'professionnelle'], ['insertion', 'professionnelle', 'maintien', 'emploi', 'travailleurs', 'handicapés'], ['rappel', 'avantages', 'supra-légaux'], ['titre', 'sénalia'], ['titre', 'convention', 'collective'], ['resumé', 'negociations'], ['salaires', 'effectifs'], ['grille', 'salaires'], ['augmentation', 'individuelles'], ['durée', 'effective', 'organisation', 'travail'], ['accord', 'période', 'congés', 'modulation', 'signé', 'juin', '2020'], ['direction', 'propose'], ['rappel', 'accord', '1999'], ['bloc', 'n°2', 'egalité', 'professionnelle', 'entre', 'femmes', 'hommes', 'qualité', 'vie', 'travail'], ['domaine', 'renforcer', 'égalité', 'traitement', 'matière', 'promotion', 'professionnelle'], ['domaine', 'favoriser', 'équilibre', 'entre', 'vie', 'professionnelle', 'vie', 'familiale'], ['insertion', 'professionnelle', 'maintien', 'emploi', 'travailleurs', 'handicapés'], ['régime', 'prévoyance'], ['mutuelle'], ['rappel', 'évolution', 'cotisation'], ['droit', 'déconnexion'], ['accord', 'nao', '2020'], ['i.1', 'salaires', 'effectifs'], ['i.1.2', 'suivi', 'mesures', 'supprimant', 'écarts', 'rémunération', 'différences', 'carrière', 'coefficient', 'entre', 'femmes', 'hommes'], ['i.1.3', 'augmentation', 'individuelles'], ['i.1.4', 'prime', 'individuelle'], ['i.2', 'durée', 'effective', 'organisation', 'travail'], ['i.3', 'intéressement', 'participation', 'épargne', 'salariale'], ['ii.1', 'égalité', 'professionnelle', 'entre', 'hommes', 'femmes'], ['ii.2', 'insertion', 'professionnelle', 'maintien', 'emploi', 'travailleurs', 'handicapés'], ['ii.3', 'prévoyance', 'maladie'], ['ii.4', 'droit', 'expression', 'salariés'], ['ii.5', 'droit', 'déconnexion']]"
T07522038355,"[['accord', 'collectif', 'relatif', 'organisation', 'amenagement'], [], ['disposition', 'generales'], ['champ', 'application'], ['notion', 'temp', 'travail', 'effectif'], [], ['durees', 'maximales', 'travail'], ['durée', 'quotidienne', 'maximale'], ['durée', 'hebdomadaire', 'maximale'], ['repos', 'quotidien', 'hebdomadaire'], ['repos', 'quotidien'], ['repos', 'hebdomadaire'], ['temp', 'repas', 'pause'], [], ['temp', 'trajet', 'deplacement'], ['travail', 'samedi', 'jours', 'feries'], ['travail', 'exceptionnel', 'samedi'], [], ['jours', 'fériés'], ['travail', 'nuit'], [], [], ['temp', 'pause'], ['passage', 'travail', 'jour'], ['articulation', 'entre', 'activité', 'professionnelle', 'nocturne', 'salarié', 'vie', 'personnelle'], ['exercice', 'salarié', 'responsabilités', 'familiales', 'sociales'], [], ['egalité', 'professionnelle'], ['travail', 'exceptionnel', 'nuit'], ['controle', 'suivi', 'temp', 'travail'], ['conge', 'paye'], ['modalites', 'amenagement', 'temp', 'travail'], ['travail', 'temp', 'partiel'], ['définition', 'travail', 'temp', 'partiel'], ['heures', 'complémentaires'], ['forfait', 'annuel', 'jours'], ['nombre', 'gestion', 'jours', 'repos'], ['prise', 'jours', 'repos'], ['absence', 'entrées', 'sortie', 'cours', 'période'], ['droit', 'déconnexion'], ['modalités', 'évaluation', 'suivi', 'régulier', 'charge', 'travail', 'salariés'], [], ['disposition', 'finale'], ['duree', 'entree', 'vigueur', 'accord'], ['modalites', 'suivi', 'accord'], ['revision'], ['denonciation'], ['depot']]"
T01320009560,"[['accord', 'novembre', '2020'], ['relatif', 'fixation', 'contingent', 'conventionnel'], ['heures', 'supplémentaires', 'sein', 'société', 'quincaillerie', 'aixoise'], ['notion', 'temp', 'travail', 'effectif'], ['durée', 'maximale', 'travail'], ['heures', 'supplémentaires'], ['définition'], ['décompte'], ['contingent', 'conventionnel', 'entreprise'], ['rémunération'], ['prise', 'différents', 'repos'], ['disposition', 'finale'], ['dénonciation', 'modification'], ['dépôt'], ['accord', 'déposé', 'sou', 'forme', 'dématérialisée', 'site', 'dédié', 'www.teleaccords.travail-emploi.gouv.fr']]"
T08623002993,"[['avenant', 'accord', 'entreprise'], ['relatif', 'amenagement', 'temp', 'travail'], ['disposition', 'generales'], ['cadre', 'juridique'], ['duree', 'travail'], ['durée', 'moyenne', 'travail'], ['durée', 'annuelle'], ['limites', 'durée', 'travail'], ['amenagement', 'temp', 'travail'], ['répartition', 'cadre', 'hebdomadaire'], ['répartition', 'cadre', 'annuel'], ['durée', 'période', 'travail'], ['durée', 'moyenne', 'travail'], ['annualisation', 'période', 'cours', 'clôturée'], ['programmation', 'durée', 'travail', 'période', 'annuelle'], ['etablissements', 'personnel', 'concernés'], ['durée', 'moyenne', 'travail'], ['annualisation', 'période', 'cours', 'clôturée'], ['rémunération', 'gestion', 'temp'], ['heures', 'supplémentaires'], ['seuil', 'déclenchement', 'heures', 'supplémentaires'], ['compensation'], ['délai', 'prévenance'], ['temp', 'habillage/déshabillage'], ['incidence', 'départs', 'arrivées', 'cours', 'année'], ['droits', 'conge'], ['modalités', 'demandes', 'congés'], ['congés', 'enfant'], ['congés', 'enfant', 'malade'], ['enfant', 'moins', 'trois', 'an'], ['congés', 'naissance', 'adoption'], ['congés', 'ancienneté'], ['report', 'congés', 'période', 'suivante'], ['congés', 'payés'], ['congés', 'trimestriels', 'nouveaux', 'salariés', 'pôle', 'éducation'], ['fermeture', 'pôle', 'éducation', 'nouveaux', 'salariés'], ['salary', 'temp', 'partiel'], ['organisation', 'annuelle', 'temp', 'travail'], ['variation', 'durée', 'hebdomadaire', 'travail'], ['contrat', 'travail'], ['condition', 'délais', 'prévenance', 'changements', 'horaires'], ['lissage', 'rémunération'], ['absence'], ['heures', 'complémentaires'], ['période', 'minimale', 'activité', 'interruption'], ['egalité', 'traitement'], ['date', 'effet'], ['duree', 'revision', 'denonciation'], ['depot']]"
T06720005763,"[['accord', 'entreprise', 'relatif', 'amenagement', 'temp', 'travail'], ['cadre', 'juridique'], ['temp', 'travail', 'effectif'], ['temp', 'travail', 'maximal'], ['repos', 'quotidien', 'hebdomadaire'], ['heures', 'supplémentaires'], ['journée', 'solidarité'], ['modalite', 'convention', 'forfait', 'annuel', 'heures', 'jours', 'repos'], ['période', 'référence'], ['modalité', 'aménagement', 'temp', 'travail'], ['jours', 'réduction', 'temp', 'travail', 'jrtt'], ['modalité', 'acquisition', 'pose', 'jrtt', 'impact', 'absence'], ['rémunération'], ['impact', 'absence', 'rémunération'], ['heures', 'supplémentaires'], ['temp', 'partiel'], ['heures', 'complémentaires'], ['modalite', 'convention', 'forfait', 'jour'], ['période', 'référence'], ['nombre', 'jour', 'forfait'], ['forfait', 'jour', 'réduit'], ['rémunération'], ['décompte', 'jours', 'travaillés'], ['modalités', 'évaluation', 'suivi', 'charge', 'travail'], ['entretiens', 'individuels'], ['modalités', 'prise', 'jrtt'], ['renonciation', 'jrtt'], ['absence'], ['droit', 'déconnexion'], ['modalite', 'modulation', 'semaines', 'temp', 'travail'], ['période', 'référence'], ['décompte', 'heures', 'supplémentaires'], ['majorations', 'heures', 'supplémentaires'], ['absence'], ['temp', 'partiel'], ['augmentation', 'contingent', 'heures', 'supplementaires'], ['volume', 'heure'], ['rémunérations', 'heures', 'supplémentaires'], ['ca', 'jours', 'fériés'], ['derogation', 'duree', 'maximale', 'travail']]"
T04523006002,"[['accord', 'collectif', 'entreprise'], ['disposition', 'générales'], ['définition', 'temp', 'travail', 'effectif'], ['durées', 'maximales', 'travail'], ['définition', 'heures', 'supplémentaires'], ['organisation', 'temp', 'travail'], ['heures', 'supplémentaires'], ['octroi', 'jours', 'rtt', 'jrtt'], ['période', 'acquisition', 'jrtt'], ['incidence', 'absence', 'entrée', 'départ', 'salarié', 'cours', 'année'], ['renonciation', 'possible', 'jrtt'], ['suivi', 'charge', 'travail', 'entretiens'], ['travail', 'temp', 'partiel'], ['définition'], ['modalités', 'passage', 'temp', 'partiel', 'retour', 'passage', 'temp', 'plein'], ['diver'], ['absence', 'rémunérée', 'rendez-vous', 'médical', 'lien', 'handicap'], ['congés', 'sans', 'solde'], ['compte', 'epargne', 'temp'], ['définition', 'principe', 'généraux'], ['régime', 'fiscal', 'social'], ['salariés', 'bénéficiaires'], ['utilisation', 'c.e.t'], ['droit', 'déconnexion'], ['disposition', 'finale'], ['entrée', 'vigueur', 'duree', 'accord'], ['dénonciation', 'révision', 'accord'], ['notification', 'publicité', 'dépôt', 'accord'], ['disposition', 'générales'], ['définition', 'temp', 'travail', 'effectif'], ['durées', 'maximales', 'travail'], ['repos', 'quotidien', 'hebdomadaire'], ['heures', 'supplémentaires'], ['définition', 'heures', 'supplémentaires'], ['taux', 'majoration'], ['remplacement', 'repos', 'compensateur'], ['contrepartie', 'obligatoire', 'repos', 'cor'], ['caractéristiques'], ['journée', 'solidarité'], ['differentes', 'modalites', 'amenagement', 'temp', 'travail'], ['modalites', 'aménagement', 'temp', 'travail', 'standard', 'heures', 'hebdomadaire'], ['organisation', 'temp', 'travail'], ['heures', 'supplémentaires'], ['modalités', 'aménagement', 'temp', 'travail', 'forfait', 'jours'], ['principe', 'généraux', 'mise', 'place'], ['forfait', 'jours', 'réduit'], ['octroi', 'jours', 'rtt', 'jrtt'], ['période', 'acquisition', 'jrtt'], ['calcul', 'nombre', 'jrtt'], ['incidence', 'absence', 'entrée', 'départ', 'salarié', 'cours', 'année'], ['utilisation', 'jrtt', 'information', 'salariés'], ['renonciation', 'possible', 'jrtt'], ['suivi', 'charge', 'travail', 'entretiens'], ['travail', 'temp', 'partiel'], ['définition'], ['modalités', 'passage', 'temp', 'partiel', 'retour', 'passage', 'temp', 'plein'], ['heures', 'complémentaires'], ['diver'], ['fractionnement', 'congés', 'payés'], ['report', 'congés', 'payés'], ['congés', 'ancienneté'], ['absence', 'rémunérée', 'rendez-vous', 'médical', 'lien', 'handicap'], ['congés', 'rémunérés', 'enfant', 'malade'], ['congés', 'sans', 'solde'], ['compte', 'epargne', 'temp'], ['définition', 'principe', 'généraux'], ['régime', 'fiscal', 'social'], ['salariés', 'bénéficiaires'], ['utilisation', 'c.e.t'], ['droit', 'déconnexion'], ['disposition', 'finale'], ['entrée', 'vigueur', 'duree', 'accord'], ['accord', 'collectif', 'entreprise', 'conclu', 'durée', 'indéterminée'], ['dénonciation', 'révision', 'accord'], ['notification', 'publicité', 'dépôt', 'accord']]"
T06019001750,"[['accord', 'entreprise'], ['relatif', 'contingent', 'heures', 'supplémentaires'], ['contingent', 'heures', 'supplémentaires'], ['majorations', 'applicables', 'heures', 'supplémentaires', 'clause', 'facultative'], ['formalités']]"
T02620002382,"[['accord', 'relatif', 'amenagement', 'temp', 'travail'], ['champ', 'application'], ['temp', 'travail', 'effectif'], ['organisation', 'temp', 'travail', 'periodes', 'duree', 'maximale', 'annee', 'travailleurs', 'temp', 'partiel'], ['bénéficiaires'], ['condition', 'modalités', 'application'], ['durée', 'minimale', 'travail', 'période', 'référence'], ['aménagement', 'pluri', 'hebdomadaire', 'temp', 'travail', 'peut', 'appuyer', 'durées', 'travail', 'cycle', 'différents', 'selon', 'salariés'], ['programmation', 'indicative', 'variation', 'horaires', 'travail'], ['augmentation', 'diminution', 'durée', 'journalière', 'travail'], ['variation', 'horaires', 'travail'], ['horaire', 'moyen', 'période', 'référence', 'cycle', 'reste', 'toutefois', 'nécessairement', 'inférieur', 'durée', 'légale'], ['heures', 'complémentaires'], ['droits', 'reconnus', 'salariés', 'temp', 'partiel'], ['rémunération', 'absence', 'embauche', 'rupture', 'contrat', 'travail', 'cours', 'année'], ['rémunération'], ['absence'], ['embauche', 'rupture', 'contrat', 'travail', 'cours', 'période'], ['contrat', 'travail'], ['qualification', 'salarié'], ['organisation', 'temp', 'travail', 'annee', 'travailleurs', 'temp', 'complet', 'sauf', 'forfait', 'jours'], ['bénéficiaires'], ['condition', 'modalités', 'application'], ['durée', 'travail', 'effectif', 'période', 'référence'], ['aménagement', 'pluri', 'hebdomadaire', 'temp', 'temp', 'travail', 'peut', 'appuyer', 'durées', 'différentes', 'selon', 'salariés'], ['programmation', 'indicative', 'variation', 'horaires', 'travail'], ['heures', 'supplémentaires'], ['rémunération', 'absence', 'embauche', 'rupture', 'contrat', 'travail', 'cours', 'année'], ['rémunération'], ['absence'], ['incidence', 'absence', 'décompte', 'suivi', 'aménagement', 'temp', 'travail'], ['incidence', 'absence', 'rémunération'], ['conge', 'paye'], ['période', 'acquisition', 'congés', 'payés'], ['période', 'prise', 'congés', 'payés'], ['fractionnement'], ['contrepartie', 'temp', 'habillage'], ['article', '3121-3', 'code', 'travail', 'prévoit', 'doivent', 'donner', 'lieu', 'contrepartie', 'temp', 'habillage', 'déshabillage', 'remplissent', 'condition', 'cumulatives', 'suivantes'], ['duree', 'denonciation', 'revision', 'accord'], ['condition', 'suivi', 'clause', 'rendez-vous'], ['entree', 'vigueur'], ['publicite'], ['augmentation', 'contingent', 'annuel', 'heures', 'supplémentaires', 'effective', 'année', '2020']]"
T05119001259,"[['accord', 'entreprise', 'relatif', 'durée', 'organisation', 'travail'], ['répartition', 'hebdomadaire', 'durée', 'travail', 'organisation', 'activité'], ['amplitude'], ['définition'], ['temp', 'travail', 'effectif'], ['définition'], ['principe', 'liminaires'], ['règles', 'calcul'], ['limites', 'maximales', 'minimales', 'quotidienne'], ['limites', 'maximales', 'hebdomadaires'], ['pause', 'coupures'], ['pause', 'légale'], ['autres', 'pause'], ['régime', 'juridique', 'pause', 'coupures'], ['principe', 'généraux'], ['temp', 'travail', 'effectif', 'amplitude', 'pause', 'coupures'], ['service', 'permanence', 'samedis', 'dimanches', 'nuits', 'jours', 'fériés'], ['mise', 'place', 'attribution', 'pause'], ['interruption', 'pause', 'coupure'], ['temp', 'habillage', 'déshabillage', 'temp', 'nettoyage', 'entretien', 'matériel'], ['temp', 'habillage', 'déshabillage'], ['temp', 'nettoyage', 'entretien', 'matériel'], ['samedis', 'dimanches', 'jours', 'fériés'], ['repos', 'quotidien', 'hebdomadaire'], ['repos', 'quotidien'], ['repos', 'hebdomadaire'], ['heures', 'supplémentaires'], ['cycle'], ['contingent', 'heures'], ['travail', 'nuit'], ['modalités', 'enregistrement', 'contrôle', 'temp', 'travail'], ['heure', 'prise', 'service'], ['indemnité', 'travail', 'dimanche', 'jours', 'fériés'], ['dénonciation'], ['révision'], ['dépôt', 'publicité', 'accord']]"
T03320004502,"[['accord', 'entreprise'], ['/01/2020'], ['duree', 'travail'], ['expose', 'prealable'], ['disposition', 'générales', 'durée', 'travail'], ['convention'], ['champ', 'application'], ['disposition', 'generales', 'duree', 'travail'], ['durée', 'travail', 'effectif'], ['temp', 'pause'], ['durées', 'maximales', 'travail'], ['durée', 'maximale', 'quotidienne', 'travail'], ['durée', 'maximale', 'hebdomadaire', 'travail'], ['durée', 'maximale', 'hebdomadaire', 'travail', 'semaines', 'consécutives'], ['durées', 'minimales', 'repos'], ['durée', 'minimale', 'quotidienne', 'repos'], ['durée', 'minimale', 'hebdomadaire', 'repos'], ['heures', 'supplémentaires', 'complémentaires'], ['taux', 'majoration', 'heures', 'supplémentaires', 'complémentaires'], ['contingent', 'annuel', 'heures', 'supplémentaires'], ['forfait', 'annuel', 'jours'], ['période', 'référence', 'forfait', 'annuel', 'jours'], ['nombre', 'jours', 'compris', 'forfait'], ['convention', 'individuelle', 'forfait', 'annuel', 'jours'], ['obligation', 'salarié', 'respecter', 'repos', 'quotidiens', 'hebdomadaires'], ['impact', 'rémunération', 'absence', 'arrivées', 'départs', 'cours', 'période', 'référence'], ['traitement', 'absence'], ['entrée', 'cours', 'période'], ['lors', 'départ', 'effectif', 'salarié'], ['rémunération'], ['salaire', 'réel', 'mensuel/22', 'jours'], ['renonciation', 'jours', 'repos', 'titre', 'réduction', 'temp', 'travail'], ['organisation', 'activité'], ['modalités', 'évaluation', 'suivi', 'charge', 'travail'], ['entretien', 'individuel', 'suivi'], ['droit', 'déconnexion'], ['contrepartie', 'financiere', 'deplacements', 'inhabituels'], ['regime', 'juridique', 'present', 'accord'], ['dénonciation', 'révision']]"
T06422006580,[]
T04419005583,"[['avenant', 'n°5', 'accord', 'amenagement', 'temp', 'travail', 'version', 'consolidée', 'avenants', 'liés'], ['champ', 'application'], ['temp', 'travail'], ['repos', 'quotidien', 'hebdomadaire'], ['modalites', 'amenagement', 'temp', 'travail', 'personnel', 'cadre'], ['disposition', 'liés', 'cadre'], ['forfait', 'jours'], ['contrôle', 'décompte', 'jours', 'repos'], ['travail', 'dimanche', 'jours', 'feries'], ['dérogation', 'règle', 'repos', 'dominical'], ['ca', 'personnel', 'cadre'], ['accord', 'aménagement', 'réduction', 'temp', 'travail', 'mi', 'place', 'accord', 'juin', '2009', 'signé', 'entre', 'délégué', 'syndical', 'cfdt', 'direction'], ['champ', 'application'], ['temp', 'travail'], ['temp', 'travail', 'effectif'], ['temp', 'pause'], ['pause', 'déjeuner'], ['temp', 'déplacement', 'professionnel'], ['temp', 'astreinte'], ['période', 'référence'], ['repos', 'quotidien', 'hebdomadaire'], ['modalites', 'amenagement', 'temp', 'travail', 'personnel', 'cadre'], ['disposition', 'liés', 'cadre'], ['cadre', 'autonomes', 'cadre', 'réalisation', 'mission', 'autonomie', 'complète'], ['définition'], ['forfait', 'jours'], ['contrôle', 'décompte', 'jours', 'repos'], ['suivi', 'charge', 'travail', 'amplitude', 'journées', 'travail', 'équilibre', 'vie', 'privée', 'vie', 'professionnelle'], ['amplitude', 'charge', 'travail', 'doivent', 'permettre', 'salarié', 'concilier', 'vie', 'professionnelle', 'vie', 'privée'], ['entretiens', 'individuels', 'spécifique', 'forfait', 'jour'], ['consultation', 'irp'], ['suivi', 'médical'], ['autres', 'cadre'], ['définition'], ['décompte', 'durée', 'travail'], ['contrôle', 'décompte', 'jours', 'repos'], ['contrôle', 'décompte', 'durée', 'travail'], ['modalites', 'amenagement', 'temp', 'travail', 'personnel', 'non', 'cadre', 'assimile', 'cadre'], ['personnel', 'concerné'], ['modalités', 'aménagement', 'temp', 'travail'], ['contrôle', 'décompte', 'durée', 'travail'], ['annualisation', 'modulation', 'temp', 'travail'], ['définition'], ['données', 'économiques', 'sociales', 'justifiant', 'recours', 'modulation'], ['période', 'annuelle', 'application', 'modulation'], ['durée', 'amplitude', 'travail'], ['programmation', 'indicative', 'modulation'], ['suivi', 'individualisé', 'modulation'], ['heures', 'supplémentaires', 'contigent'], ['chômage', 'partiel']]"
T03723004455,"[['accord', 'entreprise', 'relatif', 'duree', 'travail'], ['cadre', 'juridique', 'négociation'], ['régime', 'juridique', 'forfait', 'annuel', 'jours'], ['catégories', 'visées'], ['condition', 'mise', 'place'], ['détermination', 'durée', 'travail'], ['prise', 'compte', 'absence', 'arrivées', 'cours', 'période'], ['modalités', 'prise', 'jours', 'repos'], ['forfait', 'réduit'], ['rémunération'], ['modalités', 'suivi', 'jours', 'travail'], ['maîtrise', 'charge', 'travail'], ['droit', 'repos'], ['droit', 'déconnexion'], ['entretien', 'suivi'], ['dispositif', 'alerte'], ['suivi', 'collectif', 'dispositif'], ['modalités', 'fractionnement', 'congés', 'payés'], ['contingent', 'heures', 'supplémentaires'], ['durée'], ['clause', 'rendez-vous'], ['dénonciation', 'révision'], ['entrée', 'vigueur'], ['publicité', 'accord'], ['accord', 'fait', 'également', 'objet', 'modalités', 'communication', 'suivantes']]"
T05119000846,"[['accord', 'substitution', 'portant', 'organisation', 'amenagement'], ['temp', 'travail'], ['accord', 'ensuite', 'signé', 'février', '2019'], ['champ', 'application'], ['technico-commerciaux', 'itinérants', 'tci'], ['service', 'administratifs', 'commerciaux', 'sédentaires', 'logistiques'], ['temp', 'travail', 'effectif'], ['organisation', 'temp', 'travail', 'technico-commerciaux', 'itinerant'], ['durée', 'travail'], ['accomplissement', 'horaire', 'hebdomadaire', 'travail', 'heures', 'semaine'], ['acquisition', 'modalités', 'prise', 'jours', 'repos', 'jrtt'], ['acquisition', 'jours', 'repos'], ['période', 'prise', 'repos'], ['répartition', 'jours', 'rtt'], ['jours', 'rtt', 'initiative', 'salariés'], ['report', 'perte', 'rtt'], ['heures', 'supplémentaires'], ['période', 'transitoire'], ['organisation', 'temp', 'travail', 'service', 'administratifs', 'commerciaux', 'sedentaires', 'logistiques', 'cadre', 'dont', 'duree', 'travail', 'appreciee', 'selon', 'decompte', 'horaire'], ['crédit', 'heures'], ['rémunération'], ['forfait', 'annuel', 'jour'], ['avenant', 'contrat', 'travail', 'formalisera', 'dispositif', 'contiendra', 'principales', 'caractéristiques', 'suivantes'], ['garanties'], ['respect', 'durées', 'maximales', 'travail'], ['durée', 'quotidienne', 'travail', 'effectif'], ['repos', 'hebdomadaire'], ['obligation', 'déconnexion'], ['entretien', 'annuel'], ['dispositif', 'veille', 'alerte'], ['décompte', 'jours', 'travaillés'], ['date', 'journées', 'travaillées'], ['jours', 'repos', 'attribués', 'titre', 'réduction', 'temp', 'travail'], ['incidence', 'absence'], ['embauches', 'rupture', 'cours', 'année'], ['rémunération'], ['accord', 'cette', 'demande', 'formalisé', 'avenant', 'contrat', 'travail'], ['suivi', 'interpretation', 'adhesion', 'revision', 'denonciation'], ['rendez-vous'], ['adhésion', 'accord'], ['entrée', 'vigueur-durée-', 'révision-', 'dénonciation']]"
T07523054398,"[['immersive', 'learning', 'lab'], ['rappel', 'disposition'], ['2232-21', 'code', 'travail'], ['2232-22', 'code', 'travail'], ['2232-23', 'code', 'travail'], ['article', '2232-10', 'code', 'travail'], ['article', '2232-11', 'code', 'travail'], ['employeur', 'définit', 'modalités', 'organisation', 'consultation', 'incluent'], ['organisation', 'déroulement', 'consultation'], ['article', '2232-12', 'code', 'travail'], ['article', '2232-13', 'code', 'travail'], ['modalités', 'organisation', 'consultation', 'salariés'], ['approbation', 'salariés', 'recueillie', 'condition', 'suivantes'], [], [], ['champ', 'application'], ['durée', 'travail'], ['temp', 'travail', 'effectif'], ['cadre', 'dirigeants'], ['organisation', 'temp', 'travail', 'base', 'hebdomadaire'], ['heures', 'supplémentaires'], ['majoration', 'heures', 'supplémentaires', 'mise', 'place', 'repos', 'compensateur', 'remplacement'], ['contingent', 'heures', 'supplémentaires'], ['salariés', 'temp', 'partiel'], ['nombre', 'journées', 'travail'], ['forfaits', '218', 'jours'], ['forfaits', 'jours', 'réduits'], ['renonciation', 'jours', 'repos'], ['modalités', 'décompte', 'jours', 'travaillés'], ['rémunération', 'forfaitaire'], ['embauche', 'cours', 'année'], ['départ', 'cours', 'année'], ['absence', 'cours', 'année'], ['maîtrise', 'suivi', 'charge', 'travail'], ['temp', 'repos'], ['droit', 'déconnexion'], ['amplitude', 'durée', 'travail'], ['amplitude', 'quotidienne', 'travail', 'maximale', 'peut', 'être', 'supérieure', '13h00'], ['entretiens'], ['absence'], ['absence', 'enfant', 'malade'], ['absence', 'événement', 'familial', 'absence', 'événement', 'vie', 'civique'], ['absence', 'maladie'], ['absence', 'autorisée'], ['congés', 'payés', 'principaux'], ['congés', 'payés', 'ancienneté'], ['période', 'congés', 'payés'], ['article', 'convention', 'collective', 'nationale', 'syntec', 'stipule'], ['congés', 'sans', 'solde'], ['modalités', 'demande', 'congés']]"
T09122009578,"[['accord', 'collectif', 'augmentation', 'provisoire', 'contingent', 'annuel', 'heures', 'supplementaires'], ['champ', 'application', 'accord'], ['objet', 'accord'], ['principe']]"
T01822001577,"[['accord', 'collectif', 'entreprise', 'relatif', 'aménagement', 'temp', 'travail'], ['contingent', 'heures', 'supplementaires'], ['partie', 'aménagement', 'temp', 'travail'], ['objet', 'champ', 'application'], ['objet', 'accord'], ['champ', 'application'], ['modalités', 'aménagement', 'temp', 'travail'], ['période', 'référence'], [], [], ['heures', 'dérogation'], ['journée', 'solidarité'], ['embauche', 'rupture', 'contrat', 'travail', 'cours', 'période', 'référence'], ['modalités', 'modulation', 'temp', 'travail'], ['amplitude', 'modulation'], ['durées', 'minimales', 'maximales', 'travail', 'repos'], ['calendrier', 'prévisionnel'], [], [], ['lissage', 'remuneration'], ['absence'], ['modalités', 'aménagement', 'modulation', 'propres', 'temp', 'partiel'], ['salariés', 'concernés'], ['répartition', 'temp', 'travail'], ['temp', 'partiel', 'modulé'], ['horaire', 'hebdomadaire', 'travail', 'salariés', 'temp', 'partiel', 'peut', 'varier', 'autour', 'durée', 'moyenne', 'travail', 'fixée', 'contrat', 'travail', 'calculée', 'période', 'référence', 'limites', 'suivantes'], ['programmation', 'indicative', 'individuelle'], ['communication', 'horaires', 'travail'], ['heures', 'complémentaires'], ['appréciation', 'heures', 'complémentaires'], ['taux', 'majoration', 'heures', 'complémentaires'], ['passage', 'temp', 'partiel', 'temp', 'plein'], ['partie', 'contingent', 'heures', 'supplémentaires'], ['champ', 'application'], ['contingent', 'annuel', 'heures', 'supplémentaires'], ['taux', 'majoration', 'heures', 'supplémentaires'], ['partie', 'iii', 'disposition', 'finale'], ['entrée', 'vigueur'], ['durée', 'dénonciation'], ['révision'], ['suivi', 'accord'], ['clause', 'rendez-vous'], ['dépôt', 'publicité', 'accord']]"
T06421004912,"[['accord', 'entreprise'], ['fixer', 'règles', 'relative', 'convention', 'forfait', 'jours'], ['fixer', 'règles', 'applicables', 'concernant', 'présence', 'salariés', 'deux', 'revue', 'direction', 'annuelles'], ['duree', 'hebdomadaire', 'maximale', 'travail'], ['contingent', 'heures', 'supplementaires'], ['heures', 'complementaires', 'contrats', 'temp', 'partiel'], ['temp', 'formation'], ['definition', 'heures', 'nuit'], ['période', 'référence'], ['durée', 'annuelle', 'travail', 'modalités', 'aménagement', 'temp', 'travail', 'entre', 'périodes', 'hautes', 'périodes', 'bass', 'durée', 'moyenne', 'hebdomadaire'], ['heure'], ['compensation', 'durée', 'moyenne', 'hebdomadaire'], ['condition', 'prise', 'compte', 'embauche', 'rupture', 'contrat', 'travail', 'cours', 'période', 'référence'], ['programmation', 'indicative', 'modification'], ['modification', 'programmation', 'indicative'], ['décompte', 'heures'], ['décompte', 'limitation', 'hebdomadaire', 'déclenchement', 'heures', 'supplémentaires'], ['incidence', 'absence', 'décompte', 'heures'], ['incidence', 'absence', 'seuil', 'déclenchement', 'heures', 'supplémentaires'], ['affichage', 'contrôle', 'durée', 'travail'], ['rémunération', 'salariés'], ['incidence', 'absence', 'indemnisation', 'retenue'], ['bilan', 'durée', 'réalisée', 'fin', 'période', 'référence', 'après', 'prise', 'compte', 'absence', 'autres', 'événements'], ['modalités', 'exercice', 'droit', 'déconnexion'], ['salary', 'temp', 'partiel'], ['période', 'référence'], ['durée', 'travail'], ['heure'], ['condition', 'prise', 'compte', 'embauche', 'rupture', 'contrat', 'travail', 'cours', 'période', 'référence'], ['programmation', 'indicative', 'modification'], ['décompte', 'heures'], ['incidence', 'absence', 'décompte', 'heures'], ['incidence', 'absence', 'seuil', 'déclenchement', 'heures', 'complémentaires'], ['affichage', 'contrôle', 'durée', 'travail'], ['rémunération', 'salariés'], ['incidence', 'absence', 'indemnisation', 'retenue'], ['bilan', 'durée', 'réalisée', 'fin', 'période', 'référence', 'après', 'prise', 'compte', 'absence', 'autres', 'événements'], ['modalités', 'exercice', 'droit', 'déconnexion'], ['egalité', 'traitement'], ['priorité', 'accès', 'emplois', 'temp', 'plein'], ['forfait', 'jour'], ['nombre', 'jours', 'compris', 'forfait'], ['période', 'référence'], ['dépassement', 'forfait', 'annuel', 'renonciation', 'jours', 'repos'], ['forfait', 'jours', 'réduit'], ['temp', 'repos', 'salariés', 'forfait', 'jours'], ['caractéristiques', 'convention', 'forfait', 'annuel', 'jours', 'conclue', 'salarié']]"
T09320004682,"[['accord', 'entreprise', 'relatif', 'prise', 'congés', 'payés'], ['contingent', 'heures', 'supplémentaires'], ['report', 'et/ou', 'fixation', 'date', 'congés', 'payés'], ['contingent', 'heures', 'supplémentaires'], ['majorations', 'applicables', 'heures', 'supplémentaires'], ['formalités']]"
T01421004379,"[['avenant', 'n°1', 'accord', 'entreprise', 'aménagement', 'organisation', 'temp', 'travail', 'conducteurs', 'routiers', '04/01/2021'], ['principe', 'annualisation', 'temp', 'travail'], ['modalités', 'répartition', 'temp', 'travail'], ['organisation', 'temp', 'travail', 'salariés'], ['salariés', 'temp', 'complet'], ['salariés', 'temp', 'partiel'], ['organisation', 'temp', 'travail', 'année'], ['contingent', 'annuel', 'heures', 'supplémentaires', 'salariés', 'temp', 'complet'], ['heures', 'complémentaires', 'compteurs', 'modulation'], ['rémunération', 'heures', 'complémentaires'], ['responsabilités', 'sanction'], ['publicité', 'dépôt', 'accord'], ['durée', 'dénonciation', 'révision'], ['principe', 'annualisation', 'temp', 'travail'], ['modalités', 'répartition', 'temp', 'travail'], ['organisation', 'temp', 'travail', 'salariés'], ['salariés', 'temp', 'complet'], ['salariés', 'temp', 'partiel'], ['organisation', 'temp', 'travail', 'année'], ['arrivée', 'départ', 'cours', 'période', 'référence'], ['annualisation', 'durée', 'travail', 'calculée', 'prorata', 'temporis', 'compter'], ['lissage', 'rémunération'], ['compteurs', 'individuels', 'suivi'], ['programmation', 'répartition', 'travail'], ['planning'], ['dérogation', 'durée', 'travail', 'maximale', 'quotidienne'], ['planning', 'délai', 'prévenance'], ['absence', 'non', 'programmée', 'plusieurs', 'collègues', 'travail'], ['heures', 'supplémentaires', 'compteurs', 'modulation'], ['contingent', 'annuel', 'heures', 'supplémentaires', 'salariés', 'temp', 'complet'], ['rémunération', 'heures', 'supplémentaires'], ['cadre', 'légal'], ['paiement', 'mensuel', 'heures', 'supplémentaires'], ['modulation', 'volume', 'heures', 'deçà', 'limite', 'annuelle'], ['modulation', 'volume', 'heures', 'au-delà', 'limite', 'annuelle'], ['modulation', 'récupération', 'heures'], ['chômage', 'partiel'], ['etats', 'individuels', 'soldes', 'modulation'], ['heures', 'complémentaires', 'compteurs', 'modulation'], ['limite', 'heures', 'complémentaires', 'salariés', 'temp', 'partiel'], ['rémunération', 'heures', 'complémentaires'], ['cadre', 'légal'], ['paiement', 'mensuel', 'heures', 'complémentaires'], ['modulation', 'volume', 'heures', 'deçà', 'limite', 'annuelle'], ['modulation', 'volume', 'heures', 'au-delà', 'limite', 'annuelle'], ['modulation', 'récupération', 'heures'], ['chômage', 'partiel'], ['etats', 'individuels', 'soldes', 'modulation']]"
T09223043916,"[['accord', 'methode'], ['rappel', 'contexte', 'modalités', 'projet', 'calendrier', 'général'], ['objet', 'présent', 'accord'], ['modalités', 'calendrier', 'procédure', 'information', 'consultation'], ['procédure', 'information-consultation', 'cse'], ['délais'], ['objet'], ['calendrier', 'procédure', 'information-consultation', 'cse', 'projet'], ['modalités', 'organisation', 'réunions'], ['adaptation', 'calendrier'], ['moyens', 'supplémentaires', 'mi', 'disposition', 'représentants', 'personnel'], ['organisation', 'logistique', 'réunions'], ['déplacements'], ['réunions', 'préparatoires'], ['crédit', 'heures', 'supplémentaire'], ['accompagnement', 'retour', 'poste', 'issue', 'procédure'], ['communication'], ['communication', 'salariés'], ['réunions', 'salariés'], ['call', 'post-réunions', 'cse'], ['négociation', 'geppmm'], ['durée', 'accord', 'entrée', 'vigueur'], ['dépôt', 'notification', 'accord']]"
T05223060056,"[['accord', 'entreprise', 'relatif', 'augmentation', 'contingent', 'heures', 'supplementaires', 'annuel'], ['champ', 'application', 'territorial', 'professionnel'], ['durée', 'maximale', 'quotidienne', 'travail'], ['durée', 'moyenne', 'hebdomadaire', 'travail'], ['contingent', 'maximum', 'heures', 'supplémentaires'], ['calcul', 'heures', 'supplémentaires'], ['formalités', 'dépôt', 'date', 'entrée', 'vigueur', 'accord'], ['condition', 'révision', 'dénonciation', 'accord']]"
T00520000587,"[['périodes', 'référence'], ['droit', 'salariés', 'temp', 'partiel'], ['modification', 'durée', 'travail', 'cours', 'période', 'annualisation'], ['ca', 'hausse', 'durée', 'annuelle', 'travail'], ['ca', 'baisse', 'durée', 'annuelle', 'travail'], ['variation', 'durée', 'travail'], ['notification', 'répartition', 'travail'], ['notification', 'horaires', 'travail'], ['modification', 'planning'], ['modalités', 'décompte', 'durée', 'travail', 'compteur', 'individuel'], ['modalités', 'paiement', 'rémunération'], ['lissage', 'rémunération'], ['rémunération', 'base', 'horaire', 'travail'], ['ca', 'embauche', 'cours', 'année'], ['ca', 'rupture', 'contrat', 'travail', 'cours', 'année'], ['périodes', 'non', 'travaillées', 'rémunérées'], ['périodes', 'non', 'travaillées', 'non', 'rémunérées'], ['heures', 'complémentaires'], ['heures', 'supplémentaires', 'contingent', 'annuel'], ['contreparties', 'réduction', 'délai', 'modification', 'horaires', 'salariés', 'temp', 'partiel'], ['contreparties', 'salariés', 'temp', 'partiel'], ['régularisation', 'compteurs', 'salarié', 'présent', 'totalité', 'période', 'mois'], ['solde', 'compteur', 'positif'], ['solde', 'compteur', 'négatif'], ['régularisation', 'compteurs', 'salarié', 'accompli', 'totalité', 'période', 'mois'], ['solde', 'compteur', 'positif'], ['solde', 'compteur', 'négatif'], ['validité', 'accord'], ['entrée', 'vigueur', 'durée', 'accord'], ['révision'], ['dépôt', 'publicité', 'accord']]"
T04420009273,"[['membres', 'comité', 'social', 'economique'], ['disposition', 'applicables', 'personnel', 'autonome'], ['amenagement', 'temp', 'travail', 'cadre', 'direction'], ['conge', 'paye'], ['fractionnement'], ['prise', 'congé', 'principal', 'fractionnement'], ['journee', 'solidarite'], ['formalites']]"
T09219007393,"[['accord', 'collectif', 'relatif', 'mise', 'place', 'organisation', 'pluri-hebdomadaires'], ['durée', 'travail'], ['aménagement', 'temp', 'travail'], ['heures', 'supplémentaires'], ['définition'], ['rémunération'], ['embauche', 'rupture', 'contrat', 'travail', 'cours', 'période', 'référence'], ['salariés', 'temp', 'partiel'], ['durée', 'accord', 'révision', 'dénonciation'], ['commission', 'suivi', 'clause', 'rendez-vous'], ['publicité']]"
T06120001130,"[['entreprise'], ['relatif', 'organisation', 'duree', 'travail'], ['champ', 'application'], ['organisation', 'temp', 'travail'], ['modalités', 'organisation', 'travail', 'entreprise'], ['temp', 'déplacements', 'rendre', 'chantiers'], ['temp', 'pause'], ['gestion', 'temp', 'travail'], ['modalités', 'organisation', 'temp', 'travail'], ['heures', 'supplémentaires'], ['contingent', 'annuel'], ['modalités', 'paiement'], ['modalités', 'enregistrement', 'temp', 'travail'], ['jours', 'fractionnement'], ['disposition', 'finale'], ['modalités', 'conclusion', 'présent', 'accord'], ['dépôt', 'publicité', 'accord']]"
T04419004059,"[['avenant', 'n°3', 'accord', 'aménagement', 'temp', 'travail', 'année'], ['population', 'concernée'], ['contingent', 'heures', 'supplémentaires', 'repos', 'compensateur'], ['durées', 'maximales', 'travail'], ['déplacements'], ['autres', 'disposition'], ['durée', 'accord', 'révision', 'dénonciation']]"
A07717004936,"[['accord', 'methode', 'paiement', 'et/ou', 'compensation', 'heures', 'supplementaires', 'période', '1er', 'septembre', '2014', '1er', 'septembre', '2017'], ['périmètre', 'champ', 'application'], ['analyse', 'direction'], ['analyse', 'représentants', 'personnel'], ['modalités', 'détermination', 'heures', 'supplémentaires', 'réalisées', 'période', '1er', 'septembre', '2014', '1er', 'septembre', '2017'], ['modalités', 'paiement', 'et/ou', 'compensation', 'heures', 'supplémentaires', 'réalisées', 'période', '1er', 'septembre', '2014', '1er', 'septembre', '2017'], ['durée', 'accord', 'révision']]"
T02619001064,"[['accord'], ['relatif', 'organisation', 'temp', 'travail'], [], ['partie', 'organisation', 'temp', 'travail', 'cadre', 'salary', 'itinerant', 'forfait', 'jours'], ['champ', 'application'], ['conducteur', 'travaux'], ['duree', 'travail'], ['régime', 'juridique', 'forfait', 'annuel', 'jours'], ['nombre', 'journées', 'travaillées'], ['période', 'annuelle', 'référence'], ['jours', 'repos'], ['renonciation', 'partie', 'jours', 'repos'], ['accord', 'entre', 'salarié', 'bati', 'nature', 'formalisé', 'écrit', 'signé', 'chacune', 'party'], ['forfait', 'annuel', 'jours', 'réduit'], ['décompte', 'absence'], ['protection', 'santé', 'sécurité', 'salariés'], ['durées', 'maximales', 'travail', 'repos', 'obligatoires', 'légaux'], ['contrôle', 'durée', 'travail'], ['garanties', 'individuelles', 'collective'], ['droit', 'déconnexion'], ['remuneration', 'depart', 'cours', 'periode', 'reference'], ['partie', 'organisation', 'anualisee', 'temp', 'travail'], ['durée', 'travail'], ['répartition', 'durée', 'travail', 'horaires', 'travail', 'salariés'], ['disposition', 'applicables', 'salariés', 'temp', 'plein'], ['communication', 'planning', 'prévisionnel'], ['délais', 'prévenance', 'ca', 'modification', 'planning', 'previsionnel'], ['recours', 'heures', 'supplémentaires'], ['décompte', 'heures', 'supplémentaires'], ['contingent', 'heures', 'supplémentaires'], ['contrepartie', 'heures', 'supplémentaires'], ['prise', 'contrepartie', 'obligatoire', 'repos'], ['heures', 'complémentaires'], ['lissage', 'rémunération'], ['décompte', 'absence', 'salarié', 'cours', 'période', 'annuelle'], ['suivi', 'temp', 'travail', 'effectif'], ['situation', 'salariés', 'entrant', 'quittant', 'entreprise', 'cours', 'période', 'référence'], ['partie', 'duree', 'entree', 'vigueur', 'accord']]"
T02123006194,"[['accord', 'entreprise'], ['amenagement', 'temp', 'travail', 'annee'], ['aménagement', 'temp', 'travail', 'année'], ['période', 'référence'], ['modalités', 'aménagement', 'temp', 'travail'], ['détail', 'calcul', 'durée', 'annuelle', 'référence'], ['condition', 'délais', 'prévenance', 'changements', 'durée', 'horaire', 'travail'], ['contingent', 'annuel', 'heures', 'supplémentaires'], ['décompte', 'heures', 'supplémentaires'], ['taux', 'majoration', 'heures', 'supplémentaires'], ['date', 'modalités', 'paiement', 'compensation', 'heures', 'supplémentaires', 'réalisées', 'au-delà', 'durée', 'collective', 'travail'], ['paiement', 'salaire'], ['lissage', 'rémunération'], ['traitement', 'absence'], ['traitement', 'arrivées', 'départs', 'cours', 'période', 'référence'], ['substitution', 'accord', 'disposition', 'objet'], ['consultation', 'personnel'], ['entrée', 'vigueur', 'durée', 'suivi', 'révision', 'dénonciation'], ['suivi', 'accord', 'révision', 'dénonciation'], ['procès-verbal', 'résultats', 'consultation', 'personnel']]"
T00723001960,"[['geometres-experts'], ['accord', 'entreprise'], ['organisation', 'travail'], ['champ', 'application'], ['duree', 'travail'], ['définition', 'durée', 'travail', 'effectif'], ['durée', 'travail'], ['organisation', 'temp', 'travail'], ['durées', 'maximales', 'travail'], ['heures', 'supplémentaires'], ['définition'], ['taux', 'majoration'], ['contingent', 'annuel', 'heures', 'supplémentaires'], ['consultation', 'personnel'], ['duree', 'suivi', 'revision', 'accord']]"
T07421004498,"[['accord', 'collectif', 'durée', 'aménagement', 'temp', 'travail'], ['champ', 'application'], ['duree', 'travail'], ['durée', 'maximale', 'hebdomadaire', 'travail'], ['contingent', 'annuel', 'heures', 'supplémentaires'], ['dispositifs', 'aménagement', 'temp', 'travail', 'période', 'annuelle'], ['temp', 'partiel', 'annualisé'], ['au-delà', 'durée', 'maximale', 'hebdomadaire', 'heures'], ['forfait', 'annuel', 'jours'], ['condition', 'mise', 'place'], ['nombre', 'jours', 'travaillés', 'période', 'référence', 'forfait'], ['décompte', 'temp', 'travail'], ['nombre', 'jours', 'repos'], ['prise', 'jours', 'repos'], ['prise', 'compte', 'absence'], ['renonciation', 'jours', 'repos'], ['forfait', 'jours', 'réduit'], ['rémunération'], ['suivi', 'charge', 'travail'], ['dispositif', 'alerte'], ['entretien', 'individuel'], ['exercice', 'droit', 'déconnexion'], ['congés', 'payés'], ['durée', 'accord', 'révision', 'dénonciation'], ['publicité', 'accord']]"
T04921005351,"[['accord', '2021'], ['négociation', 'annuelle', 'obligatoire', 'nao'], ['had', 'saint', 'sauveur', 'poursuit', 'investissements', 'réhabilitation', 'locaux', 'changement', 'fenêtres', 'acquisition', 'locaux', 'supplémentaires', 'acquiert', 'nouveaux', 'outils', 'travail', 'voiture', 'tensiomètres'], ['partie', 'rémunération', 'temp', 'travail', 'partage', 'valeur', 'ajoutée'], ['proposition', 'direction'], ['proposition', 'cgt'], ['durée', 'effective', 'organisation', 'temp', 'travail'], ['proposition', 'direction'], ['proposition', 'cgt'], ['conclusion', 'échanges'], ['intéressement', 'épargne', 'salariale'], ['proposition', 'direction'], ['proposition', 'cgt'], ['egalité', 'rémunérations', 'carrières'], ['proposition', 'direction'], ['proposition', 'cgt'], ['partie', 'egalité', 'professionnelle', 'f/h', 'qualité', 'vie', 'travail', 'qvt'], ['articulation', 'entre', 'vie', 'personnelle', 'vie', 'professionnelle', 'salariés'], ['proposition', 'direction'], ['proposition', 'cgt'], ['étude', 'déconnexion', 'travail', 'action', 'menées', 'permis', 'réajuster', 'équilibre', 'vie', 'personnelle', 'professionnelle', 'certains'], ['mesures', 'permettant', 'atteindre', 'équilibre', 'entre', 'femmes', 'hommes'], ['proposition', 'direction'], ['proposition', 'cgt'], ['insertion', 'professionnelle', 'maintien', 'emploi', 'personnes', 'handicapées'], ['proposition', 'direction'], ['proposition', 'cgt'], ['régime', 'prévoyance', 'frais', 'santé'], ['droit', 'expression', 'directe', 'collective', 'salariés'], ['proposition', 'direction'], ['proposition', 'cgt'], ['droit', 'déconnexion'], ['proposition', 'direction'], ['rappel'], ['proposition', 'cgt'], ['mobilité', 'salariés', 'entre', 'résidence', 'lieu', 'travail'], ['proposition', 'cgt'], ['partie', 'durée', 'application', 'accord'], ['partie', 'dépôt', 'publicité', 'accord']]"
T07222004402,"[['accord', 'entreprise'], ['organisation', 'durée', 'travail'], ['travail', 'posté'], ['objet', 'champ', 'application'], ['objet'], ['travail', 'posté', 'discontinu', 'semi', 'continu'], ['cadre', 'dispositif'], ['travail', 'posté', 'discontinu'], ['travail', 'posté', 'semi-continu'], ['modalités', 'recours', 'travail', 'équipe'], ['contreparties', 'travail', 'nuit'], ['autres', 'contreparties'], ['changement', 'horaire', 'situation', 'particulières'], ['formation', 'professionnelle'], ['articulation', 'entre', 'vie', 'professionnelle', 'vie', 'personnelle', 'pendant', 'durée', 'travail', 'nuit'], ['protection', 'travailleurs', 'isolés'], ['disposition', 'finale'], ['cadre', 'légal', 'conventionnel', 'accord'], ['ratification', 'accord'], ['evolution', 'accord'], ['dépôt', 'publicité', 'accord']]"
T06720005916,"[['accord', 'entreprise'], ['relatif', 'duree', 'travail'], ['champ', 'application'], ['organisation', 'temp', 'travail', 'salary', 'itinerant'], ['modalités', 'organisation', 'travail', 'entreprise'], ['temp', 'chargement', 'déchargement', 'préparation', 'chantier'], ['temp', 'déplacements', 'rendre', 'chantiers', 'hors', 'chauffeur', 'véhicules', 'poids', 'lourds'], ['situation', 'chauffeur', 'poids', 'lourds'], ['intempéries'], ['entretien', 'vêtements', 'travail', 'usage', 'exclusivement', 'professionnel'], ['gestion', 'temp', 'travail', 'cadre', 'annualisation'], ['modalités', 'organisation'], ['article7-1', 'nature', 'époque', 'travaux', 'effectués', 'cours', 'période', 'annuelle'], ['programmation', 'annualisation'], ['compte', 'individuel', 'compensation'], ['durées', 'maximum', 'travail'], ['dépassement', 'durée', 'annuelle', 'travail', 'contingent', 'annuel', 'heures', 'supplémentaires'], ['compte', 'faisant', 'apparaître', 'heures', 'modulation'], ['paiement', 'argent'], ['paiement', 'sou', 'forme', 'repos', 'compensateur', 'remplacement'], ['compte', 'faisant', 'apparaître', 'heures', 'compensation'], ['rémunération'], ['modalités', 'enregistrement', 'temp', 'travail'], ['disposition', 'commune'], ['période', 'prise', 'congés', 'payés'], ['disposition', 'finale'], ['modalités', 'conclusion', 'présent', 'accord'], ['dépôt', 'publicité', 'accord']]"
T07223005441,"[['accord', 'collectif', 'relatif', 'regime', 'travail', 'accompagnement', 'social', 'personnel', 'affecte', 'site', 'ferte', 'bernard'], ['durée', 'travail'], ['aménagement', 'temp', 'travail'], [], ['concernant', 'compartiment', 'rop', 'management/production'], ['disposition', 'commune'], ['heures', 'supplémentaires'], ['définition'], ['paiement', 'heures', 'supplémentaires'], ['rémunération'], ['embauche', 'rupture', 'contrat', 'travail', 'cours', 'période', 'référence'], ['salariés', 'temp', 'partiel'], ['eléments', 'relatifs', 'accompagnement', 'social'], ['juin'], ['dispositif', 'formation'], ['accompagnement', 'financier'], ['dispositif', 'promotion'], ['disposition', 'liées', 'coupure', 'méridienne'], ['durée', 'accord', 'révision', 'dénonciation'], ['publicité']]"
T07423060275,"[['accord', 'collectif', 'amenagement'], ['temp', 'travail'], ['champ', 'application'], ['durée', 'travail'], ['définition'], ['salariés', 'permanent'], ['salariés', 'saisonniers'], ['période', 'référence'], ['variation', 'temp', 'travail', 'hebdomadaire'], ['programme', 'répartition', 'durée', 'travail'], ['planning', 'prévisionnel', 'collectif', 'individuel'], ['modification', 'planning'], ['rémunérations'], ['heures', 'supplémentaires'], ['définition'], ['contingent', 'annuel'], ['absence'], ['embauche', 'départ', 'cours', 'période', 'référence'], ['vérification', 'annuelle', 'saisonnière'], ['salariés', 'temp', 'partiel'], ['interruption', 'quotidienne'], ['modification', 'programme'], ['heures', 'complémentaires'], ['contrat', 'travail'], ['travail', 'nuit'], ['définition', 'travail', 'nuit'], ['salariés', 'concernés', 'travail', 'nuit'], ['justification', 'recours', 'travail', 'nuit'], ['affectation', 'travail', 'nuit'], ['durée', 'travail', 'travailleurs', 'nuit', 'temp', 'pause'], ['contreparties', 'travail', 'nuit'], ['condition', 'travail', 'articulation', 'exercice', 'responsabilités', 'familiales', 'sociales'], ['mesures', 'destinées', 'assurer', 'égalité', 'professionnelle'], ['travail', 'dimanche'], ['principe', 'volontariat'], ['condition', 'rétractation', 'prise', 'compte', 'évolution', 'situation', 'personnelle', 'salariés'], ['circonstances', 'exceptionnelles'], ['contreparties', 'travail', 'dominical'], ['organisation', 'travail', 'dominical'], ['organisation', 'équipes'], ['equilibre', 'vie', 'professionnelle', 'vie', 'personnelle'], ['egalité', 'professionnelle', 'entre', 'femmes', 'hommes'], ['révisions', 'et/ou', 'dénonciations']]"
T06918001412,"[['accord', 'juin', '2018'], ['relatif', 'fixation', 'contingent', 'conventionnel'], ['heures', 'supplémentaires', 'sein', 'société'], ['notion', 'temp', 'travail', 'effectif'], ['durée', 'maximale', 'travail'], ['heures', 'supplémentaires'], ['définition'], ['décompte'], ['contingent', 'conventionnel', 'entreprise'], ['rémunération'], ['prise', 'différents', 'repos'], ['disposition', 'finale'], ['dénonciation', 'modification'], ['dépôt'], ['accord', 'déposé', 'sou', 'forme', 'dématérialisée', 'site', 'dédié', 'www.teleaccords.travail-emploi.gouv.fr']]"
T09420004171,"[['accord', 'relatif', 'amenagement', 'temp', 'travail', 'suite', 'mise', 'place', 'nouvelle', 'organisation', 'pdc', 'orly'], ['champ', 'application'], ['duree', 'travail'], ['amenagement', 'temp', 'travail'], ['ajustement', 'effectuera', 'regard', 'évolutions', 'charge', 'travail', 'bénéfices', 'postiers/clients'], ['heures', 'supplementaires'], ['iv.1', 'définition'], ['iv.2', 'paiement', 'heures', 'accomplies', 'au-delà', 'moyenne', 'heures', 'calculées', 'période', 'référence'], ['remuneration'], ['embauche', 'rupture', 'contrat', 'travail', 'cours', 'periode', 'reference'], ['salary', 'temp', 'partiels'], ['mesures', 'accompagnement', 'social'], ['commission', 'suivi'], ['duree', 'accord', 'revision', 'denonciation'], ['publicite']]"
T04919003225,"[['accord', 'entreprise', 'relatif', 'accomplissement', 'heures', 'supplémentaires', 'contingent', 'heures', 'supplémentaires'], [], ['objet'], ['accomplissement', 'heures', 'supplémentaires'], ['contingent', 'annuel', 'heures', 'supplémentaires'], ['durée'], ['suivi', 'révision', 'dénonciation', 'accord'], ['dépôt', 'publicité', 'accord'], ['accord', 'entrera', 'vigueur', 'jour', 'dépôt', 'auprès', 'autorité', 'administrative']]"
T07523052817,"[['accord', 'relatif'], ['organisation', 'amenagement', 'temp', 'travail'], ['aménagement', 'année', 'durée', 'travail', 'heures'], ['forfait', 'annuel', 'jours'], ['forfait', 'annuel', 'jours', 'travaillés'], ['forfait', 'annuel', 'jours', 'réduit'], ['prise', 'compte', 'arrivées', 'départs', 'absence', 'cours', 'période'], ['astreintes', 'dérangées'], ['suivi', 'astreintes'], ['dépôt', 'publicité'], ['réviser', 'accord', 'entreprise', 'organisation', 'aménagement', 'temp', 'travail', 'signé'], ['suivi', 'accord', 'clause', 'rendez-vous'], ['durée', 'temp', 'travail'], ['temp', 'travail', 'effectif'], ['définition'], ['temp', 'pause'], ['décompte', 'temp', 'travail'], ['disposition', 'générales', 'heures', 'supplémentaires', 'contingent'], ['aménagement', 'temp', 'travail'], ['aménagement', 'année', 'durée', 'travail', 'heures'], ['salariés', 'éligibles'], ['durée', 'hebdomadaire', 'moyenne'], ['horaires', 'plage', 'travail'], ['nombre', 'jours', 'rtt', 'octroyés', 'modalités', 'acquisition', 'prise'], ['nombre', 'jours', 'rtt', 'octroyés'], ['horaire', 'hebdomadaire', '37h00', 'salariés', 'bénéficieront', 'nombre', 'jours', 'repos', 'calculé', 'manière', 'suivante'], ['modalités', 'acquisition', 'jours', 'rtt'], ['modalités', 'prise', 'jours', 'rtt'], ['heures', 'supplémentaires', 'repos', 'compensateur'], ['temp', 'partiel'], ['forfait', 'annuel', 'jours'], ['salariés', 'éligibles'], ['convention', 'individuelle', 'forfait', 'annuel', 'jours'], ['forfait', 'annuel', 'jours', 'travaillés'], ['forfait', 'annuel', 'jours', 'réduit'], ['organisation', 'jours', 'repos', 'supplémentaires', 'jr'], ['calcul', 'jours', 'jr'], ['acquisition', 'jr'], ['modalités', 'prise', 'jr'], ['arrivées', 'départs', 'cours', 'période'], ['prise', 'compte', 'absence'], ['pendant', 'absence', 'donnant', 'lieu', 'indemnisation', 'employeur', 'assimilée', 'temp', 'travail', 'effectif', 'rémunération', 'calculée', 'tenant', 'compte', 'rémunération', 'mensuelle', 'base', 'lissée', 'salarié'], ['rémunération'], ['décompte', 'contrôle', 'temp', 'travail', 'salariés', 'forfait', 'annuel', 'jours'], ['garantie', 'équilibre', 'entre', 'vie', 'professionnelle', 'vie', 'privée'], ['entretien', 'annuel', 'individuel']]"
T06021003125,"[['accord', 'collectif', 'relatif', 'teletravail', 'temp', 'partiel'], ['définition', 'télétravail'], ['article', '1222-9', 'code', 'travail', 'définit', 'télétravail', 'désigne', 'toute', 'forme', 'organisation', 'travail', 'laquelle', 'travail', 'également', 'être', 'exécuté', 'locaux', 'employeur', 'effectué', 'salarié', 'hors', 'locaux', 'façon', 'volontaire', 'utilisant', 'technology', 'information', 'communication', 'qualifié', 'télétravailleur', 'tout', 'salarié', 'entreprise', 'effectue', 'dès', 'embauche', 'ultérieurement', 'télétravail', 'tel', 'défini', 'premier', 'alinéa'], ['condition', 'éligibilité'], ['condition', 'mise', 'œuvre', 'télétravail'], ['principe', 'volontariat'], ['article', '1222-11', 'code', 'travail', 'prévoit', 'toutefois', 'exception', 'principe', 'volontariat', 'ca', 'circonstances', 'exceptionnelles', 'notamment', 'menace', 'épidémie', 'ca', 'force', 'majeure', 'mise', 'œuvre', 'télétravail', 'peut', 'être', 'considérée', 'comme', 'aménagement', 'poste', 'travail', 'rendu', 'nécessaire', 'permettre', 'continuité', 'activité', 'entreprise', 'garantir', 'protection', 'salariés', 'circonstances', 'décision', 'employeur', 'recourir', 'télétravail', 'assurer', 'continuité', 'activité', 'impose', 'salariés', 'concernés'], ['mise', 'place'], ['rythme', 'télétravail', 'délai', 'prévenance'], ['bilan', 'télétravail'], ['engagement', 'salarié', 'télétravail'], ['contrôle', 'temp', 'travail', 'respect', 'vie', 'privée'], ['équipements', 'nécessaires', 'télétravail'], ['conformité', 'installation', 'lieux'], ['assistance', 'technique'], ['assurance'], ['protection', 'données'], ['égalité', 'traitement'], ['indemnisation', 'télétravail'], ['indemnisation', 'frais'], ['restauration'], ['règles', 'matière', 'sécurité', 'santé', 'travail'], ['accident', 'travail', 'trajet', 'arrêts', 'travail'], ['arrêt', 'travail'], ['entrée', 'vigueur', 'durée', 'accord'], ['dénonciation', 'révision', 'accord']]"
T03320005911,"[['accord', 'entreprise', '2020'], ['accord', 'relatif', 'duree', 'travail'], ['pendant', 'periode', 'vendanges', 'vinification'], ['horaires', 'travail'], ['dérogation', 'durée', 'maximale', 'hebdomadaire', 'absolue'], ['dépassement', 'durée', 'quotidienne', 'travail'], ['dérogation', 'repos', 'dominical'], ['suspension', 'repos', 'hebdomadaire'], ['heures', 'nuit'], ['disposition', 'relative', 'accord', 'collectif'], ['dénonciation'], ['clause', 'rendez-vous'], ['révision']]"
T59L18002206,"[['accord', 'entreprise'], ['portant', 'annualisation', 'temp', 'travail'], ['definition', 'temp', 'travail', 'effectif'], ['champ', 'application'], ['dispositif', 'repartition', 'travail', 'annee'], ['principe', 'fonctionnement'], ['programmation', 'indicative', 'variation', 'horaire'], ['amplitude', 'travail'], ['délai', 'prévenance', 'modification', 'programmation', 'indicative'], ['heures', 'supplémentaires'], ['lissage', 'rémunération'], ['incidence', 'absence', 'salariés'], ['embauche', 'départ', 'cours', 'période', 'référence'], ['duree', 'accord'], ['depôt']]"
T07221003438,"[['accord', 'collectif'], ['accord', 'collectif', 'relatif', 'regime', 'travail'], ['accompagnement', 'social', 'personnel', 'affectes'], ['site', 'coulaines'], ['etablissement', 'coulaines', 'pdc'], ['accord', 'collectif'], ['durée', 'travail'], ['aménagement', 'temp', 'travail'], ['concernant', 'compartiments', 'distribution', 'service', 'arrières'], ['accord', 'collectif'], ['disposition', 'commune'], ['heures', 'supplémentaires'], ['définition'], ['paiement', 'heures', 'supplémentaires'], ['rémunération'], ['embauche', 'rupture', 'contrat', 'travail', 'cours', 'période', 'référence'], [], ['accord', 'collectif'], ['salariés', 'temp', 'partiel'], ['eléments', 'relatifs', 'accompagnement', 'social'], ['dispositif', 'formation'], ['accord', 'collectif'], ['accompagnement', 'financier'], ['dispositif', 'promotion'], ['accompagnement', 'lié', 'mise', 'place', 'nouvelle', 'organisation'], [], ['accord', 'collectif'], ['durée', 'accord', 'révision', 'dénonciation'], ['publicité']]"
T07523051419,"[['agence', 'sécurité', 'navigation', 'aérienne', 'afrique', 'madagascar'], ['temp', 'travail', 'effectif'], ['rappel', 'limites', 'journalières', 'hebdomadaires', 'durée', 'travail'], ['durée', 'maximale', 'journalière', 'travail', 'heures'], ['définition', 'semaine', 'travail'], ['nombre', 'jours', 'congés', 'payés'], ['modalites', 'organisation', 'temp', 'travail', 'salary', 'beneficiant', 'convention', 'forfait', 'jours'], ['personnel', 'concerné'], ['principe'], ['période', 'référence'], ['rémunération'], ['horaires'], ['modalités', 'contrôle', 'temp', 'travail'], ['modalités', 'prise', 'jours', 'rtt', 'jrtt'], ['prise', 'journée', 'demi-journée'], ['fixation', 'date'], ['modalités', 'prise', 'jours', 'congés'], ['absence'], ['entrée', 'sortie', 'cours', 'période', 'référence'], ['heures', 'supplémentaires', 'au-delà', '1.607', 'heures'], ['définition', 'heures', 'supplémentaires'], ['repos', 'compensateur', 'remplacement'], ['règlement', 'heures', 'supplémentaires'], ['astreintes'], ['définition'], ['indemnisation', 'astreintes'], ['planning', 'décompte'], ['modalites', 'organisation', 'temp', 'travail', 'salary', 'beneficiant', 'convention', 'forfait', 'jours'], ['salariés', 'pouvant', 'bénéficier', 'convention', 'individuelle', 'forfait', 'jours'], ['convention', 'individuelle', 'forfait', 'jours'], ['nombre', 'journées', 'travail'], ['période', 'annuelle', 'référence'], ['fixation', 'forfait'], ['décompte', 'choix', 'jours', 'travaillés'], ['jours', 'repos', 'liés', 'forfait'], ['application', 'convention', 'forfait', 'jours', 'ouvre', 'salarié', 'bénéfice', 'jours', 'repos', 'ajoutant', 'repos', 'hebdomadaires', 'congés', 'payés', 'légaux', 'conventionnels', 'jours', 'fériés'], ['décompte', 'jours', 'travaillés'], ['évaluation', 'maîtrise', 'suivi', 'charge', 'travail'], ['répartition', 'prévisionnelle', 'charge', 'travail'], ['temp', 'repos'], ['amplitude', 'travail'], ['suivi', 'organisation', 'travail', 'charge', 'travail'], ['entretien', 'annuel'], ['entretien', 'fera', 'objet', 'compte-rendu', 'deux', 'exemplaires', 'conjointement', 'signés', 'salarié', 'supérieur', 'hiérarchique'], ['dispositif', 'alerte', 'charge', 'travail'], ['entretien', 'fera', 'objet', 'compte-rendu', 'deux', 'exemplaires', 'conjointement', 'signés', 'salarié', 'supérieur', 'hiérarchique'], ['dispositif', 'veille', 'charge', 'travail'], ['rémunération']]"
T03318000547,[]
T04519001858,"[['accord', 'entreprise', 'relatif', 'aménagement', 'temp', 'travail'], ['disposition', 'commune'], ['principe', 'annualisation'], ['durée', 'maximale', 'quotidienne', 'travail', 'effectif'], ['compteur', 'individuel'], ['décompte', 'absence', 'compteur', 'individuel'], ['lissage', 'rémunération', 'absence'], ['lissage', 'rémunération'], ['conséquence', 'absence', 'cours', 'période', 'rémunération'], ['modification', 'durée', 'travail', 'cours', 'période', 'annualisation'], ['disposition', 'spécifiques', 'salariés', 'temp', 'plein'], ['durée', 'travail', 'variation', 'activité', 'salariés', 'temp', 'plein', 'année'], ['amplitude', 'variation', 'durée', 'travail'], ['heures', 'supplémentaires', 'contingent', 'annuel'], ['notification', 'répartition', 'travail'], ['notification', 'horaires', 'travail'], ['modification', 'horaires', 'travail'], ['régularisation', 'compteurs', 'salariés', 'présent', 'totalité', 'période', 'référence'], ['solde', 'compteur', 'négatif'], ['régularisation', 'compteurs', 'salarié', 'présent', 'partiellement', 'période', 'référence'], ['solde', 'compteur', 'positif', 'dépassement', 'durée', 'annuelle'], ['solde', 'compteur', 'négatif'], ['disposition', 'spécifiques', 'salariés', 'temp', 'partiel'], ['durée', 'travail', 'variation', 'activité', 'salariés', 'temp', 'partiel', 'année'], ['amplitude', 'variation', 'durée', 'travail'], ['heures', 'complémentaires'], ['horaires', 'travail', 'planning'], ['notification', 'horaires', 'travail'], ['modification', 'répartition', 'horaires', 'travail'], ['contrepartie', 'réduction', 'délai', 'modification', 'horaires'], ['contreparties', 'salariés', 'temp', 'partiel'], ['régularisation', 'compteurs', 'salariés', 'présent', 'totalité', 'période', 'référence'], ['solde', 'compteur', 'positif', 'dépassement', 'durée', 'annuelle'], ['solde', 'compteur', 'négatif'], ['régularisation', 'compteurs', 'salarié', 'présent', 'partiellement', 'période', 'référence'], ['solde', 'compteur', 'positif', 'dépassement', 'durée', 'annuelle'], ['solde', 'compteur', 'négatif'], ['entrée', 'vigueur'], ['durée', 'révision', 'dénonciation', 'accord']]"
T07521034709,"[['accord', 'amenagement', 'reduction', 'temp', 'travail'], ['principe', 'organisation', 'temp', 'travail', 'tous', 'salary'], ['définition', 'temp', 'travail', 'effectif'], ['limites', 'durée', 'travail'], ['limites', 'maximales', 'quotidiennes'], ['limites', 'maximales', 'hebdomadaires'], ['durées', 'minimales', 'repos', 'applicables', 'ensemble', 'personnel'], ['répartition', 'durée', 'travail'], ['suivi', 'temp', 'travail', 'ensemble', 'personnel'], ['traitement', 'fin', 'annee', 'ca', 'absence', 'longues', 'duree', 'ald'], ['journée', 'solidarité'], ['présentation', 'différentes', 'modalités', 'aménagement', 'temp', 'travail'], ['horaires', 'variable', 'hors', 'salary', 'temp', 'partiel'], ['plage', 'variable'], ['organisation', 'horaires'], ['pause', 'déjeuner'], ['iii', 'cumuls', 'heures'], ['décompte', 'jours', 'demi-journées'], ['durée', 'travail', 'périodes', 'référence'], ['salariés', 'cdi'], ['salariés', 'cdd', 'intérimaires', 'plus', 'semaines'], ['calendriers', 'prévisionnels', 'délais', 'prévenance', 'ca', 'modification'], ['modalités', 'prise', 'jrtt'], ['heures', 'supplémentaires', 'hebdomadaires'], ['heures', 'supplémentaires', 'annuelles'], ['salariés', 'cdi'], ['repos', 'compensateur', 'remplacement'], ['cdd', 'plus', 'semaines'], ['lissage', 'rémunération'], ['absence'], ['embauche', 'rupture', 'contrat', 'cours', 'période', 'référence'], ['salariés', 'temp', 'partiel'], ['définition'], ['aménagement', 'temp', 'travail'], ['heures', 'complémentaires'], ['salariés', 'visés'], ['durée', 'travail', 'annuelle'], ['temp', 'travail', 'repos', 'personnel', 'agent', 'maitrise', 'forfait', 'annuel', 'jours'], ['aménagement', 'temp', 'travail', 'personnel', 'relevant', 'coefficient', '315', '350', 'forfait', 'annuel', 'jours'], ['amplitude', 'journalière', 'entend', 'nombre', 'heures', 'comprises', 'entre', 'commencement', 'fin', 'journée', 'comprenant', 'pause', 'coupures'], ['recours', 'compte', 'épargne', 'temp', 'monétisation', 'certains', 'jours'], ['cet'], ['monétisation', 'jrtt'], ['arrivées', 'cours', 'période', 'temp', 'partiel'], ['modalités', 'suivi', 'forfaits', 'annuels', 'jours'], ['caractéristiques', 'principales', 'convention', 'individuelles'], ['salariés', 'visés'], ['durée', 'travail', 'annuelle'], ['amplitude', 'journalière', 'entend', 'nombre', 'heures', 'comprises', 'entre', 'commencement', 'fin', 'journée', 'comprenant', 'pause', 'coupures'], ['recours', 'compte', 'épargne', 'temp', 'monétisation', 'certains', 'jours'], ['cet'], ['monétisation', 'jrtt']]"
T06421004709,"[['accord', 'entreprise', 'relatif', 'indemnites', 'trajet', 'contingent', 'heures', 'supplementaires'], ['objet'], ['indemnité', 'trajet'], ['contingent', 'annuel', 'heures', 'supplémentaires'], ['consultation', 'personnel'], ['suivi', 'révision', 'dénonciation', 'accord'], ['dépôt', 'publicité', 'accord']]"
T03519003768,"[['accord', 'entreprise'], ['relatif', 'contingent', 'heures', 'supplémentaires'], ['contingent', 'heures', 'supplémentaires'], ['majorations', 'applicables', 'heures', 'supplémentaires'], ['formalités']]"
A09218030382,"[['accord', 'entreprise', 'organisation'], ['temp', 'travail'], ['contingent', 'heures', 'supplementaires'], ['repos', 'journaliers', 'hebdomadaires'], ['durees', 'maximales', 'travail', 'cadre', 'modulation'], ['annualisation'], ['programme', 'prévisionnel', 'répartition', 'horaires'], ['absence', 'plusieurs', 'salariés', 'service'], ['annulation', 'ajout', 'modification', 'manifestation', 'évènements'], ['amplitude', 'annualisation'], ['absence', 'rémunération'], ['entrées', 'sortie', 'cours', 'période', 'rémunération'], ['duree', 'accord'], ['denonciation', 'revision'], ['publicite', 'depot']]"
T07519011544,"[['accord', 'entreprise', 'relatif', 'amenagement', 'temp', 'travail'], [], [], ['définitions', 'nature', 'objet', 'présent', 'accord'], ['nature', 'présent', 'accord'], [], ['objectifs', 'présent', 'accord'], [], ['champ', 'application', 'bénéficiaires', 'présent', 'accord'], ['bénéficiaires', 'présent', 'accord'], ['encadrement', 'niveau', 'échelon', 'coefficient', '300', 'titre', 'premier', 'mois', 'expérience', 'statut'], ['niveau', 'échelon', 'coefficient', '390'], ['niveau', 'échelons', 'coefficient', '457', '723'], ['situation', 'spécifiques'], [], ['cadre', 'général'], ['annualisation', 'temp', 'travail'], ['jours'], ['gestion', 'jours', 'rtt'], ['acquisition'], ['prise', 'jours', 'rtt'], ['heures', 'supplémentaires'], ['définition', 'heures', 'supplémentaires'], ['décompte', 'heures', 'supplémentaires'], ['définition', 'heures', 'supplémentaires', 'rémunérées', 'au-delà', 'convention', 'individuelle', 'forfait'], ['contingent', 'conventionnel', 'heures', 'supplémentaires'], ['repos', 'absence'], ['modalités', 'prise', 'compte', 'absence', 'arrivées', 'départs', 'cours', 'exercice'], ['suivi', 'organisation', 'temp', 'travail', 'repos'], ['suivi', 'individuel'], ['suivi', 'collectif'], ['jours', 'récupération'], [], ['bénéficiaires'], ['niveau', 'échelon', 'coefficient', '390'], ['niveau', 'échelons', 'coefficient', '457', '723'], ['durée', 'annuelle', 'travail'], ['jours'], ['salariés', 'temp', 'partiel'], ['accord', 'party', 'donnera', 'lieu', 'signature', 'avenant', 'contrat', 'travail'], ['gestion', 'jours', 'repos'], ['repos', 'quotidien', 'hebdomadaire'], ['respect', 'durée', 'maximale', 'raisonnable', 'travail'], ['repos', 'quotidien', 'hebdomadaire'], ['amplitude', 'charge', 'travail'], ['auto-déclaratif', 'effectué', 'personnel', 'relevant', 'décompte', 'jours', 'durée', 'travail'], ['assistance'], ['procédure', 'complémentaire']]"
T07721005419,"[['proces', 'verbal', 'accord', 'relatif', 'remuneration', 'temp', 'travail', 'partage', 'valeur', 'ajoutee', 'egalite', 'professionnelle', 'maintien', 'emploi', 'senior'], ['negociations', 'annuelles', 'obligatoires', '2021'], ['duree', 'effective', 'organisation', 'temp', 'travail'], ['organisation', 'temp', 'pause', 'heures', 'supplémentaires', 'effectuées'], ['articulation', 'vie', 'privée/vie', 'professionnelle'], ['publicite', 'depot', 'legal'], ['champ', 'application', 'accord'], ['date', 'application', 'accord'], ['salaires'], ['minimum', 'salariaux'], ['mesures', 'collective'], ['mesures', 'individuelles'], ['prime', 'partage', 'valeur', 'ajoutee'], ['prime', 'alternance'], ['prime', 'décembre'], ['prime', 'vacances'], ['prime', 'spot'], ['prime', 'conducteur', 'engins'], ['abondement', 'perco'], ['prime', 'présence', 'estivale'], ['duree', 'effective', 'organisation', 'temp', 'travail'], ['organisation', 'temp', 'pause', 'heures', 'supplémentaires', 'effectuées'], ['organisation', 'temp', 'pause', 'temp', 'partiels', 'thérapeutiques'], ['samedi', 'supplémentaire'], ['contingent', 'heures', 'supplémentaires'], ['aménagement', 'horaires', 'ca', 'fortes', 'chaleurs'], ['avantages', 'sociaux'], ['titre', 'restaurant'], ['journée', 'solidarité'], ['droit', 'déconnexion', 'limitation', 'utilisation', 'messagerie', 'professionnelle', 'téléphonie', 'mobile'], ['gratification', 'médailles', 'travail'], ['egalite', 'professionnelle'], ['respect', 'principe', 'général', 'neutralité', 'non-discrimination'], ['rémunération', 'effective'], ['accès', 'emploi'], ['formation', 'professionnelle'], ['articulation', 'vie', 'privée/vie', 'professionnelle'], ['situation', 'femmes', 'situation', 'grossesse'], ['maintien', 'emploi', 'senior'], ['majoration', 'indemnité', 'départ', 'retraite', 'ca', 'minoration', 'droits', 'agirc-arrco'], ['duree', 'accord'], ['publicite', 'depot', 'legal']]"
T02922006376,"[['organisation', 'optimisation', 'ressources'], ['amélioration', 'condition', 'travail'], ['accord', 'ailleurs', 'fait', 'objet', 'formalités', 'dépôt', 'publicité', 'nécessaires'], ['champ', 'application', 'accord'], ['durees', 'maximale', 'travail', 'repartition', 'travail'], ['organisation', 'temp', 'travail', 'annualise', 'salary', 'temp', 'partiel'], ['définition'], ['modalités', 'gestion'], ['gestion', 'rémunération'], ['heures', 'complémentaires'], ['gestion', 'absence'], ['impact', 'durée', 'travail'], ['impact', 'rémunération'], ['periode', 'reference', 'acquisition', 'conge', 'paye'], ['duree', 'revision', 'denonciation', 'accord']]"
T05720003106,"[['champ', 'application'], ['motif', 'mise', 'place', 'amenagement'], ['amenagement', 'temp', 'travail'], ['modalites', 'mise', 'œuvre', 'amenagement'], ['remuneration'], ['heures', 'supplementaires', 'complementaires'], ['paiement', 'cours', 'periode', 'amenagement'], ['salary', 'temp', 'plein'], ['salary', 'temp', 'partiel'], ['majoration', 'heures', 'supplementaires/complementaires'], ['gestion', 'planning'], ['absence', 'maladie'], ['periodes', 'reference', 'conge', 'paye', 'regime', 'derogatoire'], ['conge', 'paye'], ['duree', 'accord'], ['validite', 'accord'], ['entree', 'vigueur', 'accord']]"
T07518000359,"[['salaires', 'remuneration'], ['condition', 'travail'], ['augmentation', 'salaires'], ['concernant', 'augmentation', 'générale', 'salaires'], ['agissant', 'heures', 'supplémentaires'], ['résumé', 'éléments', 'négociation', 'question', 'heures', 'supplémentaires']]"
T02119001438,"[['accord', 'portant', 'régime', 'travail', 'concernant', 'régime', 'travail', 'établissement', 'avallon', 'pdc', 'site', 'vermenton'], ['durée', 'travail'], ['aménagement', 'temp', 'travail'], ['heures', 'supplémentaires'], ['définition'], ['rémunération'], ['embauche', 'rupture', 'contrat', 'travail', 'cours', 'période', 'référence'], ['salariés', 'temp', 'partiel'], ['commission', 'suivi', 'clause', 'rendez-vous'], ['publicité']]"
T03923002535,"[['accord', 'entreprise', 'relatif'], ['amenagement', 'durée', 'travail'], ['activité', 'évènementielle', 'organisation', 'spectacle', 'soirée', 'nécessite', 'organisation', 'régulière', 'travail', 'après', 'heures'], ['heures', 'supplémentaires'], ['cet', 'article', 'substitue', 'article', 'accord', '30/03/1999', 'convention', 'collective', 'tourisme', 'organismes'], ['travail', 'dimanche'], ['jours', 'fériés'], ['travail', 'nuit'], ['entreprise', 'engage'], ['prime', 'intervention'], ['entrée', 'vigueur', 'durée', 'accord'], ['portée', 'accord'], ['dépôt', 'publicité', 'accord']]"
T07618000106,"[['champ', 'application', 'accord'], ['forfait', 'annuel', 'jours'], ['définition'], ['catégories', 'salariés', 'concernés'], ['période', 'référence', 'forfait'], ['caractéristiques', 'principales', 'convention', 'forfait'], ['nombre', 'jours', 'travaillés', 'année'], ['prise', 'fixation', 'date', 'jours', 'réduction', 'temp', 'travail'], ['droit', 'repos', 'amplitude', 'horaire'], ['amplitude', 'journalière', 'travail', 'intègre', 'temp', 'pause', 'restauration'], ['contrôle', 'durée', 'travail'], ['droit', 'alerte'], ['10-', 'entretien', 'annuel'], ['11-', 'droit', 'déconnexion'], ['heures', 'supplementaires'], ['définition', 'heures', 'supplémentaires'], ['catégories', 'salariés', 'concernés'], ['contrepartie', 'heures', 'supplémentaires'], ['temp', 'deplacement', 'techniciens'], ['catégories', 'salariés', 'concernés'], ['définition', 'temp', 'déplacement'], ['modalités', 'traitement', 'temp', 'déplacement'], ['modalités', 'prises', 'repos', 'généré'], ['grand', 'déplacements'], ['travail', 'nuit', 'occasionnel', 'techniciens'], ['principe', 'généraux'], ['régime', 'astreinte'], ['périodes', 'astreinte'], ['intervention', 'pendant', 'astreinte'], ['moyens', 'matériels'], ['contrepartie', 'obligatoire', 'repos', 'cor'], ['clause', 'generales'], ['date', 'durée', 'application'], ['mise', 'cause', 'accord'], ['information', 'personnel'], ['publicité', 'dépôt', 'légal']]"
A08417002685,"[['vavaavenant', 'revision', 'accord', 'substitution', 'relatif', 'condition', 'travail', 'remuneration', 'conducteurs', 'routiers'], ['termes', 'article', 'dudit', 'accord', 'août', '2006', 'période', 'référence', 'permettant', 'détermination', 'temp', 'travail', 'ouvrant', 'rémunération', 'compensation', 'fixée', 'trimestre'], ['cet', 'accord', 'substitue', 'automatiquement', 'intégralement', 'stipulation', 'article', 'accord', 'août', '2006', 'éventuels', 'accord', 'usage', 'engagement', 'unilatéraux', 'toutes', 'autres', 'pratiques', 'nature', 'existant', 'entreprise', 'date', 'signature'], ['article', 'accord', 'août', '2006', 'modifie', 'comme', 'suit'], ['principe', 'généraux'], ['période', 'référence'], ['repos', 'compensateurs'], ['disposition', 'finale'], ['durée-entrée', 'vigueur']]"
T06319001106,"[['accord', 'entreprise'], ['ensemble', 'personnel', 'salarié'], ['objet'], ['durée', 'travail'], ['définitions'], ['travail', 'effectif'], ['heures', 'supplémentaires'], ['temp', 'partiel'], ['champ', 'négociation', 'collective'], ['heures', 'supplémentaires', 'contingent', 'annuel'], ['heures', 'supplémentaires'], ['contingent', 'annuel', 'heures', 'supplémentaires'], ['temp', 'partiel'], ['majoration', 'heures', 'complémentaires'], ['organisation', 'travail'], ['planification', 'horaires'], ['contrôle', 'durée', 'travail'], ['avantages', 'nature'], ['congés', 'payés'], ['période', 'prise', 'congés', 'payés'], ['période', 'congé', 'principal'], ['détermination', 'date', 'départ', 'congés', 'payés'], ['procédure'], ['prime', 'ancienneté'], ['prime', 'treizième', 'mois'], ['définition'], ['condition', 'attribution'], ['modalités', 'calcul'], ['modalités', 'versement'], ['journée', 'solidarité'], ['principe'], ['salariés', 'nouvellement', 'embauchés'], ['valorisation', 'journée', 'solidarité'], ['modalités', 'décompte', 'journée', 'solidarité'], ['portée', 'accord'], ['suivi', 'accord', 'clause', 'rendez-vous'], ['dépôt', 'légal', 'publication']]"
T03119004840,"[['décompte', 'heures', 'supplémentaires'], ['exclusion', 'règle'], ['domaines', 'non', 'traités', 'accord'], ['durée', 'entrée', 'vigueur', 'champ', 'application'], ['révision']]"
T06623003347,"[['ségur', 'santé'], ['prime', 'grand', 'âge'], ['revalorisation', 'salaire', 'minimum'], ['viaminerva'], ['equilibre', 'financier', 'viasenior'], ['champ', 'application', 'accord'], ['entrée', 'vigueur', 'durée', 'accord'], ['adhésion', 'devra', 'faire', 'objet', 'dépôts', 'prévus', 'disposition', 'article', 'l2231-6', 'd2231-4', 'code', 'travail'], ['contenu', 'accord'], ['avantages', 'nature', 'personnel', 'cuisine'], ['heures', 'supplémentaires'], ['congés', 'payés'], ['classification', 'réévaluation', 'coefficient'], ['augmentation', 'prime', 'travaillées', 'jour', 'noël', 'jour'], ['indemnités', 'ségur', 'ségur', 'prime', 'grand', 'âge', 'conférence', 'métiers'], ['démarche', 'qualité', 'vie', 'travail', 'qvt'], ['dépôt', 'légal']]"
T04721001636,"[['accord', 'entreprise', 'relatif', 'accomplissement', 'heures', 'supplémentaires', 'contingent', 'heures', 'supplémentaires'], ['objet'], ['accomplissement', 'heures', 'supplémentaires'], ['contingent', 'annuel', 'heures', 'supplémentaires'], ['consultation', 'personnel'], ['suivi', 'révision', 'dénonciation', 'accord'], ['dépôt', 'publicité', 'accord'], ['accord', 'entrera', 'vigueur', 'jour', 'dépôt', 'auprès', 'autorité', 'administrative']]"
T01420002718,"[['protocole', 'accord', 'nao', '2019'], ['proposition', 'organisation', 'syndicales', 'position', 'direction'], ['disposition', 'finale']]"
T07520026129,"[['accord', 'amenagement'], ['périodes', 'référence'], ['droit', 'salariés', 'temp', 'partiel'], ['modification', 'durée', 'travail', 'cours', 'période', 'annualisation'], ['variation', 'durée', 'travail'], ['notification', 'répartition', 'travail'], ['décompte', 'durée', 'travail'], ['paiement', 'rémunération'], ['embauches', 'rupture', 'contrat', 'cours', 'période', 'annuelle'], ['périodes', 'non', 'travaillées', 'rémunérées'], ['périodes', 'non', 'travaillées', 'non', 'rémunérées'], ['heures', 'complémentaires'], ['heures', 'supplémentaires'], ['réduction', 'délai', 'modification', 'horaires'], ['contreparties'], ['régularisation', 'compteurs', 'mois', 'effectués'], ['régularisation', 'compteurs', 'mois', 'non-effectués'], ['validité', 'accord'], ['entrée', 'vigueur', 'durée', 'accord'], ['révision'], ['dépôt', 'publicité', 'accord']]"
T04723002725,"[['accord'], ['aménagement', 'temp', 'travail'], ['cadre', 'juridique'], ['domaine', 'application', 'accord'], ['durée', 'travail'], ['période', 'référence'], ['amplitude', 'modulation'], ['programme', 'indicatif', 'répartition', 'durée', 'travail'], ['délai', 'modification', 'horaires'], ['heures', 'supplémentaires'], ['paiement', 'heures', 'supplémentaires'], ['chômage', 'partiel', 'condition', 'recours'], ['rémunérations'], ['absence'], ['embauche', 'rupture', 'contrat', 'travail', 'cours', 'période', 'référence'], ['durée', 'accord', 'révision', 'dénonciation']]"
T08519002253,"[['accord'], ['montant', 'contingent', 'annuel'], ['heures', 'supplementaires'], ['objet', 'contingent', 'annuel', 'heures', 'supplementaires'], ['objet', 'depassement', 'duree', 'hebdomadaire', 'travail'], ['objet', 'depassement', 'duree', 'quotidienne', 'travail', 'effectuée'], ['stipulation', 'complémentaires'], ['durée', 'présent', 'accord'], ['revision'], ['dépôt']]"
T03519003892,"[['accord', 'entreprise'], ['relatif', 'contingent', 'heures', 'supplémentaires'], ['contingent', 'heures', 'supplémentaires'], ['majorations', 'applicables', 'heures', 'supplémentaires', 'clause', 'facultative'], ['formalités']]"
T04420006992,"[['accord', 'entreprise', 'relatif', 'prise', 'congés', 'payés', 'contingent', 'heures', 'supplémentaires'], ['report', 'et/ou', 'fixation', 'date', 'congés', 'payés'], ['contingent', 'heures', 'supplémentaires'], ['majorations', 'applicables', 'heures', 'supplémentaires', 'clause', 'facultative']]"
T04922008925,"[['accord', 'entreprise'], ['relatif', 'duree', 'travail'], ['champ', 'application'], ['organisation', 'temp', 'travail'], ['modalités', 'organisation', 'durée', 'travail'], ['durées', 'maximum', 'travail'], ['heures', 'supplémentaires'], ['contingent', 'annuel', 'heures', 'supplémentaires'], ['majoration', 'heures', 'supplémentaires'], ['paiement', 'heures', 'supplémentaires'], ['paiement', 'argent'], ['paiement', 'sou', 'forme', 'repos', 'compensateur', 'remplacement', 'compteur'], ['modalités', 'enregistrement', 'temp', 'travail'], ['conge', 'paye', 'journee', 'solidarite'], ['période', 'prise', 'congés', 'payés'], ['journée', 'solidarité'], ['disposition', 'finale'], ['modalités', 'conclusion', 'présent', 'accord'], ['dépôt', 'publicité', 'accord']]"
T09222035849,"[['objet', 'champ', 'application'], ['objet'], ['bénéficiaires'], ['principe', 'generaux', 'relatifs', 'organisation', 'duree', 'travail'], ['durée', 'travail', 'référence'], ['travail', 'effectif', 'temp', 'pause'], ['modalités', 'décompte', 'temp', 'travail', 'effectif'], ['durées', 'maximales', 'travail', 'salariés', 'dont', 'temp', 'travail', 'décompté', 'heures'], ['repos', 'hebdomadaire'], ['organisation', 'travail'], ['modalités', 'organisation', 'temp', 'travail', 'décompté', 'heures', 'acquisition', 'jours', 'rtt'], ['modalités', 'acquisition', 'jours', 'rtt'], ['modalités', 'acquisition'], ['modalités', 'prise', 'jours', 'rtt'], ['incidence', 'absence', 'jours', 'rtt'], ['embauche', 'départ', 'cours', 'année'], ['lissage', 'rémunération', 'incidence', 'absence', 'cours', 'période', 'référence'], ['heures', 'supplementaires', 'repos', 'compensateur'], ['définition', 'heures', 'supplémentaires'], ['décompte', 'heures', 'supplémentaires'], ['repos', 'compensateur'], ['disposition', 'specifiques', 'personnel', 'sedentaire', 'reseau'], ['disposition', 'propres', 'personnel', 'roulant'], ['bénéficiaires'], ['durée', 'travail', 'temp', 'service'], ['rémunération', 'temp', 'service'], ['heures', 'supplémentaires'], ['définition'], ['définition', 'majorations', 'salaires'], ['autres', 'personnel', 'roulants'], ['repos', 'hebdomadaires'], ['repos', 'compensateur'], ['travail', 'nuit'], ['définition', 'travail', 'nuit'], ['compensation', 'travail', 'nuit'], ['evolution', 'disposition', 'légales', 'règlementaires', 'applicables', 'personnel', 'roulant'], ['départs', 'dimanches', 'jours', 'fériés'], ['conge'], ['périodes', 'référence'], ['droits', 'congés', 'annuels'], ['modalités', 'décompte', 'congés', 'annuels'], ['journée', 'solidarité'], ['fractionnement'], ['disposition', 'generales'], ['interprétation', 'accord', 'règlement', 'litiges'], ['conformément', 'article', '2261-3', 'code', 'travail', 'ca', 'échéant', 'organisation', 'syndicale', 'non-signataire', 'pourra', 'adhérer', 'présent', 'accord'], ['dénonciation'], ['clause', 'évolution']]"
T08221001065,"[['disposition', 'generales'], ['temp', 'travail', 'effectif'], ['durées', 'maximales', 'travail'], ['repos', 'quotidien', 'hebdomadaire'], ['heures', 'supplémentaires'], ['définition'], ['déclenchement'], ['majoration', 'compensation'], ['contingent'], ['journée', 'solidarité'], ['modalité', 'suivi', 'temp', 'travail'], ['rémunération'], ['voir', 'tableau', 'indicatif', 'absence', 'rémunérées', 'absence', 'non', 'rémunérées'], ['modalites', 'amenagement', 'temp', 'travail', 'societe'], ['modalite', 'non-cadre', 'heures', 'hebdomadaires'], ['organisation', 'temp', 'travail'], ['heures', 'supplémentaires'], ['rémunération'], ['durée', 'travail', 'organisation', 'temp', 'travail'], ['jours', 'repos', 'récupérateur', 'jrr36h'], ['heures', 'supplémentaires'], ['rémunération'], ['durée', 'travail', 'organisation', 'temp', 'travail'], ['jours', 'repos', 'jrr', '36h50'], ['heures', 'supplémentaires'], ['rémunération'], ['condition'], ['jours', 'repos', 'rtt'], ['contrôle', 'décompte', 'jours', 'travaillés', 'non', 'travaillés'], ['rémunération'], ['garanties'], ['travail', 'temp', 'partiel'], ['définition'], ['passage', 'temp', 'partiel', 'retour', 'temp', 'plein'], ['heures', 'complémentaires'], ['jours', 'reduction', 'temp', 'travail', 'rtt', 'jours', 'repos', 'recuperateur', 'jrr'], ['formule', 'calcul', 'jrr'], ['acquisition', 'jours', 'rtt', 'jrr'], ['incidence', 'absence', 'entrée', 'départ', 'salarie', 'cours', 'année'], ['modalité', 'prise', 'jours', 'rtt', 'jrr'], ['issue', 'chaque', 'semestre', 'jrr', 'non', 'pris', 'perdus', 'sauf', 'ca', 'particulier'], ['evènements', 'exceptionnels', 'force', 'majeure'], ['horaires', 'travail', 'horaires', 'variable'], ['depot'], ['duree', 'date', 'effet'], ['revision', 'denonciation'], ['liste', 'indicative', 'non', 'limitative', 'absence', 'remunerees', 'non', 'remunerees']]"
T04423017001,"[['accord', 'relatif'], ['organisation'], ['temp', 'travail'], ['champ', 'application', 'cadre', 'juridique'], ['principe', 'generaux', 'temp', 'travail'], ['organisation', 'temp', 'travail', 'service', 'administratifs', 'mecanique'], ['organisation', 'temp', 'travail', 'cadre'], ['traitement', 'absence'], ['modalites', 'decompte', 'jours', 'travailles', 'non', 'travailles'], ['modalites', 'controle', 'suivi', 'charge', 'travail'], ['conclusion', 'convention', 'individuelle', 'chaque', 'salarie', 'concerne'], ['mise', 'place', 'interpretation', 'accord'], ['denonciation', 'revision', 'accord'], ['publication', 'accord'], ['champ', 'application', 'cadre', 'juridique'], ['principe', 'generaux', 'temp', 'travail'], ['duree', 'annuelle', 'collective', 'reference'], ['temp', 'travail', 'effectif'], ['definition', 'semaine', 'civile'], ['contingent', 'heures', 'supplementaires'], ['temp', 'habillage', 'deshabillage'], ['organisation', 'temp', 'travail', 'service', 'administratifs', 'mecanique'], ['organisation', 'temp', 'travail', 'cadre'], ['categorie', 'salary', 'concernes'], ['duree', 'travail'], ['organisation', 'jours', 'repos'], ['organisation', 'prises', 'jours', 'variera', 'selon', 'nécessités', 'organisation', 'service'], ['principe', 'suivants', 'appliqués'], ['traitement', 'absence'], ['modalites', 'decompte', 'jours', 'travailles', 'non', 'travailles'], ['modalites', 'controle', 'suivi', 'charge', 'travail'], ['document', 'suivi', 'amplitude', 'horaire', 'temp', 'repos', 'nombre', 'jours', 'travaillés'], ['entretiens', 'périodiques'], ['dispositif', 'alerte', 'ca', 'difficulté'], ['mise', 'place', 'interpretation', 'accord'], ['effet', 'duree', 'present', 'accord'], ['denonciation', 'revision', 'accord'], ['avenant', 'révision', 'substituera', 'plein', 'droit', 'disposition', 'présent', 'accord'], ['publication', 'accord']]"
T03423008357,"[['accord', 'entreprise', 'relatif', 'contingent', 'heures', 'supplementaires'], ['définition', 'heures', 'supplémentaires'], ['accomplissement', 'heures', 'supplémentaires'], ['contingent', 'annuel', 'heures', 'supplémentaires'], ['contreparties', 'obligatoires', 'repos'], ['consultation', 'personnel'], ['dépôt']]"
T09422009834,"[['accord', 'portant', 'annualisation', 'temp', 'travail'], ['aménagement', 'temp', 'partiel', 'année', 'civile'], ['modalités', 'aménagement', 'temp', 'partiel', 'année', 'civile'], ['contractualisation', 'annulation', 'temp', 'partiel'], ['décompte', 'durée', 'travail'], ['heures', 'complémentaires'], ['calendrier', 'prévisionnel', 'condition', 'délais', 'prévenance', 'changements', 'durée', 'horaires', 'travail'], ['modalités', 'communication', 'modification', 'répartition', 'durée', 'horaires', 'travail'], ['lissage', 'rémunération'], ['absence'], ['régime', 'absence', 'non', 'récupérables', 'absence', 'maladie', 'accident', 'travail', 'maternité…'], ['indemnisation', 'absence'], ['incidence', 'absence', 'non', 'récupérables', 'compteur', 'horaire', 'modulation', 'fin', 'année'], ['régime', 'absence', 'récupérables', 'congé', 'sans', 'solde', 'absence', 'injustifiées…'], ['embauche', 'rupture', 'contrat', 'travail', 'transfert', 'contrat', 'travail', 'application', 'article', 'cours', 'année', 'civile'], ['clause', 'suivi', 'application', 'accord', 'entreprise'], ['clause', 'rendez-vous', 'interprétation', 'accord'], ['durée', 'entrée', 'vigueur', 'révision', 'dénonciation', 'accord'], ['dépôt', 'publicité', 'accord']]"
T07621006882,"[['accord', 'entreprise'], ['heures', 'supplémentaires'], ['contingent', 'heures', 'supplémentaires'], ['majorations', 'applicables', 'heures', 'supplémentaires'], ['horaires', 'travail'], ['organisation', 'petits', 'déplacements'], ['temp', 'trajet'], ['indemnité', 'trajet'], ['indemnité', 'trajet', 'prévue', 'article', 'viii-17', 'convention', 'collective', 'ouvriers', 'bâtiment', 'octobre', '1990', 'correspond', 'nécessité', 'rendre', 'quotidiennement', 'chantier', 'avant', 'journée', 'travail', 'revenir', 'après', 'journée', 'travail'], ['indemnité', 'repas'], ['formalités']]"
T07520022515,"[['disposition', 'generales'], ['objet', 'accord'], ['temp', 'travail', 'effectif'], ['temp', 'trajet'], ['temp', 'déplacement', 'professionnel'], ['temp', 'formation'], ['journée', 'solidarité'], ['congés'], ['congés', 'payés'], ['jours', 'congé', 'supplémentaire', 'titre', 'ancienneté'], ['don', 'congés', 'entre', 'salariés'], ['travail', 'samedi', 'dimanche', 'et/ou', 'jours', 'fériés'], ['temp', 'repas'], ['décompte', 'temp', 'travail'], ['récupération'], ['heures', 'supplémentaires', 'contingent', 'annuel'], ['salariés', 'temp', 'partiel'], ['heures', 'complémentaires'], ['garanties', 'salariés', 'temp', 'partiel'], ['durées', 'maximales', 'travail'], ['durée', 'maximale', 'quotidienne'], ['durée', 'maximale', 'hebdomadaire'], ['temp', 'pause', 'coupure'], ['repos'], ['repos', 'quotidien'], ['repos', 'hebdomadaire'], ['nombre', 'jours', 'forfait', 'période', 'référence'], ['badgeage'], ['acquisition', 'modalités', 'prise', 'jours', 'repos'], ['incidence', 'absence', 'cours', 'année'], ['rémunération'], ['rappel', 'liminaire'], ['suivi', 'contrôle', 'charge', 'travail'], ['droit', 'déconnexion'], ['forfait', 'jour', 'salariés', 'non', 'cadre'], ['teletravail'], ['définition', 'objet', 'télétravail'], ['condition', 'éligibilité', 'télétravail'], ['critères', 'éligibilité', 'liés', 'personne', 'collaborateur'], ['critères', 'éligibilité', 'métiers'], ['mise', 'oeuvre', 'télétravail'], ['candidature', 'acceptation'], ['télétravail', 'occasionnel'], ['formalités', 'mise', 'œuvre', 'télétravail'], ['période', 'adaptation'], ['réversibilité', 'permanente'], ['suspension', 'provisoire'], ['organisation']]"
T09221024959,"[['negociation', 'annuelle', 'obligatoire'], ['accord', 'entreprise', 'salaires', 'durée', 'effective', 'organisation', 'temp', 'travail', 'égalité', 'professionnelle', 'entre', 'hommes', 'femmes'], ['contenu', 'cet', 'accord'], ['emploi', 'travailleurs', 'handicapés'], ['sou', 'chapitre', 'utilisation', 'bons', 'délégation'], ['sou', 'chapitre', 'sensibilisation', 'sécurité'], ['prévention', 'pénibilité', 'travail'], ['sou', 'chapitre', 'durée', 'travail', 'organisation', 'temp', 'travail'], ['durée', 'effective', 'travail'], ['contingent', 'heures', 'supplémentaires'], ['horaires', 'travail'], ['personnel', 'etam', 'cadre'], ['personnel', 'atelier', 'dépôts'], ['personnel', 'bureau'], ['personnel', 'chantier'], ['dérogations', 'horaires'], ['ponts', 'jours', 'fériés'], ['etam', 'cadre'], ['journée', 'solidarité'], ['congés', 'payés', 'fermeture', 'fin', 'année'], ['détermination', 'nombre', 'jours', 'congés', 'payés'], ['congés', 'principaux'], ['egalité', 'professionnelle', 'entre', 'hommes', 'femmes'], ['pénibilité', 'travail'], ['publicité', 'accord']]"
T06220003528,"[['accord', 'entreprise', 'relatif', 'travail', 'dimanche', 'salariés', 'ebtm'], ['périmètre', 'accord'], ['principe', 'base', 'volontariat'], ['evolution', 'situation', 'personnelle', 'salariés', 'privés', 'repos', 'dominical', 'dimanche'], ['contreparties', 'accordées', 'salariés', 'privés', 'repos', 'dominical', 'matière', 'rémunération'], ['contreparties', 'accordées', 'salariés', 'privés', 'repos', 'dominical', 'matière', 'repos'], ['mesures', 'destinées', 'faciliter', 'conciliation', 'entre', 'vie', 'professionnelle', 'personnelle', 'salariés'], ['engagement', 'termes', 'emploi'], ['durée', 'formalité', 'dépôt', 'publicité', 'accord'], ['dépôt', 'légal', 'publicité', 'accord']]"
T05119001155,"[['accord', 'entreprise'], ['portant', 'négociation', 'annuelle'], ['titre', 'salaires', 'effectifs'], ['égalité', 'salariale'], ['ainsi', 'formation', 'professionnelle', 'continue'], ['présent', 'accord', 'établi', 'consécutivement', 'quatre', 'réunions', 'portant', 'négociation', 'annuelle', 'obligatoire', 'jean', 'chaumont', 'associés', 'titre', 'salaires', 'égalité', 'salariale', 'durée', 'travail', 'organisation', 'temp', 'travail', 'épargne', 'salariale', 'prévoyance', 'égalité', 'professionnelle', 'insertion', 'travailleurs', 'handicapés', 'situation', 'emploi', 'formation', 'professionnelle', 'continue', '2019/2020'], ['novembre', '2018'], ['salaires', 'effectifs'], ['augmentation', 'générale'], ['personnel', 'responsable', 'ligne'], ['personnel', 'cadre'], ['augmentation', 'individuelle'], ['durée', 'travail', 'organisation', 'travail', 'condition', 'travail', 'salaires', 'effectifs'], ['durée', 'travail'], ['organisation', 'temp', 'travail'], ['condition', 'travail'], ['amélioration', 'condition', 'travail', 'passe', 'organisation', 'travail', 'gestion', 'compétences', 'encadrement', 'dialogue', 'social'], ['heures', 'complémentaires', 'heures', 'supplémentaires'], ['jours', 'fériés'], ['journée', 'solidarité'], ['formation', 'professionnelle', 'continue'], ['epargne', 'salariale'], ['accord', 'intéressement'], ['accord', 'intéressement', 'titre', 'année', '2018', 'permis', 'distribuer', '23650€', 'brut', 'csg/rds'], ['supplément', 'intéressement'], ['egalité', 'salariale', 'professionnelle'], ['travailleurs', 'handicapés'], ['prévoyance'], ['mutuelle'], ['situation', 'emploi'], ['maintien', 'séniors', 'emploi'], ['budget', 'comité', 'entreprise'], ['durée'], ['publication', 'accord']]"
T04221004907,"[['accord', 'entreprise', 'relatif', 'heures', 'supplementaires', 'effectuees', 'certains', 'atelier'], ['société', 'applique', 'certain', 'nombre', 'atelier', 'modulation', 'dite', 'type', 'vertu', 'usage', 'faisant', 'suite', 'dénonciation', '2001', 'syndicat', 'signataire', 'ancien', 'accord', 'aménagement', 'temp', 'travail', 'signé', 'avril', '1999', 'vertu', 'disposition', 'article', 'accord', 'relatif', 'emploi', 'aménagement', 'réduction', 'temp', 'travail', 'convention', 'collective', 'nationale', 'branch', 'industry', 'alimentaires', 'diverses', 'convention', 'collective', 'nationale', 'biscotteries', 'biscuiteries', 'céréales', 'prêtes', 'consommer', 'préparer', 'chocolateries', 'confiseries', 'aliment', 'enfance', 'diététique', 'préparation', 'entremets', 'dessert', 'ménagers'], ['extension', 'horaires', 'samedi'], ['heures', 'supplémentaires'], ['dérogation', 'disposition', 'article', 'accord', 'relatif', 'emploi', 'aménagement', 'réduction', 'temp', 'travail', 'convention', 'collective', 'nationale', 'branch', 'industry', 'alimentaires', 'diverses', 'convention', 'collective', 'nationale', 'biscotteries', 'biscuiteries', 'céréales', 'prêtes', 'consommer', 'préparer', 'chocolateries', 'confiseries', 'aliment', 'enfance', 'diététique', 'préparation', 'entremets', 'dessert', 'ménagers', 'heures', 'supplémentaires', 'visées', 'article', 'présent', 'accord', 'rémunérées', 'donneront', 'lieu', 'congé', 'remplacement'], ['disposition', 'antérieures'], ['durée'], ['dépôt', '-publicité']]"
T07522045861,"[['accord', 'temp', 'travail', 'societe', 'tiffencoge'], ['1er', 'juillet', '2022'], ['disposition', 'commune'], ['modalités', 'renonciation', 'rachat', 'jours', 'repos', 'forfait', 'jrf'], ['evaluation', 'suivi', 'régulier', 'charge', 'travail'], ['favoriser', 'équilibre', 'entre', 'vie', 'professionnelle', 'vie', 'personnelle', 'salariés'], ['disposition', 'commune'], ['champ', 'application'], ['definition', 'temp', 'travail', 'effectif'], ['periode', 'reference', 'temp', 'travail'], ['disposition', 'specifiques', 'salary', 'non-cadres', 'cadre', 'non', 'beneficiaires', 'forfait', 'annuel', 'jours', 'travailles'], ['duree', 'travail'], ['organisation', 'temp', 'travail'], ['depassement', 'duree', 'hebdomadaire', 'travail'], ['reduction', 'droit', 'jours', 'repos', 'compensateurs'], ['disposition', 'specifiques', 'salary', 'cadre'], ['cadre', 'forfait', 'annuel', 'jours'], ['régime', 'forfait', 'annuel', 'jours'], ['bénéficient', 'également', 'éventuels', 'jours', 'congés', 'fractionnement', 'congés', 'spéciaux'], ['employeur', 'veillera', 'assurer', 'respect', 'temp', 'repos'], ['arrivées', 'départs', 'cours', 'période'], ['arrivées', 'cours', 'période', 'référence'], ['jours', 'jours', 'repos', 'acquis', 'année', 'complète'], ['détermination', 'nombre', 'jours', 'repos'], ['départ', 'cours', 'période', 'référence'], ['jours', 'jours', 'repos', 'acquis', 'année', 'complète'], ['impact', 'absence'], ['impact', 'arrivees', 'departs', 'cours', 'periode', 'absence', 'remuneration'], ['montant', 'salarié', 'titre', 'mois'], ['montant', 'salarié', 'titre', 'mois'], ['modalités', 'renonciation', 'rachat', 'jours', 'repos', 'forfait', 'jrf'], ['evaluation', 'suivi', 'régulier', 'charge', 'travail'], ['disposition', 'applicables', 'autres', 'cadre', 'bénéficiant', 'forfait', 'annuel', 'jours', 'travaillés'], ['prise', 'jours', 'conge', 'paye', 'jours', 'repos'], ['periode', 'reference', 'prise', 'congés', 'payés'], ['autorisation', 'prealable', 'toute', 'prise', 'jours', 'conge', 'paye', 'repos'], ['absence', 'report', 'jours', 'conge', 'paye', 'repos', 'non', 'pris'], ['modalites', 'calcul', 'octroi', 'jours', 'fractionnement'], ['don', 'jours']]"
T03421005753,"[['accord', 'entreprise', 'mesures', 'exceptionnelles', 'destinées', 'pallier', 'pénurie', 'personnel', 'soignant'], ['rémunération', 'heures', 'supplémentaires'], ['principe'], ['bénéficiaires'], ['montant'], ['période', 'application', 'modalités', 'paiement'], ['expiration', 'terme', 'rappelé', 'ci-dessus', 'article', 'cessera', 'plein', 'droit', 'ensemble', 'disposition'], ['prime', 'embauche', 'destinée', 'ide'], ['montant', 'modalités', 'versement'], ['remboursement', 'départ', 'anticipé'], ['prime', 'cooptation'], ['condition', 'versement'], ['montant', 'modalités', 'versement'], ['publicité', 'depôt', 'interprétation'], ['publicité', 'dépôt']]"
T07519014006,"[['accord', 'entreprise', 'relatif', 'heures', 'supplementaires'], ['taux', 'majoration', 'contingent', 'annuel'], ['octroi', 'rtt', 'salary', 'temp', 'partiel'], ['objet'], ['duree', 'collective', 'travail'], ['taux', 'majoration', 'heures', 'supplémentaires'], ['contingent', 'annuel', 'heures', 'supplémentaires'], ['travail', 'temp', 'partiel'], ['consultation', 'personnel'], ['suivi', 'révision', 'dénonciation', 'accord'], ['dépôt', 'publicité', 'accord']]"
T01319006311,"[['accord', 'entreprise', '2019/2020'], ['horaire', 'travail', 'collectif'], ['période', 'fiscale'], ['période', 'estivale'], ['ponts'], ['jours', 'conge', 'supplementaires'], ['recuperation', 'majorations', 'heures', 'supplementaires'], ['heures', 'supplémentaires', 'donnent', 'droit', 'majoration', 'conventionnelle'], ['conge', 'paye'], ['date', 'fermetures', 'cabinet'], ['lundi', 'pentecote'], ['formalites', 'mise', 'place', 'accord']]"
A07518030421,"[['accord', 'entreprise', 'relatif', 'modalites', 'organisation', 'amenagement', 'temp', 'travail', 'sein', 'societe'], ['principe', 'définitions'], ['temp', 'travail', 'effectif'], ['bornes', 'limites'], ['durée', 'maximale', 'quotidienne', 'travail'], ['durée', 'maximale', 'hebdomadaire'], ['repos', 'quotidien'], ['repos', 'hebdomadaire'], ['heures', 'supplémentaires'], ['rendez-vous'], ['cessation', 'accord', 'usage', 'existants', 'objet'], ['condition', 'validité'], ['conformément', 'article', 'l.2261-3', 'code', 'travail', 'organisation', 'syndicale', 'non', 'signataire', 'pourra', 'adhérer', 'présent', 'accord'], ['révision'], ['dénonciation']]"
T07122003642,"[['societe', 'forminov'], ['accord', 'portant', 'augmentation', 'contingent', 'heures', 'supplementaires'], ['champ', 'application'], ['heures', 'supplementaires'], ['date', 'effet-', 'duree', 'denonciation', 'adhesion', 'interpretation'], ['révision', 'dénonciation'], ['suivi', 'accord', 'rendez-vous']]"
T08323005085,"[['accord', 'entreprise', 'relatif', 'contingent', 'heures', 'supplémentaires'], ['objet'], ['définition', 'heures', 'supplémentaires'], ['accomplissement', 'heures', 'supplémentaires'], ['contingent', 'annuel', 'heures', 'supplémentaires'], ['contreparties', 'obligatoires', 'repos'], ['consultation', 'personnel'], ['dépôt', 'publicité', 'accord']]"
T01318000799,"[['objet', 'accord'], ['champ', 'application'], ['définitions'], ['durée', 'légale', 'travail'], ['temp', 'travail', 'effectif'], ['disposition', 'commune', 'salariés', 'bénéficiant', 'forfait', 'annuel', 'jours', 'salariés', 'mensualisés'], ['période', 'référence', 'acquisition', 'jours', 'rtt'], ['enregistrement', 'absence', 'type', 'rtt'], ['jours', 'rtt', 'imposés'], ['disposition', 'relative', 'salariés', 'bénéficiant', 'forfait', 'annuel', 'jours', 'cadre'], ['disposition', 'relative', 'temp', 'partiels'], ['heures', 'supplémentaires'], ['disposition', 'relative', 'salariés', 'mensualisés', 'non', 'cadre'], ['incidence', 'absence', 'acquisition', 'jours', 'rtt'], ['disposition', 'relative', 'contrats', 'alternance'], ['disposition', 'relative', 'temp', 'partiels'], ['journée', 'solidarité'], ['heures', 'supplémentaires'], ['information', 'salariés'], ['entrée', 'vigueur', 'durée', 'suivi', 'accord'], ['procédure', 'dénonciation', 'révision', 'accord'], ['révision'], ['dépôt', 'légal']]"
T06923060469,"[['accord', 'entreprise', 'relatif', 'heures', 'supplementaires', 'conge', 'paye', 'preavis'], ['heures', 'supplémentaires'], ['contingent'], ['taux', 'majoration'], ['congés', 'payés'], ['fractionnement'], ['préavis'], ['consultation', 'personnel'], ['dépôt', 'publicité', 'accord']]"
T02422001904,"[['accord', 'entreprise'], ['relatif', 'contingent', 'heures', 'supplémentaires'], ['champ', 'application', 'présent', 'accord'], ['définition', 'heures', 'supplémentaires'], ['contingent', 'heures', 'supplémentaires'], ['définition', 'contingent'], ['contrepartie', 'heures', 'supplémentaires'], ['information', 'salariés', 'contrepartie', 'repos'], ['majorations', 'applicables', 'heures', 'supplémentaires'], ['formalités']]"
T01322013943,"[['accord', 'atmosud', 'duree', 'indeterminee', 'temp', 'travail'], ['champ', 'application', 'durée', 'révision', 'dénonciation'], ['champ', 'application', 'accord'], ['date', 'effet', 'durée', 'révision', 'dénonciation', 'publicité', 'dépôt'], ['date', 'effet', 'durée', 'publicité', 'dépôt'], ['révision'], ['dénonciation'], ['interprétation'], ['durée', 'effective', 'travail'], ['temp', 'pause'], ['durée', 'quotidienne', 'durées', 'maximales', 'travail', 'amplitude', 'repos'], ['durée', 'quotidienne', 'durées', 'maximales', 'travail'], ['amplitude', 'repos', 'quotidien', 'hebdomadaire'], ['contrôle', 'temp', 'travail', 'effectif'], ['plage', 'horaires', 'fix', 'variable'], ['jours', 'fériés', 'congés', 'jours', 'fractionnement', 'enfants', 'malades'], ['jours', 'fériés'], ['jours', 'fractionnement'], ['conge', 'exceptionnels'], ['jours', 'enfants', 'malades'], ['congés', 'payés'], ['nombre', 'jours', 'congés', 'payés'], ['période', 'référence', 'congés', 'payés'], ['principe'], ['période', 'référence', 'annuelle'], ['durée', 'travail', 'salariés', 'temp', 'plein'], ['heures', 'supplémentaires'], ['décompte', 'heures', 'supplémentaires'], ['contingent', 'annuel'], ['rémunération', 'heures', 'supplémentaires', 'repos', 'remplacement'], ['modalités', 'aménagement', 'temp', 'travail', 'salariés', 'temp', 'plein'], ['ème', 'formule', 'forfait', 'jour', 'annualisé'], ['formule', 'dispositif', 'pluri-hebdomadaire', 'infra', 'annuel'], ['champ', 'application', 'personnel', 'concernés'], ['salariés', 'mineurs'], ['principe', 'durée', 'mensuelle', 'moyenne', 'travail'], ['condition', 'délais', 'prévenance', 'ca', 'changement', 'durée', 'horaire', 'travail'], ['limites', 'retenues', 'décompte', 'heures', 'supplémentaires'], ['personnel', 'concernés'], ['principe'], ['durée', 'mensuelle', 'moyenne', 'travail'], ['condition', 'délais', 'prévenance', 'ca', 'changement', 'durée', 'horaire', 'travail'], ['modalités', 'prise', 'jours', 'repos', 'année'], ['conséquence', 'règles', 'complémentaires', 'suivantes', 'applicables'], ['prise', 'compte', 'absence', 'attribution', 'jours', 'repos', 'année'], ['lissage', 'rémunération'], ['condition', 'prise', 'compte', 'rémunération', 'salariés', 'absence', 'arrivées', 'départs', 'cours', 'période'], ['absence'], ['arrivée', 'départ', 'cours', 'période', 'annualisation', 'temp', 'travail']]"
T06919008049,"[['accord', 'entreprise'], ['relatif', 'contingent', 'heures', 'supplémentaires'], ['contingent', 'heures', 'supplémentaires'], ['majorations', 'applicables', 'heures', 'supplémentaires', 'clause', 'facultative'], ['formalités']]"
T07922002807,"[['accord', 'collectif', 'entreprise'], ['durée', 'travail', 'annuel'], ['duree', 'travail'], ['disposition', 'commune'], ['information', 'salary'], ['différends'], ['modalité', 'application', 'sein', 'entreprise'], ['dépôt', 'accord'], ['transmission', 'accord', 'commission', 'paritaire', 'permanente', 'négociation', 'interprétation', 'branche'], ['publication', 'accord']]"
T03623001394,"[['accord', 'collectif', 'amenagement', 'temp', 'travail'], ['objet', 'accord'], ['semaine', 'travail', '4,5', 'jours'], ['durée', 'travail'], ['contrat', 'apprentissage', 'contrats', 'professionnalisation', 'stagiaires'], ['modalités', 'organisation', 'fixation', 'demie', 'journée', 'non', 'travaillée'], ['personnel', 'filière', 'administrative'], ['personnel', 'filière', 'exploitation'], ['heures', 'supplémentaires'], ['exercice', 'droit', 'déconnexion'], ['semaine', 'travail', 'cycle'], ['notion', 'temp', 'travail', 'effectif'], ['durées', 'maximales', 'travail'], ['repos', 'quotidien', 'hebdomadaire'], ['heures', 'supplémentaires'], ['issue', 'période', 'pluri-hebdomadaire', 'semaines', 'durée', 'travail', 'dépasse', 'heures', 'heures', 'excédentaires', 'rémunérées', 'majorations', 'afférentes'], ['congés', 'payés'], ['modalités', 'organisation', 'répartition', 'travail'], ['mise', 'place', 'organisation', 'cyclique', 'temp', 'travail'], ['période', 'référence'], ['durée', 'travail'], ['modification', 'délai', 'prévenance'], ['lissage', 'rémunération', 'gestion', 'absence', 'entrées-sorties', 'cours', 'cycle'], ['lissage'], ['absence'], ['suivi', 'révision', 'dénonciation', 'accord'], ['employeur', 'assure', 'modalités', 'mise', 'œuvre', 'accord', 'informe', 'chaque', 'année', 'comité', 'social', 'economique', 'modalités', 'exécution', 'celui-ci'], ['révision'], ['publicité', 'entrée', 'vigueur'], ['formulaire', 'demande', 'modification', 'annuelle', 'demi-journee', 'repos']]"
T05624060417,"[['accord', 'entreprise', 'relatif', 'nouveau', 'contrat', 'social', 'patissnack'], ['champ', 'application', 'accord'], ['organisation', 'generale', 'travail'], ['principe', 'général'], ['période', 'transitoire'], ['aménagement', 'travail', 'fixation', 'durée', 'horaires', 'travail'], ['planning', 'prévisionnel', 'activité'], ['amplitude', 'travail'], ['quotidienne'], ['temp', 'pause'], ['temp', 'habillage', 'déshabillage'], ['agit', 'actuellement', 'collaborateurs', 'travaillant', 'service', 'qualité', 'hygiène', 'production', 'maintenance', 'logistique'], ['modalités', 'gestion', 'temp', 'récupération'], ['heures', 'supplémentaires', 'contingent', 'annuel'], ['rémunération', 'lissage'], ['prise', 'compte', 'absence', 'rémunération'], ['journée', 'solidarité'], ['disposition', 'specifiques', 'salary', 'occupant', 'postes', 'cles', 'relatif', 'paiement', 'anticipe', 'heures', 'supplementaires', 'tout', 'long', 'annee'], ['fonctions', 'concernées', 'disposition', 'spécifiques'], ['lissage', 'rémunération'], ['taux', 'majoration', 'heures', 'supplémentaires', 'lissées'], ['dérogation', 'lissage', 'rémunération', 'heures', 'supplémentaires'], ['régularisation', 'heures', 'supplémentaires'], ['disposition', 'specifiques', 'salary', 'temp', 'partiel'], ['variation', 'durée', 'travail'], ['rémunération'], ['absence', 'arrivée', 'départ', 'cours', 'année'], ['disposition', 'specifiques', 'forfaits', 'annuel', 'jours'], ['salariés', 'concernés', 'forfait', 'annuel', 'jours', 'travail'], ['cadre', 'autonomes'], ['non', 'cadre'], ['adjoint', 'assistant', 'responsable', 'chargé', 'mission', 'techniciens', 'gestionnaires'], ['période', 'référence', 'décompte', 'jours', 'travaillés'], ['prise', 'compte', 'absence', 'entrées', 'sortie', 'cours', 'année'], ['absence'], ['entrée', 'cours', 'année'], ['sortie', 'cours', 'année'], ['convention', 'individuelle', 'forfait'], ['rémunération'], ['organisation', 'travail', 'garanties'], ['temp', 'repos'], ['suivi', 'charge', 'travail', 'amplitude', 'journées', 'travail', 'equilibre', 'vie', 'personnelle', 'vie', 'professionnelle'], ['entretiens', 'individuels'], ['forfait', 'jours', 'réduit'], ['jours', 'repos'], ['rémunération'], ['régime', 'forfait', 'jours', 'réduit'], ['décompte', 'jours', 'travaillés', 'non', 'travaillés']]"
T04423060828,"[['accord', 'entreprise', 'relatif', 'accomplissement', 'heures', 'supplémentaires', 'contingent', 'heures', 'supplémentaires'], ['champ', 'application'], ['objet'], ['definition', 'heures', 'supplementaires'], ['recours', 'heures', 'supplementaires'], ['contreparties', 'heures', 'supplementaires'], ['heures', 'supplémentaires', 'accomplies', 'sein', 'contingent'], ['heures', 'supplémentaires', 'accomplies', 'au-delà', 'contingent'], ['duree', 'accord'], ['suivi', 'revision', 'denonciation', 'accord'], ['depot', 'publicite']]"
T07522042642,"[['accord', 'entreprise', 'relatif', 'organisation', 'temp', 'travail'], ['article', 'l.2232-21', 'suivants', 'code', 'travail'], ['champ', 'application'], ['contingent', 'annuel', 'individuel', 'heures', 'supplementaires'], ['contingent', 'annuel'], ['convention', 'annuelle', 'forfaits', 'jours'], ['objet'], ['caractéristiques', 'convention', 'individuelles', 'forfait', 'jours'], ['condition', 'mise', 'place'], ['décompte', 'temp', 'travail'], ['prise', 'compte', 'absence', 'entrées', 'sortie', 'cours', 'année'], ['prise', 'jours', 'repos'], ['suivi', 'charge', 'travail', 'entretien', 'individuel', 'droit', 'déconnexion'], ['relevé', 'déclaratif', 'journées', 'demi-journées', 'travail'], ['indication', 'bénéfice', 'non', 'repos', 'quotidien', 'hebdomadaire'], ['entretien', 'individuel'], ['exercice', 'droit', 'déconnexion'], ['objet'], ['champ', 'application', 'travail', 'dominical'], ['lieux', 'travail', 'concernés'], ['engagement', 'termes', 'emploi'], ['principe', 'expression', 'volontariat'], ['principe', 'volontariat'], ['expression', 'volontariat'], ['droit', 'rétractation', 'déclaration', 'indisponibilité', 'ponctuelle'], ['dimanches', 'non', 'travaillés'], ['contreparties', 'travail', 'dominical'], ['majoration', 'salaire'], ['repos', 'hebdomadaires', 'ca', 'travail', 'dominical', 'régulier'], ['conciliation', 'vie', 'personnelle', 'vie', 'professionnelle', 'évolution', 'situation', 'personnelle', 'salary', 'prives', 'repos', 'dominical'], ['droit', 'vote'], ['entretien', 'suivi'], ['objet'], ['champ', 'application', 'travail', 'soirée'], ['lieux', 'travail', 'concernés'], ['engagement', 'termes', 'emploi'], ['principe', 'expression', 'volontariat'], ['principe', 'volontariat'], ['expression', 'volontariat'], ['droit', 'renonciation'], ['maternité'], ['soirées', 'non', 'travaillées'], ['contreparties', 'travail', 'soirée'], ['majoration', 'salaire'], ['repos', 'compensateur'], ['repos', 'quotidien'], ['conciliation', 'vie', 'personnelle', 'vie', 'professionnelle', 'évolution', 'situation', 'personnelle', 'salary']]"
T07424060539,"[['accord', 'entreprise', 'relatif', 'organisation', 'aménagement', 'temp', 'travail'], ['disposition', 'générales'], ['entrée', 'vigueur'], ['disposition', 'relative', 'durée', 'organisation', 'travail'], ['disposition', 'générales'], ['principe', 'modulation'], ['limites', 'durée', 'travail'], ['définition', 'durée', 'travail'], ['principe', 'généraux'], ['organisation', 'temp', 'travail'], ['période', 'référence', 'congés', 'payés'], ['délais', 'prévenance', 'compensation'], ['modification', 'durée', 'journée', 'travail', 'possibilités', 'exception'], ['périodes', 'incomplètes'], ['entrée', 'sortie', 'cours', 'année'], ['absence', 'cours', 'année'], ['journée', 'solidarité'], ['soldes', 'heures', 'fin', 'année'], ['jours', 'repos', 'dehors', 'planning', 'collectifs'], ['disposition', 'diverses'], ['entrée', 'vigueur'], ['adhésion', 'accord'], ['difficultés', 'interprétation'], ['publication', 'accord']]"
T04423018981,"[['accord', 'aménagement'], ['temp', 'travail'], ['accord', 'temp', 'travail', 'février', '2013'], [], ['disposition', 'propres', 'siège'], ['disposition', 'propres', 'skatepark'], ['disposition', 'propres', 'établissements', 'préfailles'], ['disposition', 'propres', 'établissement', 'formation'], ['travail', 'jours', 'féries'], ['salarié·es', 'préfailles'], ['journée', 'solidarité'], ['journée', 'solidarité'], ['disposition', 'relative', 'congés', 'etablissements', 'préfailles'], ['disposition', 'propres', 'établissements', 'préfailles'], ['astreintes'], ['définition'], ['modalité', 'mise', 'place'], ['rythme', 'compensation', 'financière'], ['travail', 'nuit'], ['travail', 'nuit'], ['travailleur', 'nuit'], ['cours', 'mois', 'consécutifs', '270', 'heures', 'travail', 'nuit'], ['travail', 'nuit', 'exceptionnel', 'établissements', 'skatepark', 'siège'], ['disposition', 'relative', 'entrée', 'vigueur', 'suivi', 'durée', 'révision', 'dénonciation', 'accord'], ['entrée', 'vigueur', 'durée', 'accord'], ['clause', 'suivi'], ['formalités', 'dépôt'], ['initiative', 'direction'], ['droit', 'déconnexion'], ['partie', 'droit', 'déconnexion'], ['affirmation', 'droit', 'déconnexion'], ['définition', 'droit', 'déconnexion'], ['partie', 'iii', 'bon', 'usage', 'outils', 'numériques', 'communication', 'professionnels', 'limitation', 'utilisation', 'hors', 'temp', 'travail'], ['mesures', 'visant', 'lutter', 'contre', 'utilisation', 'outils', 'numériques', 'communication', 'professionnels', 'hors', 'temp', 'travail'], ['mesures', 'visant', 'favoriser', 'communication'], ['mesures', 'visant', 'réduire', 'phénomènes', 'surcharge', 'cognitive'], ['partie', 'sensibilisation', 'formation', 'salarié·es'], ['action', 'menées', 'association'], ['suivi', 'usage', 'outils', 'numériques'], ['révision']]"
T08520003456,"[['accord', 'entreprise'], ['relatif', 'organisation', 'duree', 'travail'], ['champ', 'application'], ['organisation', 'temp', 'travail'], ['modalités', 'organisation', 'travail', 'entreprise'], ['temp', 'déplacements', 'rendre', 'chantiers'], ['temp', 'pause'], ['gestion', 'temp', 'travail'], ['modalités', 'organisation', 'temp', 'travail'], ['heures', 'supplémentaires'], ['modalités', 'enregistrement', 'temp', 'travail'], ['jours', 'fractionnement', 'conge', 'paye'], ['disposition', 'finale'], ['modalités', 'conclusion', 'présent', 'accord'], ['dépôt', 'publicité', 'accord']]"
T00222002221,"[['accord', 'collectif', 'relatif', 'mise', 'place', 'organisation', 'pluri-hebdomadaires', 'établissement', 'soissons', 'pdc', 'site', 'braine'], ['durée', 'travail'], ['aménagement', 'temp', 'travail'], ['heures', 'supplémentaires'], ['définition'], ['rémunération'], ['embauche', 'rupture', 'contrat', 'travail', 'cours', 'période', 'référence'], ['salariés', 'temp', 'partiel'], ['durée', 'accord', 'révision', 'dénonciation'], ['commission', 'suivi', 'clause', 'rendez-vous'], ['publicité']]"
T03322012106,"[['accord', 'entreprise', 'relatif', 'organisation', 'temp', 'travail'], ['champ', 'application'], ['disposition', 'generales', 'rappel', 'regles', 'applicables'], ['temp', 'travail', 'effectif', 'temp', 'pause'], ['durées', 'maximales', 'travail', 'temp', 'repos'], ['durées', 'maximales', 'temp', 'repos', 'applicables'], ['dépassement', 'durée', 'hebdomadaire', 'maximale'], ['droit', 'déconnexion'], ['définition'], ['modalités', 'aménagement', 'temp', 'travail', 'collaborateurs', 'éligibles', 'dispositif', 'annualisation'], ['période', 'référence'], ['durée', 'annuelle', 'travail'], ['amplitude', 'annualisation'], ['programme', 'indicatif', 'répartition', 'durée', 'travail'], ['impact', 'absence', 'arrivées', 'départs', 'cours', 'période', 'référence'], ['heures', 'supplémentaires'], ['définition', 'paiement', 'heures', 'supplémentaires'], ['repos', 'compensateur', 'remplacement'], ['lissage', 'rémunération'], ['contrôle', 'durée', 'travail'], ['entrée', 'vigueur', 'durée', 'accord'], ['publicité', 'dépôt', 'accord']]"
T97418000598,"[['accord', 'adaptation', 'fixant', 'nouveau', 'statut', 'collectif', 'unique', 'ensemble', 'salariés', 'entreprises', 'bourbon', 'lumiere', 'stamelec', 'reunion'], ['objet', 'accord'], ['organisation', 'amenagement', 'temp', 'travail', 'applicables'], ['regime', 'astreintes'], ['protection', 'sociale', 'applicable'], ['indemnite', 'trajet', 'repas'], ['ticket', 'restaurant'], ['disposition', 'diverses'], ['revision', 'denonciation'], ['dénonciation'], ['prise', 'effet', 'publicite'], ['modalités', 'répartition', 'travail'], ['définition', 'rythmes', 'travail'], ['variation', 'horaire', 'compte', 'compensation'], ['inverse', 'lorsque', 'horaire', 'effectué', 'inférieur', 'horaire', 'théorique', 'hebdomadaire', 'moyen', 'heures', 'différence', 'entre', 'horaire', 'travail', 'effectif', 'horaire', 'théorique', 'moyen', 'imputée', 'compte', 'compensation'], ['programmation', 'indicative', 'changement', 'planning'], ['qualification', 'heures', 'exclues', 'annualisation'], ['qualification', 'heures', 'intégrées', 'annualisation'], ['qualification', 'heures', 'excédant', 'heures', 'intégrées', 'annualisation'], ['contingent', 'heures', 'supplémentaires'], ['lissage', 'rémunération'], ['situation', 'salariés', 'travaillé', 'pendant', 'toute', 'période', 'référence'], ['absence'], ['chômage', 'partiel'], ['journée', 'solidarité'], ['disposition', 'catégorielles'], ['cadre', 'dirigeants'], ['cadre', 'autonomes', 'forfait', 'annuel'], ['disposition', 'temp', 'partiel'], ['principe', 'généraux'], ['avenant', 'contrat', 'travail'], ['rémunération'], ['égalité', 'droits'], ['retour', 'temp', 'plein'], ['organisation', 'astreintes'], ['personnel', 'concerné'], ['affichage', 'planning'], ['période', 'astreinte'], ['gestion', 'astreintes'], ['suivi', 'astreintes'], ['aménagement', 'horaire', 'hebdomadaire'], ['intervention'], ['rémunération', 'astreintes'], ['rémunération', 'intervention'], ['moyens', 'disposition']]"
T03321007268,"[['négociation', 'annuelle', 'obligatoire'], ['procès-verbal', 'accord'], ['frais', 'deplacement'], ['heures', 'nuit'], ['heures', 'supplementaires'], ['mutuelle', 'entreprise'], ['interessement', 'prime', 'covid'], ['condition', 'travail', 'condition', 'economiques']]"
T03022004359,"[['accord', 'collectif'], ['cadre', 'juridique', 'champ', 'application'], ['cadre', 'juridique'], ['principe', 'généraux', 'relatifs', 'durée', 'travail'], ['définition', 'temp', 'travail', 'effectif'], ['heures', 'supplémentaires'], ['définition', 'heures', 'supplémentaires'], ['contingent', 'annuel', 'heures', 'supplémentaires'], ['repos', 'compensateur', 'remplacement'], ['ancienneté', 'entreprise'], ['ancienneté', 'entreprise'], ['droit', 'déconnexion'], ['temp', 'repos'], ['temp', 'repos', 'quotidien', 'amplitude', 'journalière', 'travail'], ['temp', 'repos', 'hebdomadaire'], ['modalités', 'accomplissement', 'journée', 'solidarité'], ['cadre', 'juridique'], ['testeur', 'quality', 'assurance'], ['formateur'], ['durée', 'annuelle', 'travail'], ['détermination', 'durée', 'forfait', 'annuel'], ['période', 'référence'], ['jours', 'repos', 'supplémentaires'], ['suspension', 'contrat'], ['arrivée', 'départ', 'cours', 'période', 'référence'], ['rémunération', 'salariés', 'forfait'], ['repos', 'quotidien', 'hebdomadaire'], ['prise', 'jours', 'repos', 'supplémentaires', 'jr'], ['modalités', 'prise', 'jours', 'repos', 'supplémentaires'], ['renonciation', 'jr'], ['ca', 'particuliers', 'salariés', 'forfait', 'jours', 'réduit'], ['contrôle', 'durée', 'organisation', 'travail'], ['heures', 'repos', 'minimum', 'quotidien'], ['heures', 'repos', 'hebdomadaire', 'minimum'], ['repos', 'hebdomadaires'], ['congés', 'payés'], ['congés', 'conventionnels'], ['jours', 'repos', 'supplémentaires', 'liés', 'forfait'], ['tout', 'autres', 'absence'], ['entretien', 'individuel'], ['articulation', 'entre', 'activité', 'professionnelle', 'vie', 'personnelle', 'familiale'], ['déplacements', 'professionnels'], ['dépôt', 'publicité'], ['proces', 'verbal', 'consultation', 'salary', 'société', 'weekera']]"
T05623060399,"[['accord', 'entreprise'], ['disposition', 'générales'], ['objet'], ['principe', 'annualisation'], ['embauche', 'cours', 'période'], ['lissage', 'rémunération'], ['compteur', 'individuel'], ['périodes', 'non', 'travaillées', 'rémunérées'], ['périodes', 'non', 'travaillées', 'non', 'rémunérées'], ['notification', 'répartition', 'travail'], ['notification', 'horaires', 'travail', 'respect', 'plage', 'indisponibilité'], ['modification', 'horaires', 'travail', 'respect', 'plage', 'indisponibilité'], ['durée', 'travail'], ['heures', 'supplémentaires', 'contingent', 'annuel'], ['heures', 'complémentaires'], ['contreparties', 'salariés', 'temp', 'partiel'], ['régularisation', 'compteurs', 'salarié', 'présent', 'totalité', 'période', 'référence'], ['solde', 'compteur', 'négatif'], ['régularisation', 'compteurs', 'salarié', 'accompli', 'totalité', 'période', 'mois'], ['solde', 'compteur', 'négatif'], ['consultation', 'personnel'], ['durée'], ['suivi', 'révision', 'dénonciation', 'accord'], ['dépôt', 'publicité', 'accord']]"
T03323060031,"[['avenant', 'revision', 'accord', 'collectif', 'entreprise', 'substitution', 'cadre', 'fusion', 'aide', 'venir', '1er', 'janvier', '2022', 'modulation', 'temp', 'travail'], ['seuil', 'déclenchement', 'mensuel'], ['champ', 'application', 'entrée', 'vigueur', 'révision', 'dénonciation'], [], ['champ', 'application', 'catégorie', 'personnel', 'concernée', 'présent', 'accord'], ['ci-après', 'salariés'], [], ['entrée', 'vigueur', 'durée', 'révision', 'dénonciation'], ['aménagement', 'temp', 'travail', 'effectif', 'déclenchement', 'heures', 'supplémentaires', 'complémentaires'], ['ca', 'déblocage', 'anticipé', 'compteur', 'modulation'], [], [], ['décompte', 'paiement', 'heures', 'supplémentaires'], ['déclenchement', 'heures', 'supplémentaires'], ['exemple'], ['paiement', 'mensuel', 'heures', 'supplémentaires'], [], ['décompte', 'paiement', 'heures', 'complémentaires'], ['déclenchement', 'heures', 'complémentaires'], ['exemple'], ['contrat', 'travail', 'temp', 'partiel', '110', 'heures'], ['paiement', 'mensuel', 'heures', 'complémentaires'], ['dépôt', 'révision', 'dénonciation']]"
T05721004173,"[['accord', 'entreprise', 'proposé', 'ratification', 'salariés'], [], ['disposition', 'générales'], ['objet', 'accord'], [], ['rappel', 'principe', 'directeurs'], ['horaire', 'collectif'], ['repos', 'hebdomadaire'], ['heures', 'supplémentaires'], ['contingent', 'annuel', 'heures', 'supplémentaires'], ['dépassement', 'contingent', 'annuel', 'heures', 'supplémentaires'], ['contrepartie', 'sou', 'forme', 'repos'], ['modalités', 'prise', 'droit', 'repos'], ['indemnisation', 'contrepartie', 'repos'], ['rémunération', 'heures', 'supplémentaires'], [], ['définitions'], ['planning', 'volume', 'répartition', 'durée', 'horaire', 'travail', 'individuel'], ['condition', 'délais', 'prévenance', 'changements', 'planning'], ['détermination', 'modalités', 'variation', 'planning'], ['modalités', 'communication', 'planning', 'travail'], ['condition', 'rémunération'], ['rémunération', 'cours', 'période', 'référence'], ['heures', 'supplémentaires', 'cours', 'période', 'référence'], ['qualification', 'heures', 'supplémentaires', 'cours', 'période', 'référence'], ['utilisation', 'heures', 'supplémentaires', 'cours', 'période', 'référence'], ['jour', 'repos', 'compensateur'], ['heures', 'repos', 'compensateur', 'remplacement'], ['incidence', 'rémunération', 'absence', 'arrivées', 'départs', 'salariés', 'cours', 'période', 'référence'], [], ['dispositifs', 'aménagement', 'temp', 'travail'], ['convention', 'forfait', 'annuel', 'jours'], ['salariés', 'éligibles'], ['convention', 'individuelle', 'forfait'], ['détermination', 'forfait'], ['jours', 'repos', 'supplémentaires'], ['modalités', 'organisation', 'travail'], ['suivi', 'charge', 'travail'], ['dépassement', 'forfait'], ['convention', 'forfait', 'annuel', 'heures'], ['salariés', 'éligibles'], ['convention', 'individuelle', 'forfait'], ['détermination', 'forfait'], ['modalités', 'organisation', 'travail'], ['titre', 'restaurant'], ['prime', 'ancienneté']]"
T02618000362,"[['accord', 'entreprise', 'création', 'pôle', 'remplacement'], ['objectif', 'pôle', 'remplacement'], ['organisation', 'temp', 'travail', 'période', 'égale', 'année', 'salariés', 'pôle', 'remplacement'], ['principe', 'modalités', 'organisation', 'annualisation', 'temp', 'travail'], ['délais', 'prévenance', 'changements', 'horaire', 'travail', 'salariés', 'temp', 'plein'], ['décompte', 'heures', 'supplémentaires'], ['traitement', 'absence', 'titre', 'décompte', 'heures', 'supplémentaires'], ['lissage', 'rémunération', 'traitement', 'absence', 'titre', 'rémunération', 'entrée', 'sortie', 'cours', 'période', 'référence'], ['absence'], ['entrée', 'sortie', 'cours', 'période'], ['disposition', 'spécifiques'], ['consultation', 'préalable', 'représentants', 'personnel'], ['durée', 'accord', 'dénonciation'], ['dénonciation'], ['communication', 'accord'], ['publicité'], ['transmission', 'accord', 'commission', 'paritaire', 'permanente', 'négociation', 'interprétation', 'branche'], ['publication', 'accord'], ['clause', 'rendez-vous']]"
T01719000759,"[['début', 'réunion', '15h00', 'fin', 'réunion', '17h'], ['augmentation', 'generale', 'salaires', '2019'], ['evolution', 'smic'], ['evolution', 'indice', 'prix', 'consommation'], ['evolution', 'plafond', 'sécurité', 'sociale'], ['augmentation', 'annuelle', 'salaires'], ['augmentation', 'individuelle', 'salaires', '2019'], ['prime', 'indemnites', 'diverses'], ['prime', '13ème', 'mois'], ['prime', 'nettoyage', 'séchoir', 'samedi'], ['prime', 'astreinte', 'personnel', 'maintenance'], ['prime', 'responsable', 'poste'], ['prime', 'zingueur', 'catégories', 'confirmé', 'apprenti'], ['prime', 'ancienneté'], ['prime', 'quart'], ['prime', 'panier', 'nuit', 'prime', 'casse-croûte', 'quart', 'jour'], ['prime', 'nettoyage', 'démattage', 'bain', 'zinc'], ['prime', 'habillage', 'déshabillage'], ['indemnité', 'transport'], ['indemnité', 'kilométrique'], ['prime', 'service', 'réception', 'expédition', 'contrôle'], ['heures', 'supplementaires', 'defiscalisees'], ['heures', 'supplémentaires', 'rémunération', 'défiscalisée', 'janvier', '2019'], ['montant', 'prime', 'participation'], ['prevoyance', 'sante', 'malakoff', 'mederic'], ['assiette'], ['taux', 'contribution', 'retraite', 'complémentaire'], ['csg/crds'], ['cil', 'solendi', 'action', 'logement']]"
T06918000156,"[['ecarts', 'remuneration', 'difference', 'deroulement', 'carriere', 'entre', 'femmes', 'hommes'], ['duree', 'effective', 'organisation', 'temp', 'travail'], ['salary', 'mi', 'disposition', 'aupres', 'organisation', 'syndicales', 'association', 'employeur', 'article', '2242-16', 'code', 'travail'], ['interessement', 'participation', 'epargne', 'salariale'], ['participation'], ['duree', 'accord'], ['publicite', 'depot'], ['publication', 'partielle', 'accord', 'base', 'donnees', 'nationale']]"
T07522042606,"[['accord', 'collectif', 'entreprise', 'relatif', 'amenagement', 'temp', 'travail'], ['généralités', 'champ', 'application', 'portée'], ['temp', 'travail', 'effectif', 'pause'], ['temp', 'déplacement'], ['durées', 'maximales', 'travail', 'repos', 'obligatoires'], ['horaires', 'collectifs'], ['journée', 'solidarité'], ['généralités', 'champ', 'application', 'portée'], ['définitions', 'règles', 'générales', 'matière', 'durée', 'travail'], ['temp', 'travail', 'effectif', 'pause'], ['temp', 'déplacement'], ['durées', 'maximales', 'travail', 'repos', 'obligatoires'], ['i-3.1', 'durée', 'maximale', 'journalière'], ['i-3.2', 'durée', 'maximale', 'hebdomadaire'], ['i-3.3', 'repos', 'quotidien'], ['i-3.4', 'repos', 'hebdomadaire'], ['horaires', 'collectifs'], ['journée', 'solidarité'], ['définition', 'différentes', 'catégories', 'personnel', 'modalités', 'aménagement', 'temp', 'travail', 'correspondantes'], ['collaborateurs', 'non-cadres', 'cadre', 'intégrés'], ['ii-1.1', 'durée', 'travail', 'non-cadres'], ['ii-1.2', 'durée', 'travail', 'cadre', 'intégrés'], ['ii-1.3', 'décompte', 'durée', 'travail'], ['ii-1.4', 'modalités', 'acquisition', 'jours', 'rtt'], ['ii-1.5', 'modalités', 'prise', 'jours', 'rtt'], ['cadre', 'autonomes'], ['ii-2.1', 'définition'], ['ii-2.2', 'durée', 'travail', 'cadre', 'autonomes'], ['jours', 'fériés', 'tombant', 'jour', 'ouvré'], ['ii-2.3', 'embauche', 'départ', 'cours', 'période', 'référence', 'incidence', 'absence'], ['ii-2.4', 'organisation', 'activité'], ['ii-2.5', 'modalités', 'prise', 'journées', 'repos'], ['ii-2.6', 'renonciation', 'jours', 'repos'], ['ii-2.7', 'valeur', 'journée', 'travail', 'ca', 'absence'], ['ii-2.8', 'forfait', 'jours', 'réduit'], ['mise', 'place'], ['procédure', 'demande'], ['retour', 'temp', 'plein'], ['ii-2.9', 'garantie', 'contrôle', 'forfait', 'jours'], ['document', 'suivi', 'forfait'], ['repos', 'hebdomadaire'], ['jours', 'fériés', 'chômés'], ['entretien', 'périodique'], ['suivi', 'collectif', 'forfaits', 'jours'], ['dispositif', 'veille'], ['ii-2.10', 'droit', 'déconnexion'], ['collaborateurs', 'cadre', 'dirigeants'], ['iii-1', 'date', 'effet', 'durée'], ['iii-3', 'adhésion'], ['adhésion', 'entraîne', 'obligation', 'respecter', 'disposition', 'convention', 'accord', 'cause'], ['iii-4', 'interprétation', 'révision']]"
T07421003680,"[['accord', 'relatif', 'amenagement', 'temp'], ['objet'], ['modification', 'article', 'definition', 'category', 'salary'], ['article', 'accord', 'relatif', 'aménagement', 'temp', 'travail', 'conclu', 'août', '2010', 'modifié', 'remplacé', 'suit'], ['modification', 'article', '4.1', 'personnel', 'non', 'cadre', 'productifs'], ['article', '4.1', 'accord', 'relatif', 'aménagement', 'temp', 'travail', 'conclu', 'août', '2010', 'renommé'], ['ouvriers', 'etam', 'opérationnels', 'para-opérationnels', 'integrés', 'non', 'autonomes'], ['etam', 'qualification'], ['définition'], ['rémunération'], ['disposition', 'applicables', 'tous', 'ouvriers', 'etam', 'niveaux'], ['modification', 'article', '4.2', 'personnel', 'non', 'cadre', 'administratifs'], ['integres'], ['article', '4.2', 'accord', 'relatif', 'aménagement', 'temp', 'travail', 'conclu', 'août', '2010', 'renommé'], ['ouvriers', 'etam', 'fonctionnels', 'integrés', 'non', 'autonomes'], ['modification', 'article', '4.3', 'personnel', 'non', 'cadre', 'administratif', 'autonome', 'cadre'], ['article', '4.3', 'accord', 'relatif', 'aménagement', 'temp', 'travail', 'conclu', 'août', '2010', 'renommé'], ['etam', 'opérationnels', 'para-opérationnels', 'fonctionnels', 'autonomes'], ['fonctionnement', 'forfait', 'annuel', 'jours'], ['218', 'jours'], ['durée', 'accord', 'révision', 'dénonciation'], ['dépot', 'publicité']]"
T01620001233,"[['accord', 'entreprise'], ['heures', 'supplementaires'], ['salariés', 'concernés', 'champ', 'application'], ['définition', 'modalités', 'accomplissement', 'heures', 'supplémentaires'], ['définition', 'heures', 'supplémentaires'], ['modalités', 'accomplissement', 'heures', 'supplémentaires'], ['taux', 'majoration', 'heures', 'supplémentaires'], ['repos', 'compensateur', 'remplacement'], ['mise', 'place', 'repos', 'compensateur', 'remplacement'], ['modalités', 'attribution', 'prise', 'repos', 'compensateur', 'remplacement'], ['paiement', 'heures', 'repos', 'compensateur', 'équivalent', 'non', 'prises'], ['paiement', 'heures', 'supplémentaires', 'effectuées', 'samedi'], ['suivi', 'interprétation']]"
T01622002196,"[['accord', 'entreprise', 'relatif', 'duree', 'travail', 'organisation', 'petits', 'grand', 'deplacements'], ['heures', 'supplementaires'], ['contingent', 'heures', 'supplémentaires'], ['majorations', 'applicables', 'heures', 'supplémentaires'], ['travail', 'exceptionnel', 'dimanche', 'jour', 'ferie', 'nuit'], ['travail', 'dimanche', 'et/ou', 'jour', 'férié'], ['travail', 'nuit', 'exceptionnel', 'programmé'], ['non', 'cumul'], ['petits', 'deplacements'], ['zone', 'concentriques'], ['indemnité', 'trajet'], ['indemnité', 'repas'], ['définition', 'ouvrier', 'occupé', 'grand', 'déplacement'], ['duree', 'accord'], ['suivi', 'accord'], ['formalites'], ['revision', 'denonciation', 'accord']]"
T09220022038,"[['accord', 'entreprise'], ['qarnot', 'computing'], ['durée', 'travail', 'effectif'], ['heures', 'supplémentaires'], ['volume', 'contingent', 'annuel'], ['contreparties', 'heures', 'supplémentaires', 'accomplies', 'contingent'], ['contreparties', 'obligatoires', 'repos'], ['convention', 'forfait', 'jours', 'année'], ['période', 'référence'], ['volume', 'forfait', 'jours', 'repos'], ['rémunération'], ['condition', 'prise', 'compte', 'absence'], ['condition', 'prise', 'compte', 'arrivées', 'départs', 'cours', 'période'], ['caractéristiques', 'principales', 'convention', 'individuelles', 'forfait'], ['durée', 'travail', 'droit', 'repos'], ['evaluation', 'suivi', 'régulier', 'charge', 'travail'], ['communication', 'charge', 'travail'], ['droit', 'déconnexion'], ['renonciation', 'jours', 'repos'], ['disposition', 'finale'], ['suivi'], ['révision'], ['dénonciation'], ['qarnot', 'computing']]"
T05721004227,"[['accord', 'entreprise'], ['champ', 'application'], ['objet', 'accord'], ['modalités', 'aménagement', 'organisation', 'temp', 'travail', 'applicable', 'sein', 'entreprise'], ['modalité', 'n°1', 'organisation', 'pluri-hebdomadaire', 'temp', 'travail', 'temp', 'plein'], ['traitement', 'heures', 'supplémentaires'], ['modalité', 'n°2', 'aménagement', 'travail', 'temp', 'partiel'], ['journée', 'solidarité'], ['disposition', 'finale'], ['activité', 'transport', 'sanitaire', 'connu', 'récemment', 'profondes', 'modification'], ['objet', 'accord'], ['modalités', 'aménagement', 'organisation', 'temp', 'travail', 'applicable', 'sein', 'entreprise'], ['modalité', 'n°1', 'organisation', 'pluri-hebdomadaire', 'temp', 'travail', 'temp', 'plein'], ['période', 'référence'], ['mensualisation', 'rémunération'], ['accomplissement', 'heures', 'supplémentaires'], ['décompte', 'heures', 'supplémentaires'], ['taux', 'majoration', 'heures', 'supplémentaires', 'accomplies', 'au-delà', 'durée', 'légale'], ['heures', 'supplémentaires'], ['traitement', 'heures', 'supplémentaires'], ['ca', 'heures', 'supplémentaires', 'accomplies', 'au-delà', '184', 'heures', 'période', 'référence'], ['contingent', 'heures', 'supplémentaires'], ['départs', 'arrivées', 'cours', 'période'], ['modalité', 'n°2', 'aménagement', 'travail', 'temp', 'partiel'], ['définition', 'durée', 'minimale'], ['exception', 'durée', 'minimale'], ['heures', 'complémentaires'], ['modalités', 'modification', 'répartition', 'durée', 'horaires'], ['journée', 'solidarité'], ['entrée', 'vigueur', 'portée', 'accord'], ['revoyure/révision'], ['notification', 'publicité', 'dépôt', 'accord'], ['décompte', 'temp', 'travail'], ['travail', 'nuit'], ['décompte'], ['compensation'], ['indemnité', 'nuit'], ['suppression', 'indemnité', 'tenue'], ['indemnité', 'samedi', 'dimanche', 'jours', 'fériés'], ['jours', 'feries', 'chomes'], ['nouvelle', 'grille', 'tarifaire', 'frais', 'deplacements'], ['application']]"
T00623060112,"[['accord', 'entreprise', 'relatif', 'organisation', 'temp', 'travail'], ['annualisation', 'temp', 'travail'], ['champ', 'application', 'annualisation', 'temp', 'travail'], ['définition', 'annualisation', 'temp', 'travail'], ['définition', 'temp', 'travail', 'effectif'], ['durée', 'annuelle', 'travail'], ['arrondies', '1793', 'heures'], ['période', 'référence'], ['gestion', 'absence'], ['horaire', 'travail'], ['horaire', 'hebdomadaire', 'travail'], ['modification', 'horaires'], ['décompte', 'temp', 'travail', 'effectif'], ['information', 'régularisation', 'fin', 'période'], ['détermination', 'heures', 'supplémentaires'], ['condition', 'rémunération'], ['incidence', 'absence', 'rémunération'], ['heures', 'supplementaires'], ['majoration', 'heures', 'supplémentaires'], ['compensation', 'heures', 'supplémentaires'], ['contingent', 'annuel', 'heures', 'supplémentaires'], ['temp', 'partiel', 'amenage', 'periode', 'annuelle'], ['définition'], ['durée', 'travail', 'temp', 'partiel', 'aménagé', 'année'], ['durée', 'hebdomadaire', 'moyenne', 'travail'], ['période', 'référence'], ['gestion', 'absence'], ['horaire', 'travail', 'temp', 'partiel', 'aménagé', 'année'], ['horaire', 'hebdomadaire', 'travail'], ['modification', 'horaires'], ['décompte', 'temp', 'travail', 'effectif'], ['information', 'régularisation', 'fin', 'période'], ['heures', 'complémentaires'], ['condition', 'rémunération'], ['incidence', 'absence', 'rémunération'], ['garanties', 'accordées', 'salariés', 'temp', 'partiel'], ['jours', 'feries'], ['rappel', 'disposition', 'conventionnelles'], ['période', 'reference'], ['reliquat', 'fin', 'période', 'référence'], ['forfait', 'annuel', 'jours'], ['convention', 'individuelle', 'forfait', 'annuel', 'jours'], ['modalités', 'organisation', 'forfait', 'annuel', 'jours']]"
T02721002355,"[['accord', 'entreprise'], ['amenagement', 'temp', 'travail'], ['disposition', 'generales'], ['objet', 'accord'], ['textes', 'référence'], ['principe', 'generaux'], ['durée', 'temp', 'travail'], ['horaires', 'travail'], ['modalités', 'réduction', 'temp', 'travail'], ['heures', 'supplémentaires'], [], ['modalites', 'gestion', 'conge', 'paye', 'journees', 'supplementaires', 'repos'], ['modalités', 'prise', 'congés', 'payés'], ['modalités', 'prise', 'rémunération', 'rtt'], ['indemnité', 'compensatrice', 'départ', 'entreprise'], [], ['date', 'effet', 'denonciation', 'revision'], ['date', 'entrée', 'vigueur', 'durée', 'décision'], ['publicité'], ['révision', 'dénonciation'], ['litiges'], ['modalités', 'dépôt']]"
T06820003855,"[['accord', 'entreprise', 'relatif', 'compteur', 'repos', 'compensateur', 'remplacement', 'contingent', 'annuel', 'heures', 'supplementaires'], ['disposition', 'commune'], ['contingent', 'annuel', 'heures', 'supplémentaires'], ['disposition', 'finale'], ['objectif', 'présent', 'accord'], ['disposition', 'commune'], ['objet', 'champ', 'application', 'accord'], ['définition', 'durée', 'travail', 'effectif'], ['heures', 'supplémentaires', 'repos', 'compensateur', 'remplacement', 'contingent', 'annuel'], ['heures', 'supplémentaires'], ['définition', 'heures', 'supplémentaires'], ['inverse', 'toute', 'heure', 'supplémentaire', 'réalisée', 'seule', 'initiative', 'salarié', 'fera', 'objet', 'aucune', 'contrepartie', 'financière', 'repos'], ['taux', 'majoration', 'heures', 'supplémentaires'], ['contingent', 'annuel', 'heures', 'supplémentaires'], ['disposition', 'finale'], ['durée', 'accord', 'date', 'effet', 'accord'], ['suivi', 'accord'], ['notification', 'publicite', 'depôt'], ['information', 'communication'], ['revision', 'denonciation']]"
T07723009039,"[['accord', 'entreprise'], ['societe', 'emg', 'france'], ['accord', 'collectif', 'donc', 'expiré', 'décembre', '2021'], ['partie', 'disposition', 'generales', 'commune'], ['objet'], ['territorial'], ['partie', 'representation', 'personnel', 'liberte', 'expression'], ['droit', 'syndical'], ['représentation', 'personnel', 'budget'], ['partie', 'contrat', 'travail'], ['contrat', 'durée', 'déterminée'], ['vacance', 'emploi'], ['rupture', 'contrat'], ['durée', 'préavis'], ['indemnité', 'licenciement'], ['démission'], ['départ', 'mise', 'retraite'], ['titre', 'information', 'disposition', 'actuellement', 'applicables', 'convention', 'collective', 'entreprises', 'technique', 'service', 'création', 'événement', 'prévoient'], ['partie', 'duree', 'amenagement', 'temp', 'travail'], ['disposition', 'relative', 'cadre', 'dirigeants'], ['disposition', 'generales', 'duree', 'travail'], ['définition', 'temp', 'travail', 'effectif'], ['temp', 'trajet', 'déplacement', 'voyage'], ['temp', 'trajet'], ['temp', 'déplacement'], ['temp', 'voyage'], ['durée', 'quotidienne', 'maximale'], ['repos', 'quotidien', 'dérogation', 'conventionnelle'], ['activité', 'entreprise', 'savoir', 'captation', 'audiovisuelle', 'évènement', 'direct', 'pouvant', 'engendrer', 'fortes', 'amplitude', 'travail', 'raison', 'notamment'], ['repos', 'hebdomadaire'], ['temp', 'pause', 'coupure', 'repas'], ['dimanches', 'jours', 'fériés'], ['horaires', 'nuit'], ['organisation', 'travail', 'secteur', 'prestation', 'technique', 'répond', 'impératifs', 'horaires', 'particuliers']]"
T04020001188,"[['accord', 'entreprise'], ['relatif', 'organisation', 'duree', 'travail'], ['champ', 'application'], ['organisation', 'temp', 'travail'], ['modalités', 'organisation', 'travail', 'entreprise'], ['temp', 'chargement', 'déchargement', 'préparation', 'chantier'], ['temp', 'déplacements', 'rendre', 'chantiers'], ['frais', 'repas'], ['temp', 'pause'], ['intempérie'], ['gestion', 'temp', 'travail'], ['modalités', 'organisation', 'temp', 'travail'], ['heures', 'supplémentaires'], ['modalités', 'enregistrement', 'temp', 'travail'], ['jours', 'fractionnement'], ['disposition', 'finale'], ['modalités', 'conclusion', 'présent', 'accord'], ['dépôt', 'publicité', 'accord']]"
T07523050798,"[['partie'], ['sociétés', 'concernées'], ['personnel', 'concerné'], ['partie'], ['adhésion', 'avenant'], ['révision', 'avenant'], ['dénonciation', 'avenant']]"
T02622004382,"[['avenant', 'accord', 'aménagement', 'temp', 'travail', 'conclu', 'sein', 'ues', 'autajon'], ['travail', 'samedi'], ['dépassement', 'contingent', 'heures', 'supplémentaires', 'contrepartie', 'obligatoire', 'repos']]"
T07422006168,"[['amenagement', 'temp', 'travail', 'modulation'], ['champ', 'application', 'bénéficiaires'], ['objet', 'aménagement', 'temp', 'travail', 'période', 'référence', 'annualisation'], ['aménagement', 'permet', 'ajuster', 'temp', 'travail', 'fluctuation', 'prévisibles', 'charge', 'travail', 'courant', 'entre'], ['données', 'économiques', 'sociales'], ['notion', 'temp', 'travail', 'effectif'], ['temp', 'trajet'], ['pause'], ['coupures'], ['temp', 'attente'], ['programmation', 'annualisation', 'temp', 'travail'], ['programmation'], ['communication', 'modification', 'horaires', 'travail'], ['heures', 'supplémentaires'], ['cadre', 'dispositif', 'aménagement', 'temp', 'travail'], ['hors', 'dispositif', 'aménagement', 'temp', 'travail'], ['contrôle', 'durée', 'travail'], ['lissage', 'rémunération'], ['congés', 'payés'], ['absence'], ['embauche', 'rupture', 'contrat', 'travail', 'cours', 'période'], ['astreintes'], ['contrôle', 'intervention', 'suivi', 'astreintes'], ['articulation', 'intervention', 'temp', 'repos', 'obligatoires', 'durées', 'maximales', 'travail'], ['travail', 'nuit'], ['déclenchement', 'activité', 'partielle'], ['forfait', 'jours'], ['champ', 'application'], ['periode', 'reference'], ['convention', 'individuelles', 'forfait', 'annuel', 'jours'], ['duree', 'forfait', 'annuel', 'jours'], ['nombre', 'jours', 'travailles'], ['forfait', 'jours', 'reduit'], ['arrivees', 'departs', 'cours', 'periode', 'reference'], ['arrivée', 'cours', 'période', 'référence'], ['départ', 'cours', 'période', 'référence'], ['rémunération', 'salarié', 'sortant'], ['gestion', 'absence'], ['organisation', 'jours', 'travail'], ['convention', 'individuelle', 'forfait'], ['depassement', 'forfait', 'rachat', 'jours', 'repos'], ['temp', 'repos'], ['duree', 'repos'], ['organisation', 'jours', 'repos'], ['prise', 'repos'], ['solde', 'repos', 'fin', 'période', 'référence'], ['evaluation', 'suivi', 'manager/direction'], ['declaratif', 'mensuel', 'jours', 'travailles/non', 'travailles'], ['suivi', 'medical'], ['entretien', 'annuel']]"
T03322011261,"[['périmètre', 'concerné'], ['portée', 'accord'], ['libre', 'détermination', 'passage', 'heures'], ['jours', 'fériés', 'heures', 'supplémentaires'], ['maintien', 'salaire'], ['période', 'décompte', 'heures', 'supplémentaires'], ['aménagement', 'contrepartie', 'heures', 'supplémentaires'], ['expressément', 'convenu', 'assiette', 'calcul', 'majoration', 'heure', 'supplémentaire', 'calculée', 'seul', 'montant', 'salaire', 'base', 'exclusion', 'tout', 'autre', 'élément', 'rémunération', 'quelle', 'origine', '13ème', 'mois', 'prime', 'ancienneté', 'prime', 'exceptionnelle', 'prime', 'indication', 'affaire', 'prime', 'inflation', 'prime', 'pouvoir', 'achat', 'prime', 'propriété', 'intellectuelle', 'etc'], ['aménagement', 'contingent', 'annuel', 'heures', 'supplémentaires'], ['recours', 'heures', 'supplémentaires'], ['principe', 'application', 'immédiate'], ['dénonciation'], ['interprétation'], ['révision'], ['formalités', 'dépôt']]"
T07421003734,"[['accord', 'entreprise'], ['portant', 'annualisation', 'temp', 'travail'], ['définitions'], ['temp', 'travail', 'effectif'], ['temp', 'pause'], ['temp', 'déplacement'], ['durée', 'maximum', 'travail'], ['durée', 'quotidienne', 'travail'], ['repos', 'minimum'], ['annualisation', 'temp', 'travail', 'période', 'référence'], ['annualisation', 'temp', 'travail', 'permet', 'ajuster', 'temp', 'travail', 'fluctuation', 'prévisibles', 'charge', 'travail'], ['programmation', 'annualisation', 'délai', 'prévenance'], ['lissage', 'rémunération'], ['systèmes', 'dérogatoires'], ['techniciens', 'responsable', 'maintenance'], ['responsables', 'calibrage'], ['compteur', 'annualisation'], ['compteur', 'annualisation', 'concernant', 'temp', 'travail', 'collectif'], ['compteur', 'annualisation', 'concernant', 'systèmes', 'dérogatoires'], ['absence'], ['heures', 'supplémentaires', 'communication'], ['temp', 'travail', 'collectif', 'heures'], ['systèmes', 'dérogatoires', 'livreurs', 'merchandiseurs'], ['contingent', 'heures', 'supplémentaires'], ['contrepartie', 'obligatoire', 'repos'], ['embauche', 'rupture', 'contrat', 'travail', 'cours', 'période', 'référence'], ['modalités', 'application', 'annualisation', 'salariés', 'temp', 'partiel'], ['définitions'], ['durée', 'annuelle', 'travail'], ['communication', 'modification', 'répartition', 'durée', 'travail', 'horaires'], ['définition', 'heures', 'complémentaires'], ['régime', 'heures', 'complémentaires'], ['lissage', 'rémunération', 'règles', 'applicables', 'ca', 'année', 'incomplète'], ['egalité', 'accès', 'possibilités', 'promotion', 'carrière', 'formation'], ['accès', 'emploi', 'temp', 'complet'], ['disposition', 'particulières'], ['majoration', 'travail', 'nuit'], ['majoration', 'travail', 'dimanche', 'jours', 'fériés'], ['durée', 'entrée', 'vigueur', 'révision', 'accord'], ['modalités', 'suivi', 'accord'], ['dépôt', 'publicité']]"
T01722004268,"[['accord', 'entreprise', 'relatif'], ['accomplissement', 'heures', 'supplémentaires'], ['contingent', 'heures', 'supplémentaires'], ['article', '3.13', 'contingent', 'heures', 'supplémentaires', 'non', 'soumis', 'autorisation', 'ladite', 'convention', 'branche', 'prévoit', 'contingent', 'annuel', '180', 'heures', 'volume', 'annuel', 'contingent', 'heures', 'supplémentaires', 'adapté', 'organisation', 'demande', 'clientèle'], ['champ', 'application', 'objet'], ['objet'], ['contingent', 'heures', 'supplementaires'], ['définition', 'heures', 'supplémentaires'], ['mise', 'œuvre', 'heures', 'supplémentaires'], ['contingent', 'heures', 'supplémentaires'], ['ca', 'rupture', 'contrat', 'travail'], ['organisation', 'heures', 'supplémentaires'], ['accomplissement', 'heures', 'supplémentaires', 'pourra', 'être', 'envisagé'], ['consultation', 'personnel'], ['rendez-vous'], ['dépôt', 'publicité', 'accord']]"
T00522001122,"[['partie', 'modalités', 'organisation', 'aménagement', 'temp', 'travail'], ['champ', 'application'], ['dispositif', 'repartition', 'travail', 'annee'], ['organisation'], ['horaire', 'hebdomadaire', 'travail', 'salariés', 'pourra', 'varier', 'autour', 'horaire', 'moyen', 'hebdomadaire', 'heures', 'cadre', 'période', 'référence', 'sorte', 'heures', 'effectuées', 'au-delà', 'en-deçà', 'cet', 'horaire', 'moyen', 'compensent', 'arithmétiquement'], ['condition', 'délai', 'prévenance', 'changements', 'planning'], ['heures', 'supplementaires'], ['lissage', 'remuneration'], ['impact', 'arrivees', 'departs', 'cours', 'periode', 'reference'], ['impact', 'absence'], ['suivi', 'duree', 'travail'], ['disposition', 'propres', 'temp', 'partiels', 'annualise'], ['durée', 'travail', 'temp', 'partiel'], ['organisation', 'délai', 'prévenance'], ['heures', 'complémentaires'], ['partie', 'entrée', 'vigueur'], ['date', 'effet', 'duree', 'formalites', 'depot'], ['suivi', 'accord']]"
T01420002577,"[['accord', 'collectif', 'relatif', 'mise', 'place', 'organisation', 'pluri-hebdomadaires', 'site', 'conde', 'normandie'], ['durée', 'travail'], ['aménagement', 'temp', 'travail'], ['heures', 'supplémentaires'], ['définition'], ['rémunération'], ['embauche', 'rupture', 'contrat', 'travail', 'cours', 'période', 'référence'], ['salariés', 'temp', 'partiel'], ['durée', 'accord', 'révision', 'dénonciation'], ['commission', 'suivi', 'clause', 'rendez-vous'], ['publicité']]"
T01420003168,"[['accord', 'entreprise', 'relatif'], ['heures', 'supplementaires', 'contreparties'], ['champ', 'application', 'territorial', 'professionnel'], ['principe', 'modalités', 'recours', 'heures', 'supplémentaires'], ['taux', 'majorations', 'heures', 'supplémentaires', 'heures', 'concernées', 'repos', 'compensateur', 'remplacement'], ['contingent', 'annuel', 'heures', 'supplémentaires'], ['durée', 'dénonciation', 'révision', 'accord'], ['dénonciation'], ['dépôt', 'publicité', 'accord']]"
T01721003227,"[['accord', 'collectif', 'entreprise'], ['contingent', 'annuel', 'heures', 'supplementaires'], ['objet'], ['accomplissement', 'heures', 'supplémentaires'], ['contingent', 'annuel', 'heures', 'supplémentaires'], ['indemnites', 'petits', 'deplacements', 'ouvriers', 'batiment'], ['disposition', 'diverses'], ['portée', 'accord'], ['consultation', 'personnel'], ['suivi', 'renouvellement', 'dénonciation', 'accord']]"
T02922006205,"[['salaires'], ['duree', 'travail'], ['organisation', 'temp', 'travail'], ['egalite', 'professionnelle', 'hommes/femmes'], ['emploi', 'personnes', 'handicapees'], ['prevoyance', 'collective'], ['salaires'], ['valeur', 'point'], ['salaire', 'base'], ['tableau', 'indiciaire'], ['cadre'], ['rémunérations'], ['avenants', 'agréés', 'cours', 'agrément'], ['transformation', 'postes', 'cdd', 'cdi'], ['remplacement', 'départs', 'retraite'], ['duree', 'travail'], ['durée', 'effective', 'travail'], ['temp', 'partiel'], ['temp', 'choisi'], ['congés'], ['heures', 'supplémentaires'], ['heures', 'complémentaires'], ['organisation', 'temp', 'travail'], ['temp', 'travail'], ['qualité', 'régularité', 'travail', 'fourni'], ['permanence', 'week-end'], ['changements', 'équipe'], ['astreintes'], ['formation', 'competence', 'professionnelles'], ['action', 'inscrites', 'plan', 'formation'], ['compte', 'personnel', 'formation', 'cpf'], ['congé', 'personnel', 'formation', 'transition', 'cpf', 'transition'], ['validation', 'acquis', 'expérience', 'vae'], ['bilan', 'compétences'], ['apprentissage'], ['entretiens', 'professionnels'], ['egalite', 'professionnelle', 'hommes/femmes'], ['qualite', 'vie', 'travail'], ['parrainage', 'nouveaux', 'salariés', 'cdd', 'inclus'], ['emploi', 'personnes', 'handicapees'], ['prevoyance', 'collective'], ['incapacité', 'travail'], ['décès', 'invalidité', 'absolue', 'définitive'], ['contrat', 'collectif', 'mutuelle'], ['accident', 'travail'], ['accident', 'bénins'], ['accident', 'entraîné', 'arrêt', 'travail', 'soins'], ['mesures', 'prévention']]"
T07622008190,"[['affectés', 'mission', 'surveillance', 'pompage', 'vedette', 'aurélie'], ['heures', 'supplémentaires'], ['entrée', 'vigueur', 'durée', 'accord']]"
T07022001276,"[['accord', 'entreprise', 'portant', 'negociation', 'annuelle', '2022', 'titre', 'remuneration', 'duree', 'effective', 'travail', 'organisation', 'temp', 'travail', 'epargne', 'salariale', 'ecarts', 'remuneration', 'entre', 'femmes', 'hommes', 'partage', 'valeur', 'ajoutee'], ['proposition', 'sa', 'javey'], ['m………………………', 'nom', 'sa', 'javey', 'rappelle'], ['masse', 'salariale', 'réservée', 'suppression', 'écarts', 'rémunération'], ['accord', 'applique', 'ensemble', 'salariés', 'sa', 'javey'], ['salaires', 'effectifs'], ['augmentation', 'générale'], ['augmentation', 'individuelle', 'développement', 'compétences'], ['durée', 'travail', 'organisation', 'temp', 'travail'], ['durée', 'travail'], ['organisation', 'temp', 'travail'], ['heures', 'supplémentaires'], ['journée', 'solidarité'], ['forfait', 'mobilités'], ['epargne', 'salariale'], ['accord', 'participation'], ['accord', 'intéressement'], ['suppression', 'écarts', 'rémunération', 'déroulement', 'carrière'], ['travailleurs', 'handicapés'], ['information', 'comité', 'social', 'economique', 'information', 'personnel'], ['publicité', 'accord']]"
T03319004123,"[['accord', 'collectif', 'entreprise', 'contingent', 'annuel', 'heures', 'supplementaires'], ['objet'], ['accomplissement', 'heures', 'supplémentaires'], ['contingent', 'annuel', 'heures', 'supplémentaires'], ['modalités', 'prise', 'compte', 'demandes', 'relative', 'thèmes', 'négociation'], ['objet'], ['accomplissement', 'heures', 'supplémentaires'], ['contingent', 'annuel', 'heures', 'supplémentaires'], ['modalités', 'prise', 'compte', 'demandes', 'relative', 'thèmes', 'négociation']]"
T07821009624,[]
T00522001082,"[['accord', 'entreprise', 'relatif', 'amenagement', 'temp', 'travail'], ['cadre', 'juridique'], ['premiere', 'partie', 'duree', 'travail'], ['denonciation', 'amenagement', 'temp', 'travail', 'mi', 'œuvre', 'sou', 'forme', 'cycle'], ['champ', 'application'], ['duree', 'travail', 'effectif'], ['amplitude', 'journaliere'], ['amplitude', 'journée', 'travail', 'personnel', 'ambulanciers', 'limitée', 'heures'], ['pause', 'coupures'], ['permanence', 'astreintes'], ['durees', 'maximales', 'travail'], ['heures', 'supplementaires'], ['majoration', 'heures', 'supplémentaires'], ['contingent', 'heures', 'supplémentaires'], ['travail', 'nuit'], ['deuxieme', 'partie', 'disposition', 'finale'], ['duree', 'accord', 'revision', 'denonciation', 'suivi'], ['depot', 'publicite']]"
T01319005587,"[['accord', 'entreprise'], ['contingent', 'annuel', 'heures', 'supplementaires'], ['repos', 'compensateur', 'remplacement'], ['objet'], ['champ', 'application'], ['iii', 'heures', 'supplementaires', 'fixation', 'contingent', 'annuel'], ['repos', 'compensateur', 'remplacement'], ['modalites', 'prise', 'repos', 'compensateur', 'remplacement'], ['période', 'calcul'], ['ouverture', 'droit', 'repos'], ['délai', 'condition', 'prise', 'repos'], ['paiement', 'fin', 'période'], ['publicite', 'droits'], ['vii', 'duree', 'accord'], ['viii', 'entree', 'vigueur']]"
T59L18000366,"[['mise', 'œuvre'], ['formalités', 'dépôt', 'publicité'], ['pause'], ['temporisation'], ['congés', 'supplémentaires', 'fractionnement'], ['taux', 'majoration', 'heures', 'supplémentaires'], ['majoration', 'heures', 'nuit'], ['majoration', 'travail', 'dimanche', 'jour', 'férié'], ['programmation', 'indicative'], ['mise', 'œuvre'], ['durée', 'révision']]"
T06919008180,"[['accord', 'entreprise'], ['relatif', 'contingent', 'heures', 'supplémentaires'], ['contingent', 'heures', 'supplémentaires'], ['majorations', 'applicables', 'heures', 'supplémentaires'], ['formalités']]"
T05520000561,"[['accord', 'entreprise'], ['relatif', 'organisation', 'duree', 'travail'], ['champ', 'application'], ['organisation', 'temp', 'travail'], ['modalités', 'organisation', 'travail', 'entreprise'], ['temp', 'déplacements', 'rendre', 'chantiers'], ['temp', 'pause'], ['gestion', 'temp', 'travail'], ['modalités', 'organisation', 'temp', 'travail'], ['heures', 'supplémentaires'], ['modalités', 'enregistrement', 'temp', 'travail'], ['jours', 'fractionnement'], ['disposition', 'finale'], ['modalités', 'conclusion', 'présent', 'accord'], ['dépôt', 'publicité', 'accord']]"
T00821001052,"[['accord', 'entreprise'], ['champ', 'application', 'territorial', 'professionnel'], ['contenu', 'accord'], ['disposition', 'spécifiques', 'aménagement', 'temp', 'travail', 'applicables', 'salariés', 'temp', 'partiel'], ['période', 'référence'], ['condition', 'délais', 'prévenance', 'changements', 'durée', 'horaires', 'travail'], ['modalités', 'communication', 'modification', 'répartition', 'durée', 'horaires', 'travail'], ['lissage', 'rémunération'], ['heures', 'complémentaires'], ['prime', 'ancienneté'], ['indemnités', 'déplacement'], ['préavis', 'démission'], ['durée', 'date', 'effet'], ['interprétation'], ['ratification', 'accord'], ['dénonciation', 'révision'], ['dépôt', 'publicité', 'accord']]"
T00722001660,"[['accord', 'collectif', 'entreprise', 'aout', '2022'], [], ['champ', 'application'], [], ['salaires', 'effectifs'], ['employés', 'ouvriers'], ['techniciens', 'agent', 'maîtrise', 'cadre'], [], ['protection', 'sociale', 'complementaire', 'salary'], [], ['travailleurs', 'handicapés'], [], ['durée', 'effective', 'organisation', 'temp', 'travail'], [], ['remise', 'accordée', 'personnel'], [], ['journée', 'solidarité'], ['modalités', 'retenues'], ['durée', 'contractuelle', 'heures'], ['salariés', 'nouvellement', 'embauchés'], ['incidence', 'matière', 'rémunération'], [], ['contingent', 'annuel', 'heures', 'supplémentaires'], [], ['période', 'annuelle', 'référence'], [], ['duree', 'suivi', 'rendez-vous', 'revision'], ['durée'], ['suivi', 'rendez-vous'], ['révision'], [], ['publicité', 'dépot', 'accord']]"
T04323002232,"[['accord', 'relatif', 'aménagement', 'temp', 'travail', 'retraite', 'progressive'], ['principe', 'modalités'], ['principe'], ['modalités'], ['information', 'consultation', 'irp'], ['chapitre', 'n°2', 'retraite', 'progressive'], ['principe', 'modalités'], ['principe'], ['modalités'], ['employeur', 'engage', 'étudier', 'toute', 'demande', 'accord', 'prendra', 'effet', 'uniquement', 'lorsque', 'deux', 'party', 'cosigné', 'avenant', 'contrat', 'travail'], ['information', 'consultation', 'irp'], ['durée', 'révision', 'dénonciation'], ['révision'], ['dénonciation'], ['formalités'], ['date', 'effet', 'dépôt-', 'publicité']]"
T04023003034,"[['accord', 'entreprise', 'relatif', 'organisation', 'duree', 'travail', 'sein', 'societe', 'dupuy'], ['disposition', 'relative', 'forfaits', 'annuels', 'jours'], ['champ', 'application'], ['category', 'salary', 'susceptibles', 'conclure', 'convention', 'individuelle', 'forfait'], ['condition', 'mise', 'place', 'caracteristiques', 'principales', 'convention', 'individuelles', 'forfait', 'jours'], ['decompte', 'temp', 'travail', 'jours', 'base', 'annuelle'], ['nombre', 'jours', 'travaillés'], ['période', 'référence'], ['incidence', 'arrivées', 'départs', 'cours', 'période', 'décompte', 'forfait'], ['incidence', 'absence', 'temp', 'travail', 'rémunération'], ['détermination', 'nombre', 'jours', 'repos'], ['modalités', 'prise', 'jours', 'repos'], ['renonciation', 'rachat', 'jours', 'repos'], ['rémunération'], ['modalités', 'suivi'], ['temp', 'travail', 'repos'], ['contrôle', 'décompte', 'jours', 'travaillés/non', 'travaillés'], ['suivi', 'charge', 'travail'], ['droit', 'déconnexion'], ['dispositif', 'veille', 'alerte'], ['disposition', 'applicables', 'personnel', 'appartenant', 'service', 'organises'], ['champ', 'application'], ['repartition', 'temp', 'travail', 'semaine'], ['modalites', 'mise', 'oeuvre', 'repartition', 'temp', 'travail'], ['communication', 'horaires', 'travail'], ['disposition', 'diverses', 'relative', 'duree', 'travail'], ['fixation', 'contingent', 'annuel', 'conventionnel', 'entreprise'], ['durees', 'maximales', 'travail'], ['disposition', 'finale'], ['entree', 'vigueur', 'duree', 'accord'], ['clause', 'rendez-vous', 'suivi']]"
T02622004645,"[['définitions', 'champ', 'application', 'accord'], ['objet', 'accord'], ['champ', 'application', 'present', 'accord'], ['definition', 'principe', 'generaux'], ['organisation', 'temp', 'travail', 'annee', 'salary', 'dont', 'temp', 'travail', 'decompte', 'heure'], ['champ', 'application'], ['amenagement', 'temp', 'travail', 'cadre', 'annee'], ['duree', 'hebdomadaire', 'travail'], ['gestion', 'jours', 'repos'], ['modalités', 'acquisition', 'décompte', 'jours', 'repos'], ['prise', 'compte', 'absence'], ['modalités', 'prise', 'jours', 'repos'], ['durees', 'maximales', 'travail', 'repos', 'obligatoires'], ['durées', 'maximales', 'travail'], ['remuneration'], ['heures', 'supplementaires'], ['organisation', 'temp', 'travail', 'annee', 'salary', 'dont', 'temp', 'travail', 'decompte', 'jours'], ['champ', 'application'], ['salary', 'concernes'], ['caracteristiques', 'convention', 'individuelles', 'forfait', 'jours'], ['condition', 'mise', 'place'], ['décompte', 'temp', 'travail'], ['nombre', 'jours', 'repos'], ['prise', 'compte', 'absence', 'entrées', 'sortie', 'cours', 'année'], ['incidence', 'absence', 'jours', 'repos'], ['valorisation', 'absence', 'rapport', 'entre', 'rémunération', 'annuelle', 'brute', 'nombre', 'jours', 'travail', 'prévus', 'convention', 'forfait'], ['renonciation', 'jours', 'repos'], ['rémunération', 'temp', 'travail', 'supplémentaire'], ['prise', 'jours', 'repos'], ['forfait', 'jours', 'réduit'], ['rémunération'], ['suivi', 'charge', 'travail', 'entretien', 'individuel'], ['suivi', 'charge', 'travail'], ['relevé', 'déclaratif', 'journées', 'demi-journées', 'travail'], ['indication', 'bénéfice', 'non', 'repos', 'quotidiens', 'hebdomadaires'], ['entretien', 'individuel'], ['droit', 'deconnexion'], ['definition', 'droit', 'deconnexion'], ['exercice', 'droit', 'deconnexion'], ['bonnes', 'pratiques', 'utilisation', 'outils', 'numeriques'], ['alertes'], ['disposition', 'finale'], ['information', 'salarie'], ['duree', 'entree', 'vigueur'], ['suivi', 'application', 'accord'], ['modification', 'denonciation'], ['information', 'salary', 'salary', 'signataires'], ['information', 'salariés', 'signataires']]"
T04922007144,"[['accord', 'collectif', 'janvier', '2022'], ['portant', 'remuneration', 'personnel'], ['societe', 'thiriet', 'cholet'], ['glossaire'], ['salaire', 'fixe'], ['salaire', 'variable'], ['commission'], ['prime', 'chiffres', 'affaire'], ['prime', 'mensuelle', 'objectif', 'chiffre', 'affaire'], ['modalités', 'attribution', 'commission'], ['prime'], ['prime', 'mensuelles', 'collective'], ['prime', 'nouveau', 'client'], ['prime', 'fichier'], ['challenge'], ['prime', 'euro', 'vendeurs'], ['exemple'], ['exemple'], ['parrainage'], ['organisation', 'réunion', 'ambassadeur'], ['modalités', 'versement', 'commission', 'prime', 'mensuelles'], ['prime', 'annuelles', 'rattrapage'], ['prime', 'annuelle', 'rattrapage', 'objectif'], ['prime', 'collective', 'annuelle', 'rattrapage'], ['prime', 'samedi', 'travaillé'], ['prime', 'formation'], ['indemnité', 'forfaitaire', 'frais', 'route'], ['prime', 'relation', 'aide'], ['salaire', 'fixe'], ['salaire', 'variable'], ['prime', 'chiffres', 'affaire'], ['modalités', 'attribution', 'commission'], ['prime'], ['prime', 'mensuelles', 'collective'], ['prime', 'nouveau', 'client'], ['organisation', 'réunion', 'ambassadeur'], ['challenge'], ['prime', 'euro', 'vendeurs'], ['exemple'], ['exemple'], ['prime', 'accompagnement'], ['exemple'], ['exemple']]"
T08019000950,"[['accord', 'collectif', 'relatif', 'durée', 'aménagement', 'temp', 'travail'], ['aménagement', 'temp', 'travail'], ['durée', 'travail'], ['aménagement', 'temp', 'travail', 'année'], ['exercice', 'droit', 'déconnexion'], ['signature'], ['champ', 'application', 'professionnel'], ['durée', 'travail'], ['durée', 'quotidienne'], ['repos'], ['repos', 'quotidien'], ['repos', 'hebdomadaire', 'dominical'], ['temp', 'pause'], ['jours', 'fériés'], ['jours', 'fériés', 'chômés'], ['jours', 'fériés', 'travaillés'], ['aménagement', 'temp', 'travail'], ['durée', 'travail'], ['contingent', 'heures', 'supplémentaires'], ['suivi', 'temp', 'travail'], ['horaires', 'travail'], ['convention', 'forfait', 'annuel', 'jours'], ['période', 'référence'], ['durée', 'annuelle', 'travail', 'jours'], ['jours', 'non', 'travaillés'], ['rémunération'], ['valorisation', 'journée', 'travail'], ['exemple', '2019'], ['prise', 'compte', 'absence', 'entrées', 'sortie', 'cours', 'période', 'référence'], ['impact', 'absence', 'entrées', 'sortie', 'rémunération', 'salariés'], ['impact', 'absence', 'nombre', 'jnt'], ['absence', 'calculée', 'semaine'], ['absence', 'calculée', 'jours'], ['9/227', '0,04', 'jours', 'repos', 'semaine'], ['régime', 'juridique'], ['repos', 'hebdomadaire'], ['garanties'], ['temp', 'repos'], ['document', 'contrôle'], ['défaut', 'indication', 'particulière', 'document', 'suivi', 'mensuel', 'charge', 'travail', 'présumée', 'conforme'], ['alerte'], ['entretiens'], ['exercice', 'droit', 'déconnexion'], ['équilibre', 'entre', 'vie', 'professionnelle', 'vie', 'privée']]"
T04922008828,"[['avenant', 'accord', 'reduction', 'temp', 'travail', 'passage', 'heures', 'date', '10/12/2001'], ['champ', 'application'], ['duree', 'accord'], ['revision', 'denonciation'], ['commission', 'suivi'], ['disposition', 'applicables', 'tous', 'salary'], ['duree', 'travail'], ['repos'], ['droit', 'deconnexion'], ['durees', 'maximales', 'travail'], ['contingent', 'annuel', 'heures', 'supplementaires'], ['heures', 'complementaires', 'salary', 'temp', 'partiel'], ['modalités', 'amenagement', 'temp', 'travail'], ['description', 'organisation', 'temp', 'travail'], ['incidence', 'salaires'], ['embauche', 'rupture', 'contrat', 'travail', 'cours', 'période', 'référence'], ['absence'], ['mise', 'place', 'forfaits', 'annuels', 'jours'], ['fonctionnement', 'forfait'], ['volume', 'forfait', 'annuel', 'jours'], ['prise', 'compte', 'absence'], ['modalités', 'prise', 'journées', 'demi-journées', 'repos'], ['employeur', 'peut', 'décider', 'date', 'prise', 'six', 'jours', 'repos', 'supplémentaire'], ['contrôle', 'durée', 'travail', 'droit', 'déconnexion'], ['rémunération']]"
T04922007736,"[['avenant', 'n°1', 'portant', 'revision', 'accord', 'amenagement', 'organisation'], ['objet', 'avenant', 'revision'], ['champ', 'application', 'avenant', 'revision'], ['duree', 'travail'], ['temp', 'travail', 'effectif'], ['duree', 'organisation', 'travail', 'personnel', 'horaires', 'fix', 'collectifs'], ['définition', 'calendrier', 'annuel'], ['généralités'], ['personnel', 'concerné'], ['petite', 'absence', 'pabs'], ['horaires', 'fix', 'continus'], ['pause', 'casse-croûte'], ['indemnité', 'panier'], ['horaires', 'fix', 'continus', 'postés'], ['horaires', 'fix', 'continus', 'simple'], ['horaires', 'fix', 'discontinus'], ['pause', 'déjeuner'], ['horaires', 'modalités', 'organisation'], ['disposition', 'exceptionnelles', 'canicule'], ['zone', 'mélange'], ['prime', 'salle', 'fibres/laser'], ['duree', 'organisation', 'travail', 'personnel', 'horaires', 'variable', 'individualises'], ['définition', 'calendrier', 'annuel'], ['généralités'], ['pause', 'déjeuner'], ['horaires', 'modalités', 'organisation'], ['plage', 'horaire', 'travail'], ['heures', 'supplementaires'], ['seuil', 'déclenchement'], ['contingent', 'annuel'], ['indemnite', 'temp', 'deplacement', 'professionnel', 'hors', 'temp', 'trajet', 'domicile', 'lieu', 'habituel', 'travail'], ['personnel', 'concerné'], ['décompte', 'horaire'], ['méthodes', 'calcul'], ['duree', 'organisation', 'travail', 'personnel', 'forfait', 'annuel', 'jours'], ['généralités'], ['personnel', 'concerné'], ['jours', 'réduction', 'temp', 'travail', 'rtt'], ['situation', 'personnel', 'cadre', 'dirigeant'], ['généralités'], ['personnel', 'concerné'], ['jours', 'repos', 'absence'], ['temp', 'partiel'], ['congé', 'parental', 'éducation', 'temp', 'partiel'], ['heures', 'complémentaires'], ['rémunération'], ['date', 'application'], ['commission', 'suivi'], ['duree-', 'revision', 'denonciation'], ['depot', 'publicite']]"
T07423060147,"[['accord'], ['annualisation'], ['accord', 'octobre', '2021', 'dénoncé', 'fédération', 'cfdt', 'santé', 'sociaux', 'courrier', 'recommandé', 'daté', 'juin', 'réceptionné', '1er', 'juillet', '2022'], ['champ', 'application'], ['annualisation'], ['i.1', 'principe', 'annualisation'], ['i.2', 'salariés', 'concernés'], ['i.3', 'détermination', 'période', 'référence'], ['i.4', 'durée', 'annuelle', 'travail'], ['i.5', 'répartition', 'temp', 'travail', 'cadre', 'annualisation'], ['i.6', 'programmation', 'collective', 'annualisation'], ['i.7', 'programmation', 'individuelle', 'annualisation'], ['i.8', 'contrôle', 'durée', 'travail'], ['i.9', 'heures', 'supplémentaires', 'réalisées', 'salariés', 'temp', 'plein'], ['i.10', 'heures', 'complémentaires', 'réalisées', 'salariés', 'temp', 'partiel'], ['i.11', 'lissage', 'rémunération'], ['i.12', 'incidence', 'absence'], ['i.13', 'embauche', 'rupture', 'contrat', 'travail', 'cours', 'période', 'référence'], ['communication', 'accompagnement', 'suivi', 'accord'], ['ii.1', 'communication', 'accompagnement'], ['ii.2', 'suivi', 'accord'], ['disposition', 'generales'], ['iii.1', 'date', 'effet', 'durée'], ['iii.2', 'révision', 'dénonciation', 'accord'], ['iii.3', 'dépôt', 'publicité'], ['définition', 'annualisation'], ['durée', 'travail', 'annuelle', 'légale'], ['exemples', 'décompte', 'heures', 'supplémentaires']]"
A01018001144,"[['avenant', 'accord', 'amenagement', 'reduction', 'temp', 'travail'], ['societe', 'rti'], ['principe'], ['duree', 'accord']]"
T05323060162,"[['disposition', 'generales'], ['champ', 'application'], ['principe', 'generaux', 'duree', 'travail'], ['heures', 'supplementaires'], ['contingent', 'annuel', 'heures', 'supplementaires'], ['repos', 'compensateur', 'remplacement'], ['definition', 'regime', 'repos', 'compensateur', 'remplacement'], ['travailleurs', 'temporaires'], ['employeur', 'maintient', 'salaire', 'employés', 'pendant', 'prise', 'repos', 'compensateur', 'remplacement'], ['acquisition', 'repos', 'compensateur', 'remplacement'], ['explication', 'fonctionnement', 'repos', 'compensateur', 'remplacement'], ['plafond', 'affectation', 'rcr'], ['utilisation', 'partie', 'droits', 'inscrits', 'compteur', 'donne', 'possibilité', 'alimenter', 'nouveau', 'compteur'], ['droit', 'option'], ['incidence', 'clause', 'contractuelles', 'prévoyant', 'temp', 'travail', 'hebdomadaire', 'supérieur', '35h'], ['incidence', 'entrées', 'sortie', 'cours', 'année'], ['modalites', 'prise', 'repos', 'compensateur', 'remplacement'], ['clause', 'sauvegarde'], ['horaires', 'variable'], ['definition'], ['horaires', 'travail'], ['base'], ['plage', 'fix'], ['organisation', 'horaires'], ['journée', 'travail'], ['durée', 'absence'], ['connaissance', 'temp'], ['temp', 'habillage', 'deshabillage'], ['champ', 'application'], ['modalites', 'prise', 'compte', 'temp', 'habillage', 'deshabillage'], ['disposition', 'finale'], ['duree', 'date', 'entree', 'vigueur'], ['suivi', 'accord']]"
T06419001167,"[['vaaccord', 'collectif', 'relatif', 'durée', 'aménagement', 'temp', 'travail'], ['champ', 'application', 'accord'], ['disposition', 'applicables', 'salary', 'soumis', 'dispositif', 'amenagement', 'temp', 'travail', 'annee'], ['principe', 'generaux'], ['amenagement', 'temp', 'travail', 'cadre', 'annuel'], ['période', 'référence'], ['limites', 'décompte', 'heures', 'supplémentaires'], ['lissage', 'rémunérations'], ['arrivées', 'départ', 'cours', 'période'], ['evaluation', 'charge', 'travail'], ['duree', 'travail', 'disposition', 'generales'], ['temp', 'travail', 'effectif'], ['congés'], ['limites', 'concernant', 'durée', 'travail'], ['heures', 'supplémentaires', 'complémentaires'], ['programme', 'indicatif', 'répartition', 'durée', 'travail'], ['remplacement', 'salarié', 'absence', 'non', 'prévue'], ['duree', 'entree', 'vigueur', 'suivi', 'publicite'], ['duree', 'accord'], ['condition', 'suivi', 'clause', 'rendez-vous'], ['depot', 'publicite']]"
T04418000157,"[['avenant', 'accord', 'entreprise', 'relatif', 'organisation', 'temp', 'travail'], ['contingent', 'annuel', 'heures', 'supplémentaires'], ['rémunération', 'heures', 'supplémentaires'], ['limite', 'haute', 'moyenne', 'heures', 'supplémentaires'], ['formalités']]"
T06323005606,"[['accord', 'entreprise', 'conclu', 'issue', 'negociation', 'annuelle', 'obligatoire', '2023'], ['champ', 'application'], ['salaires', 'effectifs'], ['evolution', 'emploi'], ['durée', 'organisation', 'travail'], ['temp', 'chargement'], ['révision', 'protocole', 'accord', 'aménagement', 'temp', 'travail'], ['mutuelle', 'entreprise'], ['prime', 'astreinte', 'enedis', 'asf'], ['revalorisation', 'indemnités', 'petit', 'déplacement'], ['rappel'], ['ticket', 'restaurant'], ['gepp'], ['accord', 'gestion', 'emplois', 'parcours', 'professionnels', 'gepc', 'validé', 'signé', '27/11/2019'], ['accord', 'intéressement'], ['fonctionnement', 'dup'], ['valorisation', 'tutorat'], ['médailles', 'serce'], ['médailles', 'scie'], ['date', 'application']]"
T08923002396,"[['accord', 'collectif', 'substitution'], ['disposition', 'generales'], ['objet', 'accord'], ['champ', 'application'], ['disposition', 'applicables', 'salary', 'chauffeur'], ['application', 'convention', 'branche', 'transport'], ['conservation', 'statut', 'collectif', 'ues', 'ynovae'], ['disposition', 'finale'], ['duree'], ['suivi/rendez-vous'], ['depôt-publicite']]"
T02520002680,"[['accord', 'entreprise'], ['relatif', 'contingent', 'heures', 'supplémentaires'], ['contingent', 'heures', 'supplémentaires'], ['majorations', 'applicables', 'heures', 'supplémentaires'], ['formalités']]"
T08922001658,"[['accord', 'collectif', 'entreprise', 'relatif', 'augmentation'], ['contingent', 'heures', 'supplementaires'], ['champ', 'application'], ['etablissement'], ['entree', 'vigueur', 'duree', 'accord'], ['contingent', 'annuel', 'heures', 'supplementaires'], ['fixation', 'contingent', 'heures', 'supplémentaires'], ['contreparties', 'heures', 'supplémentaires', 'effectuées', 'intérieur', 'contingent'], ['majoration', 'heures', 'supplémentaires'], ['remplacement', 'paiement', 'heures', 'supplémentaires', 'repos', 'compensateur', 'équivalent'], ['absence', 'demande', 'prise', 'repos', 'salarié', 'délai', 'mois', 'peut', 'entraîner', 'perte', 'droit', 'repos'], ['depassement', 'contingent', 'annuel', 'heures', 'supplementaires'], ['condition', 'accomplissement', 'heures', 'supplémentaires', 'dépassement', 'contingent', 'annuel', 'heures', 'supplémentaires'], ['contrepartie', 'obligatoire', 'repos'], ['consultation', 'comité', 'social', 'économique'], ['publicite', 'depot', 'accord']]"
T08523008253,"[['accord', 'collectif', 'entreprise', 'relatif'], ['durée', 'travail', 'congés', 'payés'], ['définir', 'organisation', 'durée', 'temp', 'travail', 'annuel', 'salariés', 'assurer', 'possibilité', 'bénéficier', 'jours', 'repos'], ['champ', 'application', 'accord'], ['disposition', 'relative', 'temp', 'travail', 'duree', 'travail'], ['modalités', 'générales', 'organisation', 'temp', 'travail'], ['définition', 'légale', 'temp', 'travail', 'effectif'], ['durée', 'légale', 'travail'], ['période', 'référence', 'annuelle', 'décompte'], ['durée', 'maximale', 'travail'], ['durée', 'quotidienne', 'maximale'], ['durée', 'hebdomadaire', 'maximale'], ['durée', 'repos', 'quotidien'], ['durée', 'repos', 'hebdomadaire'], ['heures', 'supplémentaires', 'principe', 'général'], ['pause'], ['rémunération'], ['employés', 'bureau'], ['période', 'référence', 'annuelle', 'décompte'], ['durée', 'temp', 'travail', 'effectif'], ['organisation', 'temp', 'travail'], ['modification', 'horaires', 'travail'], ['jours', 'aménagement', 'temp', 'travail'], ['suivi', 'individuel', 'heures', 'travaillées'], ['salariés', 'équipements'], ['période', 'référence', 'annuelle', 'décompte'], ['organisation', 'suivi', 'décompte', 'temp', 'travail', 'effectif'], ['répartition', 'temp', 'travail'], ['modification', 'horaires', 'travail'], ['suivi', 'individuel', 'heures', 'travaillées'], ['astreintes', 'planifiées', 'salariés', 'équipements'], ['faction', 'courtes'], ['décompte'], ['indemnité'], ['travail', 'dimanche', 'nuits', 'jours', 'fériés', 'hors', 'manifestation', 'oryon'], ['travail', 'nuit'], ['indemnité', 'panier'], ['indemnité', 'maintenance', 'équipements', 'public'], ['particularités', 'applicables', 'ensemble', 'personnel'], ['intervention', 'exceptionnelle'], ['manifestation', 'organisées', 'société', 'oryon'], ['astreintes', 'patrimoine'], ['décompte', 'absence', 'compteur', 'individuel', 'suivi'], ['monétisation', 'jours', 'repos'], ['période', 'référence', 'forfait', 'jours'], ['durée', 'annuelle', 'travail'], ['salariés', 'cadre', 'forfait', 'jours', 'pourront'], ['prise', 'jours', 'repos', 'décompte'], ['jours', 'repos']]"
T09219010040,"[['avenant', 'accord', 'collectif', 'travail', 'aménagement', 'annualisation'], ['réduction', 'temp', 'travail', 'ingénieurs', 'techniciens', 'maintenance'], ['varian', 'osg', 'mai', '1998'], [], ['/les', 'horaires', 'spécifiques', 'deux', 'jours', 'successifs', 'pmi-a'], ['/modalités', 'organisation'], ['condition', 'sécurité'], ['/compensations'], ['durée'], ['dénonciation'], ['dépôt', 'publicité']]"
A02118003679,"[['modalités', 'organisation', 'temp', 'travail'], ['principe'], ['programmation', 'indicative'], ['durées', 'maximales', 'travail'], ['heures', 'supplémentaires'], ['décompte', 'temp', 'travail'], ['rémunération'], ['lissage', 'rémunération'], ['absence'], ['entrées/sorties', 'cours', 'période'], ['disposition', 'applicables', 'salariés', 'temp', 'partiel'], ['disposition', 'finale'], ['révision'], ['dénonciation']]"
T07521031736,"[['accord', 'collectif', 'entreprise', 'relatif', 'temp', 'travail', 'sein', 'societe', 'capteev'], ['premiere', 'partie', 'disposition', 'generales'], ['champ', 'application', 'accord'], ['definition', 'temp', 'travail', 'effectif'], ['durees', 'maximales', 'travail'], ['repos', 'quotidien', 'hebdomadaire'], ['journee', 'solidarite'], ['salary', 'heures'], ['horaires', 'individualises', 'horaires', 'variable'], ['horaires', 'fix'], ['remuneration'], ['salary', 'concernes'], ['acceptation', 'ecrite', 'salarie'], ['duree', 'annuelle', 'travail'], ['nombre', 'jours', 'travaillés'], ['forfait', 'complet', '218', 'jours'], ['nombre', 'jours', 'maximum', 'travaillés', 'année'], ['octroi', 'jours', 'repos'], ['principe'], ['prise', 'jours', 'repos'], ['contrôle', 'décompte', 'jours', 'travaillés/non', 'travaillés'], ['garanties', 'temp', 'repos', 'charge', 'travail/', 'amplitude', 'journees', 'travail', 'entretien', 'annuel', 'individuel'], ['temp', 'repos', 'obligation', 'déconnexion'], ['suivi', 'charge', 'travail', 'amplitude', 'journées', 'travail', 'equilibre', 'vie', 'privée', 'vie', 'professionnelle'], ['remuneration'], ['quatrieme', 'partie', 'droit', 'deconnexion'], ['champ', 'application'], ['principe', 'droit', 'deconnexion'], ['modalites', 'pratiques', 'droit', 'deconnexion'], ['entretiens'], ['entree', 'vigueur', 'dispositifs', 'prevus', 'present', 'accord'], ['duree', 'accord'], ['information', 'salary', 'publicite', 'base', 'donnees', 'nationale'], ['clause', 'suivi', 'rendez-vous'], ['depot', 'accord']]"
T05723007563,"[['accord', 'entreprise', 'fixant', 'volume', 'contigent', 'annuel', 'heures', 'supplementaires'], ['champ', 'application'], ['volume', 'contigent', 'annuel', 'heures', 'supplementaires'], ['duree', 'accord', 'suivi', 'accord'], ['depot'], ['proces', 'verbal', 'resultat', 'referendum', 'approbation'], ['accord', 'entreprise', 'relatif', 'augmentation', 'volume', 'contingent', 'annuel', 'heures', 'supplementaires']]"
T08322004838,"[['accord', 'entreprise', 'relatif', 'accomplissement', 'heures', 'supplémentaires', 'contingent', 'heures', 'supplémentaires'], ['objet'], ['accomplissement', 'heures', 'supplémentaires'], ['contingent', 'annuel', 'heures', 'supplémentaires'], ['consultation', 'personnel'], ['suivi', 'révision', 'dénonciation', 'accord'], ['dépôt', 'publicité', 'accord']]"
T03323060740,"[['accord', 'collectif', 'entreprise', 'portant'], ['annualisation', 'temp', 'travail'], ['perimetre', 'champ', 'application'], ['periode', 'decompte', 'horaire'], ['condition', 'delais', 'prevenance', 'changements', 'volume', 'horaire', 'travail', 'repartition'], ['détermination', 'modalités', 'variation', 'volume', 'répartition', 'horaire', 'travail'], ['modalités', 'communication', 'modification', 'volume', 'répartition', 'horaire', 'travail'], ['délai', 'information', 'modification', 'volume', 'répartition', 'horaire', 'travail'], ['condition', 'remuneration'], ['rémunération', 'cours', 'période', 'décompte'], ['heures', 'supplémentaires', 'cours', 'période', 'décompte'], ['incidence', 'rémunération', 'absence', 'arrivées', 'départs', 'salariés', 'cours', 'période', 'décompte'], ['rémunération', 'fin', 'période', 'décompte'], ['duree', 'entree', 'vigueur', 'accord'], ['communication'], ['renouvellement'], ['depot', 'publicite']]"
A59L18012281,"[['accord'], ['introduction', 'repos', 'compensateur', 'équivalent'], ['préserver', 'emplois'], ['champ', 'application', 'beneficiaires'], ['definition', 'relative', 'temp', 'travail', 'notion', 'environnantes'], ['temp', 'travail', 'effectif'], ['temp', 'pause'], ['temp', 'trajet', 'déplacement'], ['article', 'viii.16', 'précise', 'objet', 'indemnité', 'transport', 'indemniser', 'forfaitairement', 'frais', 'transport', 'engagés', 'quotidiennement', 'ouvrier', 'rendre', 'chantier', 'avant', 'début', 'journée', 'travail', 'revenir', 'fin', 'journée', 'travail', 'quel', 'moyen', 'transport', 'utilisé'], ['maximum', 'legaux', 'conventionnels', 'repos', 'obligatoires'], ['amenagement', 'organisation', 'temp', 'travail'], ['chantiers', 'standard'], ['duree', 'present', 'accord'], ['suivi', 'accord', 'clause', 'rendez-vous'], ['denonciation', 'revision', 'accord'], ['depot', 'legal', 'publication']]"
T02923008562,"[['accord', 'entreprise'], ['relatif', 'application', 'heures', 'assorties', 'jours', 'rtt'], ['3121-44', 'code', 'travail'], ['http', '//www.editions-legislatives.fr/actualite/annualisation-du-temps-de-travail-avec-jours-de-rtt-exemples-d-accords-collectifs/'], ['lorsque', 'accord', 'applique', 'salariés', 'temp', 'partiel', 'modalités', 'communication', 'modification', 'répartition', 'durée', 'travail', 'horaires'], ['modalités', 'octroi', 'jours', 'repos'], ['incidence', 'absence', 'arrivées', 'départs', 'cours', 'année']]"
T08121001395,"[['accord', 'entreprise', 'relatif', 'deplacements', 'professionnels'], ['heures', 'supplementaires'], ['régime', 'petits', 'déplacements'], ['indemnités', 'transport'], ['indemnités', 'trajet'], ['zone', 'concentriques'], ['création', 'zone', 'complémentaires'], ['frais', 'repas'], ['heures', 'route', 'lors', 'petits', 'déplacements'], ['déplacements', 'liés', 'intervention', 'urgentes'], ['ca', 'petits', 'déplacements', 'dehors', 'zone', 'concentriques'], ['grand', 'déplacements'], ['indemnités', 'grand', 'déplacement'], ['heures', 'route', 'lors', 'grand', 'déplacements'], ['contingent', 'heures', 'supplémentaires'], ['formalités'], ['indemnités', 'déplacements', 'zone', 'concentriques']]"
T09419001908,"[['accord', 'etablissement'], ['sécuriser', 'entreprise', 'face', 'contraintes', 'obligation', 'légales', 'matière', 'temp', 'travail'], ['principe'], ['durée', 'annuelle', 'travail'], ['heures', 'supplémentaires'], ['modalités', 'aménagement', 'durée', 'travail'], ['variation', 'horaires', 'délais', 'prévenance'], ['affichage', 'prévu', 'article', 'l3171-1', 'code', 'travail', 'travail', 'rappellera', 'répartition', 'durée', 'travail', 'correspondant', 'chaque', 'modalité', 'prévue', 'présent', 'article', 'ainsi', 'variation', 'activités', 'prévisibles'], ['suivi', 'décompte', 'temp', 'travail'], ['traitement', 'absence'], ['prise', 'jours', 'repos'], ['rémunération'], ['temp', 'partiel', 'aménagé', 'année'], ['principe'], ['accord', 'exprès', 'salariés', 'concernés', 'requis'], ['définition', 'période', 'référence'], ['planning', 'temp', 'partiel', 'aménagé'], ['rémunération', 'salariés', 'temp', 'partiel', 'aménagé'], ['condition', 'prise', 'compte', 'absence'], ['condition', 'prise', 'compte', 'arrivées', 'départs', 'cours', 'période', 'référence'], ['horaires', 'variable'], ['mise', 'place', 'convention', 'annuelles', 'forfait', 'jours'], ['cadre', 'autonomes'], ['salariés', 'non-cadres', 'autonomes'], ['conclusion', 'convention', 'forfait'], ['rémunération'], ['nombre', 'jours', 'travaillés'], ['période', 'référence'], ['prise', 'compte', 'absence'], ['jours', 'repos', 'supplémentaires'], ['prise', 'jours', 'repos', 'supplémentaires'], ['renonciation', 'jours', 'repos'], ['affectation', 'jours', 'repos', 'compte', 'épargne-temps'], ['suivi', 'charge', 'travail'], ['relevé', 'déclaratif', 'journées', 'demi-journées', 'travail'], ['indication', 'bénéfice', 'non', 'repos', 'quotidien', 'hebdomadaire'], ['entretien', 'individuel'], ['droit', 'déconnexion'], ['disposition', 'finale'], ['champ', 'application', 'accord'], ['accord', 'applique', 'ensemble', 'salariés', 'affectés', 'siège', 'ompn-a'], ['portée', 'accord'], ['rendez-vous'], ['révision'], ['notification', 'dépôt'], ['publicité', 'accord']]"
T09223040489,"[['champ', 'application', 'présent', 'accord'], ['disposition', 'générales', 'relative', 'durée', 'travail'], ['définition', 'temp', 'travail', 'effectif'], ['durées', 'maximales', 'travail'], ['repos', 'quotidien', 'hebdomadaire'], ['modalités', 'aménagement', 'temp', 'travail', 'sein', 'société'], ['modalité', 'standard', 'ci-après', 'désignée', 'modalité'], ['durée', 'travail'], ['horaires', 'hebdomadaires', 'travail'], ['lissage', 'rémunération'], ['durée', 'travail'], ['horaire', 'hebdomadaire', 'travail'], ['horaire', 'hebdomadaire', 'travail', 'salariés', 'relevant', 'présente', 'modalité', 'élève', 'heures', 'semaine'], ['lissage', 'rémunération'], ['nombre', 'jours', 'travaillés', 'cadre', 'forfait'], ['jours', 'repos'], ['rémunération'], ['décompte', 'jours', 'travail'], ['repos', 'quotidien', 'hebdomadaire'], ['forfait', 'jours', 'réduits'], ['suivi', 'organisation', 'charge', 'travail'], ['temp', 'partiel'], ['jours', 'repos', 'modalités'], ['modalités', 'acquisition', 'jours', 'repos'], ['modalités', 'prise', 'jours', 'repos'], ['heures', 'supplémentaires', 'complémentaires', 'temp', 'partiel', 'salariés', 'modalité'], ['heures', 'supplémentaires', 'salariés', 'travaillant', 'temp', 'complet'], ['heures', 'supplémentaires'], ['contingent', 'annuel'], ['heures', 'complémentaires', 'salariés', 'travaillant', 'temp', 'partiel'], ['equilibre', 'entre', 'vie', 'privée', 'vie', 'professionnelle'], ['journée', 'solidarité'], ['durée', 'accord', 'entrée', 'vigueur']]"
T03523013017,"[['accord', 'entreprise'], ['développement', 'mesures'], ['suivi'], ['révision'], ['dénonciation'], ['renouvellement'], ['depot', 'publicité'], ['centre', 'lande']]"
A06721007481,"[['accord', 'collectif', 'relatif', 'duree', 'organisation', 'temp', 'travail'], ['champ', 'application', 'salariés', 'concernés'], ['rigger'], ['foreman', 'rigger'], ['durée', 'organisation', 'temp', 'travail'], ['organisation', 'travail'], ['temp', 'pause', 'travail', 'nuit'], ['temp', 'travail', 'repos', 'quotidien'], ['décompte', 'temp', 'travail', 'heures', 'supplémentaires', 'mensualisation', 'salaires'], ['planning', 'condition', 'délais', 'prévenance', 'changements', 'horaires'], ['date', 'effet', 'durée', 'dénonciation', 'interprétation'], ['révision', 'dénonciation'], ['suivi', 'accord', 'interprétation', 'rendez-vous']]"
T03823012663,"[['accord', 'entreprise'], ['relatif', 'contingent', 'heures', 'supplementaires'], ['contingent', 'heures', 'supplémentaires'], ['majorations', 'applicables', 'heures', 'supplémentaires'], ['formalités']]"
T03621000896,"[['accord', 'entreprise'], ['relatif', 'organisation', 'temp', 'travail'], ['lavox'], ['disposition', 'generales'], ['notion', 'temp', 'travail', 'effectif'], ['notion', 'temp', 'deplacement'], ['repartition', 'heures', 'travail', 'jours', 'semaine'], ['durees', 'maximales', 'travail'], ['repos', 'quotidien', 'hebdomadaire'], ['heures', 'supplementaires'], ['travail', 'equipes', 'successives/horaires', 'decales'], ['salary', 'concernes'], ['periode', 'reference'], ['duree', 'annuelle', 'temp', 'travail', 'duree', 'hebdomadaire', 'moyenne'], ['limites', 'hebdomadaires', 'duree', 'travail'], ['horaires', 'travail'], ['condition', 'communication', 'horaires', 'travail', 'delais', 'prevenance', 'changements'], ['qualification', 'heures', 'effectuees', 'dela', 'heures', 'hebdomadaires'], ['compte', 'compensation/compteur', 'heures'], ['remuneration'], ['principe'], ['rémunération', 'heures', 'supplémentaires'], ['incidence', 'absence', 'departs', 'arrivees', 'entreprise', 'cours', 'annee'], ['information', 'salary'], ['temp', 'partiel', 'amenage', 'annee'], ['durée', 'annuelle', 'durée', 'travail'], ['heures', 'complémentaires'], ['lissage', 'rémunération'], ['planification', 'délais', 'prévenance'], ['garanties', 'salariés', 'temp', 'partiel'], ['periode', 'reference'], ['categorie', 'salary', 'susceptible', 'conclure', 'convention', 'individuelle', 'forfait'], ['plafond', 'annuel', 'jours', 'travailles'], ['absence', 'annees', 'incompletes'], ['absence'], ['années', 'incomplètes', 'entrée', 'sortie', 'cours', 'année'], ['organisation', 'temp', 'travail', 'evaluation', 'suivi', 'charge', 'travail', 'communication', 'periodique', 'charge', 'travail'], ['répartition', 'temp', 'travail', 'année'], ['présence', 'obligatoire'], ['amplitude', 'horaire', 'journalière'], ['garanties', 'équilibre', 'entre', 'vie', 'professionnelle', 'vie', 'privée'], ['modalités', 'déclaration', 'jours', 'travaillés', 'système', 'contrôle', 'suivi', 'jours', 'travaillés'], ['suivi', 'organisation', 'charge', 'travail'], ['droit', 'déconnexion'], ['rémunération'], ['renonciation', 'jours', 'repos'], ['acceptation', 'écrite', 'salarié', 'caractéristiques', 'principales', 'convention', 'individuelles']]"
T07018000039,"[['avenant', 'n°8', 'accord', 'collectif', 'amenagement', 'duree', 'travail'], ['cadre', 'mise', 'place', 'heures'], ['personnel', 'non', 'posté', 'personnel', 'journée'], ['disposition', 'generales'], ['champ', 'application'], ['duree', 'entree', 'vigueur', 'accord'], ['disposition', 'commune', 'matiere', 'duree', 'travail'], ['duree', 'effective', 'travail'], ['temp', 'travail', 'effectif'], ['temp', 'recouvrement'], ['temp', 'pause'], ['heures', 'supplementaires', 'salary', 'temp', 'complet'], ['définition', 'heures', 'supplémentaires'], ['contingent', 'heures', 'supplémentaires'], ['contrepartie', 'heures', 'supplémentaires'], ['modalites', 'organisation', 'temp', 'travail'], ['horaires', 'collectifs', 'travail'], ['horaires', 'postés'], ['horaires', 'non', 'postés'], ['travail', 'roulement'], ['horaires', 'individuels', 'dit', 'variable'], ['disposition', 'générales'], ['instauration', 'horaires', 'variable', 'dispensent', 'respect', 'durées', 'maximales', 'travail'], ['bénéficiaires'], ['horaires', 'travail'], ['plage', 'horaires'], ['organisation', 'journée'], ['absence', 'congés'], ['départ', 'salarié'], ['sanction'], ['disposition', 'finale'], ['suivi', 'accord', 'clause', 'rendez-vous'], ['modalites', 'revision'], ['modalites', 'denonciation'], ['depot', 'publication']]"
A00618004693,"[['temp', 'travail'], ['disposition', 'générales'], ['date', 'effet', 'durée'], ['révision'], ['condition', 'suivi', 'accord'], ['publicité'], ['disposition', 'particulieres', 'relative', 'annualisation', 'temp', 'travail'], ['durée', 'effective', 'travail'], ['définition', 'temp', 'travail', 'effectif'], ['temp', 'pause'], ['durée', 'hebdomadaire', 'maximale', 'travail'], ['durée', 'quotidienne', 'maximale', 'travail'], ['annualisation', 'temp', 'travail', 'salariés', 'temp', 'complet'], ['principe', 'annualisation'], ['durée', 'annuelle', 'travail'], ['période', 'référence'], ['amplitude', 'horaires', 'hebdomadaires', 'travail'], ['programmation', 'annualisation'], ['qualification', 'heures', 'effectuées', 'entre', 'heures', 'hebdomadaires'], ['qualification', 'heures', 'effectuées', 'au-delà', 'heures', 'au-delà', 'durée', 'annuelle', 'travail'], ['constituent', 'heures', 'supplémentaires'], ['lissage', 'rémunération'], ['absence'], ['embauche', 'rupture', 'contrat', 'travail', 'cours', 'période', 'référence'], ['organisation', 'travail', 'année', 'salariés', 'temp', 'partiel'], ['principe', 'catégorie', 'salariés', 'concernés'], ['durée', 'annuelle', 'maximale', 'travail'], ['durée', 'hebdomadaire', 'minimale', 'maximale', 'travail'], ['qualification', 'heures', 'accomplies', 'entre', 'durée', 'hebdomadaire', 'contractuelle', 'heures'], ['qualification', 'heures', 'effectuées', 'au-delà', 'durée', 'annuelle', 'contractuelle', 'travail'], ['modalités', 'communication', 'modification', 'répartition', 'durée', 'travail'], ['autres', 'disposition']]"
T00723060077,"[['article', '3121-33', 'code', 'travail', 'affirme', 'primauté', 'accord', 'entreprise', 'détermination', 'contingent', 'annuel', 'heures', 'supplémentaires'], ['objet', 'accord'], ['contingent', 'annuel', 'heures', 'supplémentaires'], ['détermination', 'contingent', 'annuel', 'heures', 'supplémentaires'], ['rémunération', 'heures', 'supplémentaires', 'effectuées', 'intérieur', 'contingent', 'annuel'], ['dépassement', 'contingent', 'annuel', 'heures', 'supplémentaires'], ['condition', 'accomplissement', 'heures', 'supplémentaires', 'au-delà', 'contingent', 'annuel'], ['caractéristiques', 'condition', 'prise', 'contrepartie', 'obligatoire', 'sou', 'forme', 'repos'], ['suivi', 'révision', 'dénonciation', 'accord'], ['dépôt', 'publicité', 'accord']]"
T03320006082,"[['accord', 'entreprise'], ['relatif', 'contingent', 'heures', 'supplémentaires'], ['contingent', 'heures', 'supplémentaires'], ['majorations', 'applicables', 'heures', 'supplémentaires'], ['formalités']]"
T01222001542,"[['accord', 'entreprise', 'relatif', 'contingent', 'annuel', 'heures', 'supplementaires', 'indemnités'], ['petits', 'déplacements', 'astreintes'], ['contingent', 'heures', 'supplémentaires'], ['petits', 'déplacements'], ['indemnité', 'trajet'], ['organisation', 'rémunération', 'temp', 'trajet'], ['astreintes'], ['définition', 'astreinte'], ['délais', 'prévenance'], ['durée', 'travail', 'ca', 'intervention'], ['durée', 'périodicité', 'astreintes'], ['contrôle', 'intervention', 'ca', 'astreintes'], ['rémunération', 'temp', 'travail', 'ca', 'intervention'], ['contrepartie', 'financière', 'sujétion', 'astreinte'], ['repos', 'astreintes'], ['document', 'récapitulatif'], ['document', 'comprendra', 'également', 'montant', 'contrepartie', 'financière', 'correspondante'], ['consultation', 'personnel'], ['suivi', 'révision', 'dénonciation', 'accord'], ['dépôt', 'publicité', 'accord']]"
A01118000975,"[['association'], ['accord', 'entreprise'], ['personnel', 'concernés'], ['définition', 'heures', 'supplémentaires'], ['récupération', 'heures', 'supplémentaires'], ['définition', 'heures', 'complémentaires'], ['paiement', 'heures', 'complémentaires'], ['compensation', 'temp', 'trajet', 'activités', 'spécifiques'], ['entrée', 'vigueur', 'accord', 'dénonciation']]"
T09320003993,"[['accord', 'collectif', 'relatif', 'durée', 'aménagement', 'temp', 'travail', 'sein', 'societe', 'strana', 'date', 'decembre', '2019'], ['livre', 'disposition', 'generales'], ['livre', 'disposition', 'generales'], ['cadre', 'juridique'], ['définition', 'temp', 'travail', 'effectif'], ['temp', 'pause'], ['livre', 'disposition', 'propres', 'personnel', 'soumis', 'horaire', 'collectif', 'travail'], ['bénéficiaires'], ['période', 'référence'], ['heures', 'supplémentaires'], ['modalités', 'relative', 'heures', 'supplémentaires', 'non', 'contractuelles'], ['contingent', 'annuel', 'heures', 'supplémentaires'], ['modalités', 'acquisition', 'jrtt'], ['modalités', 'prise', 'jours', 'rtt', 'demi-journées', 'rtt'], ['modalités', 'prise', 'demi-journées', 'rtt', 'mois', 'civil'], ['absence', 'arrivées', 'départs', 'cours', 'année'], ['rémunération'], ['livre', 'disposition', 'propres', 'personnel', 'soumis', 'convention', 'individuelle', 'forfait', 'annuel', 'jours'], ['champ', 'application', 'catégories', 'salariés', 'concernés'], ['durée', 'forfait', 'annuel', 'jours'], ['jours', 'repos', 'supplémentaires'], ['définition', 'calcul', 'jours', 'repos', 'supplémentaires'], ['impact', 'absence'], ['prise', 'jours', 'repos'], ['renonciation', 'jours', 'repos', 'supplémentaires'], ['accord', 'entre', 'salarié', 'employeur', 'doit', 'être', 'établi', 'écrit'], ['modalités', 'décompte', 'journées', 'demi-journées', 'travaillées'], ['convention', 'individuelles', 'forfait', 'annuel', 'jours'], ['entretien', 'semestriel', 'suivi'], ['amplitude', 'journées', 'travail'], ['sensibilisation', 'formation', 'déconnexion'], ['rémunération'], ['rémunération', 'annuelle', 'lissage', 'rémunération'], ['forfait', 'annuel', 'jours', 'réduit'], ['livre', 'astreintes'], ['définition', 'astreintes'], ['incidence', 'temp', 'intervention', 'temp', 'repos'], ['incidence', 'période', 'astreinte', 'temp', 'repos', 'salariés'], ['incident', 'temp', 'intervention', 'temp', 'repos', 'salariés'], ['heures', 'supplémentaires', 'paiement', 'intervention'], ['frais', 'déplacements'], ['dépôt', 'publicité'], ['proces', 'verbal', 'consultation', 'salary', 'societe', 'strana']]"
T01421004062,"[['champ', 'application'], ['programme', 'modulation'], ['traitement', 'solde', 'heures', 'modulation', 'fin', 'période', 'référence'], ['absentéisme', 'année', 'compteurs', 'modulation', 'positifs', 'fin', 'période', 'référence'], ['disposition', 'finale'], ['modalités', 'recours', 'travail', 'temporaire'], ['principe', 'annualisation', 'temp', 'travail'], ['temp', 'travail', 'effectif'], ['annualisation', 'travail'], ['période', 'référence', 'annualisation'], ['lissage', 'rémunération'], ['suivi', 'individuel', 'badgeages'], ['badgeage', 'chauffeur'], ['programme', 'modulation'], ['amplitude', 'modulation'], ['organisation', 'programme', 'modulation'], ['calendrier', 'prévisionnel', 'délai', 'prévenance'], ['réduction', 'délai', 'prévenance'], ['travail', 'samedi'], ['travail', 'nuit'], ['heures', 'supplémentaires', 'rémunération'], ['contingent', 'annuel'], ['rémunération', 'heures', 'supplémentaires', 'au-delà', 'durée', 'annuelle', 'travail'], ['disposition', 'dérogatoires', 'relative', 'rémunération', 'heures', 'supplémentaires', 'au-delà', 'planning', 'prévisionnel', 'hebdomadaire', '2021'], ['rémunération', 'heures', 'supplémentaires', 'au-delà', 'planning', 'prévisionnel', 'hebdomadaire'], ['traitement', 'absence', 'calcul', 'modulation', 'heures', 'supplémentaires'], ['absence', 'hors', 'récupération', 'équivalentes', 'durée', 'journalière', 'planifiée'], ['absence', 'hors', 'récupération', 'inférieures', 'durée', 'journalière', 'planifiée'], ['traitement', 'solde', 'heures', 'modulation', 'fin', 'période', 'référence'], ['absentéisme', 'année', 'compteurs', 'modulation', 'positifs', 'fin', 'période', 'référence'], ['absence', 'injustifiées', 'dont', 'retard'], ['volume', 'heures', 'deçà', 'limite', 'annuelle', 'demande', 'employeur'], ['disposition', 'dérogatoires', 'relative', 'volume', 'heures', 'deçà', 'limite', 'annuelle', 'demande', 'employeur'], ['volume', 'heures', 'deçà', 'limite', 'annuelle', 'demande', 'salarié'], ['demandes', 'récupération', 'initiative', 'salarié'], ['récupération', 'initiative', 'salarié', 'cadre', 'délai', 'prévenance']]"
T04520002001,"[['negociations', 'annuelles', 'obligatoires', '2020'], ['protocole', 'accord'], ['politique', 'salariale', '2020'], ['accord', 'periode', 'allant', '1er', 'janvier', '2020'], ['decembre', '2020'], ['augmentation', 'salaires'], ['salariés', 'non', 'cadre', 'catégorie', 'ouvriers'], ['augmentation', 'générales'], ['1,3', 'titre', 'augmentation', 'générale', 'salaires', 'base', 'bruts'], ['augmentation', 'individuelles'], ['salariés', 'non', 'cadre', 'catégorie', 'employés/techniciens'], ['augmentation', 'générales'], ['1,1', 'titre', 'augmentation', 'générale', 'salaires', 'base', 'bruts'], ['augmentation', 'individuelles'], ['salariés', 'cadre'], ['augmentation', 'individuelles'], ['bénéficiaires'], ['prime', 'objectif', 'annuel'], ['modalités', 'calculs'], ['bénéficiaires'], ['date', 'versement'], ['classification'], ['minimum', 'convention', 'collective'], ['egalité', 'femmes/hommes'], ['budget', 'comité', 'social', 'economique'], ['absence', 'garder', 'enfant', 'malade'], ['disposition', 'temp', 'travail'], ['dépôt', 'accord']]"
T03020002002,"[['accord', 'aménagement', 'temp', 'travail'], ['société', 'apex', 'environnement', 'service'], ['cadre', 'juridique'], ['duree', 'revision', 'denonciation', 'interpretation', 'suivi'], ['champ', 'application'], ['durée', 'travail', 'aspect', 'quantitatifs', 'temp', 'travail', 'temp', 'repos'], ['modalités', 'organisation', 'temp', 'travail', 'salarie', 'temp', 'plein', 'declenchement', 'heures', 'supplementaires'], ['organisation', 'temp', 'travail', 'heures', 'cadre', 'hebdomadaire'], ['définition'], ['seuil', 'déclenchement', 'heures', 'supplémentaires'], ['salary', 'temp', 'partiel'], ['publicite', 'depot', 'accord'], ['cadre', 'juridique'], ['duree', 'revision', 'denonciation', 'interpretation', 'suivi'], ['révision'], ['dénonciation'], ['champ', 'application'], ['durée', 'travail', 'aspect', 'quantitatifs', 'temp', 'travail', 'temp', 'repos'], ['durée', 'effective', 'travail'], ['durée', 'quotidienne', 'travail'], ['repos', 'quotidien'], ['repos', 'hebdomadaire'], ['durées', 'maximales', 'hebdomadaires'], ['modalités', 'organisation', 'temp', 'travail', 'salarie', 'temp', 'plein', 'declenchement', 'heures', 'supplementaires'], ['organisation', 'temp', 'travail', 'heures', 'cadre', 'hebdomadaire'], ['définition'], ['heures', 'supplémentaires'], ['contingent', 'annuel', 'heures', 'supplémentaires'], ['entreprise', 'efforcera', 'organiser', 'prise', 'repos', 'compensateurs', 'remplacement', 'manière', 'concilier', 'bonne', 'organisation', 'service', 'attentes', 'salariés', 'consolidation', 'emplois', 'existants'], ['seuil', 'déclenchement', 'heures', 'supplémentaires'], ['période', 'décompte', 'temp', 'travail'], ['durée', 'annuelle', 'travail'], ['planning'], ['heures', 'supplémentaires'], ['lissage', 'rémunération'], ['prise', 'compte', 'absence', 'départs', 'arrivées', 'cours', 'année'], ['salary', 'temp', 'partiel'], ['organisation', 'temp', 'travail', 'cadre', 'hebdomadaire'], ['définition'], ['organisation', 'horaires', 'temp', 'partiel'], ['heures', 'complémentaires'], ['mise', 'place', 'temp', 'partiel', 'annualisé'], ['heures'], ['planning'], ['heures', 'complémentaires'], ['lissage', 'rémunération'], ['prise', 'compte', 'absence', 'départs', 'arrivées', 'cours', 'année'], ['publicite', 'depot', 'accord'], ['suivre', 'état', 'avancement', 'mise', 'œuvre', 'présent', 'accord', 'notamment']]"
T06122001985,"[['statut', 'collectif'], ['temp', 'pause'], ['jours', 'fériés'], ['congés', 'ancienneté'], ['modalités', 'acquisition', 'prise', 'congés', 'ancienneté'], ['majoration', 'travail', 'dimanche'], ['travail', 'nuit', 'droit', 'repos', 'compensateur'], ['repos', 'compensateur'], ['travaux', 'multiple', 'remplacement', 'arrêt', 'travail'], ['maladie', 'accident'], ['indemnités', 'congédiement', 'indemnités', 'départ', 'mise', 'retraite'], ['contingent', 'heures', 'supplémentaires'], ['prime', 'panier'], ['prime', 'équipe'], ['calcul', 'versement', 'prime'], ['prime', 'équipe', 'nuit'], ['calcul', 'versement', 'prime'], ['prime', 'ancienneté'], ['calcul', 'versement', 'prime'], ['disposition', 'finale'], ['durée', 'prise', 'effet', 'adhésion', 'révision', 'dénonciation'], ['clause', 'rendez-vous'], ['transmission', 'accord', 'commission', 'paritaire', 'permanente', 'négociation', 'interprétation', 'branche'], ['publicité', 'dépôt', 'accord']]"
T07520020190,"[['avenant', 'n°2', 'accord', 'entreprise', 'instituant', 'repos', 'equivalent', 'heures', 'supplémentaires'], ['prise', 'repos'], ['prise', 'effet', 'duree', 'denonciation', 'revision'], ['durée', 'prise', 'effet'], ['modification'], ['avenant', 'modifiant', 'accord', 'fera', 'objet', 'dépôt', 'direction', 'régionale', 'entreprises', 'concurrence', 'consommation', 'travail', 'emploi', 'direccte'], ['dénonciation'], ['depot']]"
T01719001255,"[['accord', 'entreprise', 'relatif', 'amenagement', 'annee', 'temp', 'travail', 'temp', 'partiel', 'organisation', 'travail', 'dominical'], ['champ', 'application', 'présent', 'accord'], ['travail', 'dimanche'], ['temp', 'partiel', 'annualisé'], ['limitation', 'interruption', 'quotidienne'], ['durée', 'minimale', 'contractuelle'], ['programme', 'indicatif', 'répartition', 'durée', 'travail', 'délai', 'prévenance'], ['modalités', 'décompte', 'durée', 'travail', 'chaque', 'salarié'], ['absence', 'salarié'], ['salariés', 'travaillé', 'totalité', 'période', 'référence'], ['congés', 'payés'], ['heures', 'complémentaires'], ['lissage', 'rémunération'], ['révision'], ['dénonciation'], ['publicité', 'accord']]"
T09223060219,"[['accord', 'relatif', 'duree'], ['organisation', 'temp', 'travail'], ['cadre', 'juridique', 'mise', 'œuvre', 'accord'], ['objet', 'présent', 'accord'], ['calendrier', 'règles', 'mise', 'œuvre'], ['entrée', 'vigueur'], ['période', 'référence'], ['repos', 'quotidien', 'hebdomadaire'], ['journée', 'solidarité'], ['congés', 'payés'], ['prise', 'congés', 'payés'], ['ordre', 'départs'], ['prise', 'congés', 'payés'], ['période', 'estivale'], ['droit', 'déconnexion'], ['modalités', 'exercice', 'droit', 'déconnexion'], ['engagement', 'faveur', 'équilibre', 'vie', 'professionnelle', 'vie', 'personnelle', 'qualité', 'vie', 'travail'], ['jours', 'enfant', 'malade'], ['dispositif', 'senior'], ['dispositif', 'don', 'jours'], ['régimes', 'organisation', 'temp', 'travail', 'entreprise'], ['gestion', 'période', 'transitoire'], ['acquisition', 'rtt'], ['prise', 'rtt'], ['cadre', 'légal'], ['durées', 'maximales', 'travail'], ['rythme', 'travail', 'hebdomadaire', 'jours', 'rtt', 'associés'], ['octroi', 'jours', 'réduction', 'temp', 'travail', 'dit', 'jours', 'rtt'], ['principe', 'détermination', 'nombre', 'jours', 'rtt'], ['acquisition', 'jours', 'rtt'], ['temp', 'plein'], ['temp', 'partiel'], ['modalités', 'prise', 'jours', 'rtt'], ['lissage', 'rémunération'], ['modalités', 'organisation', 'suivi', 'temp', 'travail'], ['heures', 'supplémentaires'], ['evènement', 'professionnel'], ['temp', 'partiel', 'demande', 'salarié'], ['définition', 'travail', 'temp', 'partiel'], ['examen', 'demande'], ['retour', 'temp', 'plein'], ['heures', 'complémentaires'], ['egalité', 'traitement'], ['collaborateurs', 'concernés'], ['condition', 'mise', 'place'], ['décompte', 'temp', 'travail', 'jours', 'base', 'annuelle', 'jours', 'repos'], ['prise', 'compte', 'absence', 'entrées', 'sortie', 'cours', 'année'], ['forfait-jours', 'réduit'], ['suivi', 'nombre', 'jours', 'travaillés']]"
T07720003156,"[['accord', 'entreprise'], ['relatif', 'duree', 'travail'], ['champ', 'application'], ['organisation', 'temp', 'travail', 'salary', 'itinerant'], ['modalités', 'organisation', 'travail', 'entreprise'], ['temp', 'chargement', 'déchargement', 'préparation', 'chantier'], ['déplacements', 'rendre', 'chantiers', 'hors', 'chauffeur', 'véhicules', 'poids', 'lourds'], ['situation', 'chauffeur', 'poids', 'lourds'], ['temp', 'pause', 'pause', 'méridienne'], ['astreintes'], ['intempéries'], ['gestion', 'temp', 'travail'], ['modalités', 'organisation'], ['nature', 'époque', 'travaux', 'effectués', 'cours', 'période', 'annuelle'], ['programmation', 'annualisation'], ['compte', 'individuel', 'compensation'], ['durées', 'maximum', 'travail'], ['dépassement', 'durée', 'annuelle', 'travail', 'contingent', 'annuel', 'heures', 'supplémentaires'], ['compte', 'faisant', 'apparaître', 'heures', 'modulation'], ['compte', 'faisant', 'apparaître', 'heures', 'compensation'], ['rémunération'], ['modalités', 'enregistrement', 'temp', 'travail'], ['sous-titre', 'personnel', 'sédentaire'], ['modalités', 'organisation', 'temp', 'travail'], ['durées', 'maximum', 'travail'], ['heures', 'supplémentaires'], ['contingent', 'annuel', 'heures', 'supplémentaires'], ['rémunération', 'heures', 'supplémentaires'], ['modalités', 'enregistrement', 'temp', 'travail'], ['conge', 'paye', 'journee', 'solidarite'], ['période', 'prise', 'congés', 'payés'], ['journée', 'solidarité'], ['disposition', 'finale'], ['modalités', 'conclusion', 'présent', 'accord'], ['dépôt', 'publicité', 'accord']]"
T05723060027,"[['avenant', 'accord', 'etablissement', 'alsapan', 'boulay', 'relatif', 'amenagement', 'organisation', 'temp', 'travail'], ['article', '3.3.2', 'cet', 'accord', 'mentionne', 'prépaiement', 'heures', 'supplémentaires', 'effectives', 'au-delà', 'crédit', 'heures', 'heures', 'fin', 'période', 'paie'], ['objet', 'avenant']]"
T08821002538,"[['accord', 'entreprise'], ['temp', 'travail', 'effectif'], ['heures', 'supplémentaires'], ['durée', 'travail'], ['rémunération'], ['planning', 'contrôle'], ['mise', 'place'], ['consultation', 'personnel'], ['date', 'application', 'durée', 'dénonciation', 'révision'], ['depouillement']]"
T07720004567,"[['prise', 'effet', 'formalités', 'publicité', 'dépôt'], ['champ', 'application', 'professionnel', 'salariés', 'concernés'], ['modalités', 'organisation', 'temp', 'travail', 'période', 'mois'], ['période', 'référence', 'horaire', 'moyen'], ['période', 'référence'], ['art', 'icle', '2.1', 'qualifi', 'cation', 'heu', 're', 'eff', 'ect', 'pendant', 'période', 'référenceau-delà', 'durée', 'hebdomadaire', 'légale', '35h'], ['art', 'icle', '2.1', 'quali', 'cation', 'heures', 'eff', 'ect', 'uées', 'pen', 'dant', 'iode', 'référence', 'au-delà', 'durée', 'annuell', 'ravail', 'eff', 'ect'], ['contrôle', 'durée', 'travail'], ['décompte', 'heures'], ['contingent', 'annuel', 'heures', 'supplémentaires'], ['fixation', 'contingent', 'annuel', 'heures', 'supplémentaires'], ['modalités', 'rémunération'], ['principe', 'lissage', 'rémunération'], ['rémunération', 'heures', 'supplémentaires', 'cours', 'période', 'référence'], ['exemple'], ['modalités', 'spécifiques', 'ca', 'absence', 'entrée', 'sortie', 'cours', 'période'], ['absence', 'diverses', 'rémunérées', 'non', 'hors', 'absence', 'liée', 'état', 'santé', 'salarié', 'telles', 'maladie', 'at-mp', 'maternité', 'temp', 'partiel', 'thérapeutique'], ['incidence', 'plafond', '1607', 'heures'], ['incidence', 'plafond', '1607', 'heures'], ['incidence', 'plafond', '1607', 'heures'], ['incidence', 'plafond', '1607', 'heures'], ['art.ide', 'mise', 'place', 'cet', 'aménagement', 'temp', 'travail'], ['formalités', 'accomplir'], ['employeur', 'engage', 'effectuer', 'toutes', 'formalités', 'inhérentes', 'horaire', 'collectif'], ['rpv', 'iion', 'accord'], ['modalités', 'prise', 'compte', 'demandes', 'relative', 'thèmes', 'négociation']]"
T07522042930,"[['accord', 'aménagement', 'temp', 'travail'], [], ['objet', 'accord'], ['champ', 'application', 'bénéficiaires'], ['définitions', 'commune'], ['définition', 'temp', 'travail', 'effectif'], ['durée', 'hebdomadaire', 'travail'], ['durée', 'quotidienne', 'travail'], ['répartition', 'hebdomadaire', 'travail'], ['temp', 'partiel'], ['heures', 'complémentaires'], ['heures', 'supplémentaires'], ['définition'], ['initiative', 'heures', 'supplémentaires', 'appartient', 'hiérarchie', 'salarié', 'peut', 'propre', 'initiative', 'effectuer', 'heures', 'supplémentaires'], ['rémunération'], ['modalités', 'prise', 'repos'], ['temp', 'travail', 'déplacements'], [], ['organisation', 'annuelle', 'temp', 'travail'], ['durée', 'travail'], ['horaire', 'hebdomadaire', 'jours', 'rtt'], ['horaire', 'collectif'], ['contrôle', 'temp', 'travail', 'heures'], ['jours', 'rtt'], ['modalités', 'acquisition', 'jours', 'rtt'], ['modalités', 'prise', 'jours', 'rtt'], ['jours', 'repos', 'cadre', 'forfait'], ['droit', 'déconnexion'], ['exception', 'principe', 'droit', 'déconnexion'], ['travail', 'samedi'], ['forfait', 'annuel', 'jours'], ['bénéficiaires', 'cadre', 'non', 'cadre'], ['convention', 'individuelles', 'forfait', 'annuel', 'jours'], ['obligation', 'liées', 'forfait', 'annuel', 'jours'], ['respect', 'durée', 'travail', 'maximale'], ['entretien', 'annuel', 'bilan', 'charge', 'travail'], ['temp', 'partiel'], ['contrats', 'durée', 'déterminée', 'contrats', 'travail', 'temporaires', 'contrats', 'alternance'], ['congés', 'payés'], [], ['entrée', 'vigueur-', 'durée', 'accord', 'dénonciation']]"
T01223060120,"[['accord', 'entreprise', 'relatif', 'contingent', 'annuel', 'heures', 'supplementaires', 'indemnités'], ['petits', 'déplacements'], ['définition', 'heures', 'supplémentaires'], ['contingent', 'heures', 'supplémentaires'], ['petits', 'déplacements'], ['indemnité', 'trajet'], ['organisation', 'rémunération', 'temp', 'trajet'], ['consultation', 'personnel'], ['suivi', 'révision', 'dénonciation', 'accord'], ['bordereau', 'dépôt']]"
T03322010960,"[['accord', 'collectif', 'entreprise'], ['champ', 'application'], ['heures', 'supplémentaires'], ['définition', 'heures', 'supplémentaires'], ['majoration', 'salaire'], ['contingent', 'heures', 'supplémetaires'], ['contrepartie', 'obligatoire', 'repos'], ['travail', 'nuit'], ['congés', 'payés'], ['décompte', 'congés', 'payés'], ['modalités', 'acquisition', 'congés', 'payés'], ['nombre', 'jours', 'acquis'], ['modalités', 'fractionnement', 'congés', 'payés'], ['disposition', 'finale'], ['durée', 'entrée', 'vigueur', 'accord', 'entreprise'], ['révision', 'dénonciation'], ['publicité', 'accord']]"
T04420008921,"[['accord', 'entreprise', 'relatif', 'heures', 'supplémentaires'], ['contrepartie'], ['objet'], ['accomplissement', 'heures', 'supplémentaires'], ['contingent', 'annuel', 'heures', 'supplémentaires'], ['majorations', 'heures', 'supplémentaires'], ['repos', 'compensateur', 'remplacement'], ['ouverture', 'droit', 'repos', 'compensateur'], ['prise', 'repos', 'compensateur'], ['rupture', 'contrat'], ['durée', 'accord', 'entreprise', 'entrée', 'vigueur'], ['dépôt', 'publicité', 'accord', 'entreprise'], ['base', 'données', 'nationale', 'accord', 'collectifs'], ['salariés']]"
T05519000341,"[['accord', 'collectif', 'relatif', 'mise', 'place', 'équipes', 'successives', '5x8'], ['albany', 'safran', 'composite', 'sa'], ['objet', 'accord'], ['cycle', 'horaires', 'travail', 'poste', '5x8'], ['cycle', '5x8'], ['nombre', 'jours', 'travail'], ['congés', 'payés'], ['nombre', 'jours', 'congés', 'payés'], ['prise', 'congés', 'payés'], ['majorations'], ['prise', 'jours', 'acquis', 'cadre', 'ancien', 'cycle', 'travail'], ['congés', 'payés', 'acquisition', 'prise'], ['temp', 'travail', 'durant', 'cycle', 'repos'], ['astreinte'], ['appel', 'volontaires', 'travaillant', 'cycle', 'habituel'], ['révision', 'dénonciation', 'entrée', 'vigueur'], ['révision'], ['entrée', 'vigueur'], ['année', '2019']]"
T07422006523,"[['accord', 'entreprise', 'relatif', 'contingent', 'heures', 'supplémentaires'], ['contingent', 'heures', 'supplémentaires'], ['majorations', 'applicables', 'heures', 'supplémentaires'], ['formalités']]"
T00619001984,"[['accord', 'entreprise', 'relatif', 'heures', 'supplémentaires', 'personnel', 'hôpital', 'privé', 'gériatrique', 'source'], ['situation', 'personnel', 'soignant'], ['périmètre', 'accord'], ['paiement', 'heures', 'supplémentaires'], ['heures', 'supplémentaires'], ['heures', 'ssi', 'réservé', 'personnel', 'soignant'], ['circonstances', 'exceptionnelles'], ['situation', 'personnel', 'non', 'soignant', 'service', 'logistiques'], ['périmètre', 'accord'], ['paiement', 'heures', 'supplémentaires'], ['heures', 'supplémentaires'], ['principe', 'égalité', 'salariés', 'devant', 'heures', 'supplémentaires'], ['suivi', 'dispositifs', 'information', 'comité', 'entreprise'], ['publicité']]"
T07520023159,"[['accord', 'amenagement', 'temp', 'travail'], ['partie', 'champ', 'application', 'définition', 'temp', 'travail'], ['définition', 'mesure', 'temp', 'travail'], ['définition', 'temp', 'travail', 'effectif'], ['temp', 'déplacement'], ['partie', 'dispositifs', 'aménagement', 'temp', 'travail'], ['répartition', 'temp', 'travail'], ['amplitude', 'journées', 'travail/durées', 'maximales', 'journalières', 'hebdomadaires'], ['heures', 'supplémentaires'], ['décompte', 'majoration'], ['contingent', 'annuel'], ['repos', 'compensateur', 'remplacement'], ['situation', 'famille'], ['partie', 'iii', 'forfait', 'annuel', 'jours'], ['définitions'], ['durée', 'travail', 'sou', 'forme', 'forfait', 'annuel', 'nombre', 'jours', 'travaillés'], ['nombre', 'jours', 'travaillés'], ['décompte', 'nombre', 'jours', 'travaillés'], ['durée', 'maximale', 'travail', 'temp', 'repos', 'salariés'], ['modalité', 'prises', 'jours', 'repos'], ['liberté', 'prise', 'temp', 'repos'], ['demande', 'prise', 'repos'], ['report', 'prise', 'jours', 'repos'], ['suivi', 'organisation', 'travail', 'chaque', 'salarié'], ['repos', 'hebdomadaire'], ['jours', 'fériés', 'chômés'], ['suivi', 'annuel'], ['rémunération'], ['absence', 'départ', 'cours', 'année'], ['forfait', 'annuel', 'congé', 'parental', 'mi-temps', 'thérapeutique'], ['dépassement', 'forfait'], ['modalités', 'exercice', 'salariés', 'droit', 'déconnexion'], ['objet', 'présent', 'article', 'consiste'], ['définitions'], ['droit', 'déconnexion', 'dehors', 'temp', 'travail'], ['partie', 'travail', 'dimanche', 'pendant', 'jour', 'férié', 'normalement', 'chômé'], ['principe', 'repos', 'dominical'], ['mise', 'œuvre', 'travail', 'dimanche'], ['salariés', 'embauchés', 'spécifiquement', 'travailler', 'dimanche'], ['indisponibilité', 'ponctuelle'], ['conciliation', 'entre', 'vie', 'professionnelle', 'vie', 'familiale'], ['contreparties', 'financières', 'liées', 'travail', 'dominical'], ['frais', 'garde', 'autres', 'charge', 'induites', 'travail', 'dominical'], ['engagement', 'pris', 'faveur', 'public', 'difficultés', 'personnes', 'handicapées'], ['partie', 'travail', 'nuit'], ['motivation', 'travail', 'nuit'], ['définition']]"
T09322010476,"[['accord', 'entreprise', 'relatif', 'amenagement', 'temp', 'travail'], ['disposition', 'generales'], ['champ', 'application'], ['durée', 'accord'], ['publicité', 'accord'], ['temp', 'travail'], ['champ', 'application'], ['principe', 'generaux'], ['définitions', 'temp', 'travail', 'effectif', 'temp', 'pause', 'repos'], ['durées', 'maximales', 'travail', 'salariés', 'dont', 'temp', 'travail', 'décompté', 'heures'], ['organisation', 'amenagement', 'temp', 'travail'], ['période', 'référence'], ['durée', 'annuelle', 'travail'], ['modalités', 'modulation', 'périodes', 'hautes', 'périodes', 'bass'], ['heures', 'supplémentaires'], ['modalités', 'calcul', 'versement', 'heures', 'supplémentaires'], ['incidence', 'absence', 'heures', 'supplémentaires'], ['incidence', 'embauches', 'départs', 'cours', 'année'], ['modalités', 'décompte', 'temp', 'travail'], ['lissage', 'rémunération'], ['delai', 'prevenance', 'prime', 'disponibilite'], ['conge', 'paye'], ['droit', 'deconnexion'], ['forfait', 'annuel', 'jours'], ['salary', 'eligibles'], ['nombre', 'jours', 'compris', 'forfait', 'annuel', 'jours'], ['periode', 'reference'], ['nombre', 'jours', 'repos'], ['forfait', 'annuel', 'jours', 'reduit'], ['condition', 'prise', 'compte', 'absence', 'remuneration'], ['incidence', 'absence', 'jours', 'repos'], ['valorisation', 'absence'], ['condition', 'prise', 'compte', 'entree', 'sortie', 'cours', 'periode', 'reference'], ['entrée', 'cours', 'période', 'référence'], ['sortie', 'cours', 'période', 'référence'], ['modalites', 'evaluation', 'suivi', 'regulier', 'charge', 'travail', 'salarie'], ['exercice', 'droit', 'deconnexion'], ['contrepartie', 'obligatoire', 'repos', 'disposition', 'legales'], ['article', 'charte', 'droits', 'fondamentaux', 'union', 'européenne', 'garantit', 'salarié', 'bénéficier', 'condition', 'travail', 'respectant', 'santé', 'sécurité', 'dignité'], ['disposition', 'generales'], ['champ', 'application'], ['durée', 'accord'], ['publicité', 'accord'], ['modulation', 'temp', 'travail'], ['temp', 'travail'], ['champ', 'application'], ['principe', 'generaux'], ['définitions', 'temp', 'travail', 'effectif', 'temp', 'pause', 'repos'], ['durées', 'maximales', 'travail', 'salariés', 'dont', 'temp', 'travail', 'décompté', 'heures'], ['organisation', 'amenagement', 'temp', 'travail'], ['période', 'référence'], ['durée', 'annuelle', 'travail'], ['modalités', 'modulation', 'périodes', 'hautes', 'périodes', 'bass'], ['heures', 'supplémentaires'], ['modalités', 'calcul', 'versement', 'heures', 'supplémentaires'], ['incidence', 'absence', 'heures', 'supplémentaires'], ['exemple'], ['incidence', 'embauches', 'départs', 'cours', 'année'], ['exemple'], ['exemple'], ['modalités', 'décompte', 'temp', 'travail'], ['lissage', 'rémunération'], ['delai', 'prevenance', 'prime', 'disponibilite'], ['conge', 'paye'], ['droit', 'deconnexion'], ['forfait', 'annuel', 'jours'], ['salary', 'eligibles'], ['nombre', 'jours', 'compris', 'forfait', 'annuel', 'jours'], ['periode', 'reference'], ['nombre', 'jours', 'repos'], ['forfait', 'annuel', 'jours', 'reduit'], ['condition', 'prise', 'compte', 'absence', 'remuneration'], ['incidence', 'absence', 'jours', 'repos'], ['valorisation', 'absence'], ['condition', 'prise', 'compte', 'entree', 'sortie', 'cours', 'periode', 'reference'], ['entrée', 'cours', 'période', 'référence'], ['sortie', 'cours', 'période', 'référence'], ['modalites', 'evaluation', 'suivi', 'regulier', 'charge', 'travail', 'salarie'], ['exercice', 'droit', 'deconnexion'], ['contrepartie', 'obligatoire', 'repos', 'disposition', 'legales']]"
T02121003853,"[['durée', 'travail'], ['aménagement', 'temp', 'travail'], ['heures', 'supplémentaires'], ['définition'], ['rémunération'], ['embauche', 'rupture', 'contrat', 'travail', 'cours', 'période', 'référence'], ['salariés', 'temp', 'partiel'], ['durée', 'accord', 'révision', 'dénonciation'], ['publicité']]"
T07519017886,"[['accord', 'entreprise'], ['scp', 'bignon', 'lebray'], ['champ', 'application'], ['journee', 'solidarite'], ['duree', 'travail'], ['salariés', 'non-cadres'], ['durée', 'hebdomadaire', 'collective', 'heures'], [], ['modalité', 'prise', 'jours', 'repos'], [], ['salariés', 'cadre'], ['salariés', 'cadre', 'intégrés'], ['salariés', 'cadre', 'non', 'intégrés'], [], [], ['condition', 'prise', 'compte', 'absence'], ['condition', 'prise', 'compte', 'arrivées', 'départs', 'cours', 'période'], ['evaluation', 'suivi', 'régulier', 'charge', 'travail', 'salarié'], [], [], ['salariés', 'temp', 'partiel'], ['modalité', 'décompte', 'temp', 'travail', 'heures', 'supplémentaires'], ['modalité', 'jours', 'maladie'], [], ['passage', 'temp', 'partiel', 'temp', 'plein'], ['inversement'], ['attribution', 'ticket', 'restaurant'], ['egalite', 'professionnelle', 'entre', 'hommes'], [], ['entree', 'vigueur', 'disposition', 'transitoires'], ['duree', 'accord'], ['depot', 'legal']]"
T02922007393,"[['accord', 'duree', 'travail'], ['temp', 'travail', 'effectif'], ['temp', 'trajet', 'déplacement'], ['amenagement', 'temp', 'travail'], ['3121-41', 'alinéa', 'code', 'travail'], ['3121-41', 'alinéa', 'code', 'travail'], ['3121-43', 'code', 'travail'], ['période', 'référence'], ['liquidation', 'provisoire', 'heures', 'supplémentaires'], ['trimestre'], ['heure', 'supplémentaire'], ['ème', 'trimestre'], ['ème', 'trimestre'], ['ème', 'trimestre'], ['octobre', '140', 'heures'], ['heure', 'supplémentaire'], [',11', 'heures', 'négatives'], ['liquidation', 'définitive'], ['délai', 'prévenance'], ['absence', 'départs', 'arrivés', 'cours', 'période'], ['taux', 'majoration', 'heures', 'supplementaires'], ['repos', 'compensateur', 'remplacement'], ['contingent', 'annuel', 'heures', 'supplementaires'], ['entrée', 'vigueur', 'duree'], ['révision', 'dénonciation'], ['dépôt', 'publicité']]"
T03619000366,"[['cepl', 'chateauroux'], ['accord'], ['nao', '2019', 'relative', 'remuneration', 'temp', 'travail', 'partage', 'valeur', 'ajoutee'], ['accord', 'rémunération', 'temp', 'travail', 'valeur', 'ajoutée', 'applique', 'ensemble', 'collaborateurs', 'société'], ['salaires', 'effectifs'], ['rémunération'], ['intéressement', 'participation', 'épargne', 'salariale']]"
T05419001515,"[['accord', 'entreprise', 'salaires', 'durée', 'effective', 'organisation', 'temp', 'travail', 'égalité', 'professionnelle', 'entre', 'hommes', 'femmes'], ['champ', 'application'], ['contenu', 'cet', 'accord'], ['droit', 'deconnexion'], ['objet', 'périmètre', 'champ', 'application', 'accord'], ['condition', 'suivi', 'accord'], ['date', 'application']]"
T03221000830,"[['accord', 'annualisation', 'temp', 'travail'], ['duree', 'accord', 'entree', 'vigueur'], ['revision', 'denonciation'], ['publicite', 'depot', 'accord'], ['objet', 'champ', 'application', 'accord'], ['periode', 'annualisation'], ['principe', 'annualisation', 'travail', 'temp', 'partiel'], ['heures', 'complementaires'], ['depassement', 'decompte', 'heures'], ['remuneration', 'lissee'], ['absence', 'arrivees', 'departs', 'cours', 'annee'], ['comptabilisation', 'absence'], ['suivi'], ['changement', 'horaire', 'delai', 'prevenance'], ['duree', 'minimale'], ['principe', 'egalite', 'traitement']]"
T04418002292,"[['accord', 'harmonisation', 'relatif', 'organisation', 'temp', 'travail', 'condition', 'emploi', 'rémunération', 'sein', 'eurial', 'lait'], ['cadre', 'juridique'], ['définition', 'différentes', 'catégories', 'personnel'], ['salariés', 'logistiques', 'support', 'logistiques'], ['personnel', 'administratif', 'fonctions', 'support'], ['salariés', 'cadre', 'agent', 'maîtrise', 'autonomes'], ['principe', 'généraux'], ['définitions', 'temp', 'travail', 'effectif', 'temp', 'pause'], ['définition', 'temp', 'repos'], ['durée', 'hebdomadaire', 'travail'], ['durée', 'quotidienne', 'travail'], ['congés', 'payés'], ['salariés', 'temp', 'partiel'], ['organisation', 'temp', 'travail', 'forfait-jours'], ['droit', 'déconnexion'], ['sensibiliser', 'meilleure', 'gestion', 'messagerie', 'électronique', 'professionnelle'], ['journée', 'solidarité'], ['travail', 'nuit'], ['travail', 'dimanche', 'jours', 'fériés'], ['justification', 'recours'], ['organisation', 'travail', 'dominical', 'jours', 'fériés'], ['garanties'], ['congés'], ['congés', 'evènements', 'familiaux'], ['congés', 'enfant', 'malade'], ['rémunération'], ['gestion', 'paie'], ['eléments', 'variable', 'paie'], ['date', 'règlements'], ['astreintes'], ['clause', 'sauvegarde'], ['disposition', 'diverses'], ['médaille', 'travail'], ['réunions', 'information', 'syndicale'], ['indemnité', 'départ', 'retraite'], ['portée', 'accord'], ['transition', 'vers', 'comité', 'social', 'économique'], ['clause', 'rendez-vous', 'suivi'], ['dépôt', 'publicité', 'accord'], ['accord', 'fera', 'également', 'objet', 'dépôt', 'secrétariat', 'greffe', 'conseil', 'prud', 'hommes', 'nantes'], ['maintien', 'disposition', 'conventionnelles', 'antérieures'], ['relevé', 'compteurs'], ['gestion', 'compteurs']]"
T03521007873,"[['accord', 'collectif', 'entreprise'], ['relatif', 'négociation', 'annuelle', 'obligatoire'], ['salaires', 'effectifs'], ['annee', '2021'], ['beneficiaires'], ['salaires', 'effectifs'], ['0,5', '1er', 'octobre', '2021'], ['prime', 'fidelite'], ['condition', 'versement'], ['frais', 'transport'], ['indemnite', 'panier'], ['accord', 'collectif', 'entreprise', 'relatif', 'jours', 'repos', 'utilises', 'initiative', 'salarie', 'absence', 'imprevues'], ['budget', 'activites', 'sociales', 'culture', 'comite', 'social', 'economique', 'contribution', 'complementaire', 'exceptionnelle'], ['avenant', 'accord', 'collectif', 'entreprise', 'relatif', 'compte', 'epargne', 'temp', 'cet'], ['duree', 'revision', 'denonciation'], ['modalites', 'depot']]"
T03821009267,"[['avenant', 'accord', 'collectif'], ['organisation', 'temp', 'travail'], ['champ', 'application', 'avenant'], ['disposition', 'convenues'], ['entree', 'vigueur', 'duree', 'avenant'], ['denonciation', 'revision', 'avenant'], ['depot', 'publicite']]"
T02422001851,"[['accord', 'entreprise', '14/04/2022'], ['naire'], ['créneaux', 'repas', 'indemnités', 'repas'], ['congés', 'payés'], ['droits', 'congés', 'payés'], ['prise', 'congés', 'payés'], ['disposition', 'complémentaires'], ['forfait', 'jour', 'droit', 'déconnexion'], ['définition', 'catégorie'], ['principe'], ['durée', 'maximum', 'travail'], ['modalité', 'mise', 'place', 'forfait', 'jours'], ['suivi', 'contrôle', 'temp', 'travail'], ['suivi', 'évaluation', 'charge', 'travail'], ['signalement', 'salarié'], ['evaluation', 'charge', 'travail'], ['droit', 'déconnexion'], ['maintien', 'échanges', 'non', 'numériques'], ['rôle', 'manager'], ['utilisation', 'moyens', 'communication', 'numérique', 'émetteurs'], ['envoi', 'différé', 'courrier', 'électronique'], ['exercice', 'individuel', 'droit', 'déconnexion'], ['journée', 'solidarité'], ['personnel', 'concernés', 'personnel', 'roulant'], ['prime', 'remplacement', 'inopiné'], ['personnel', 'concernés', 'personnel', 'roulant'], ['entrée', 'application', 'publicité']]"
T07522045785,"[['accord', 'collectif', 'aménagement'], ['temp', 'travail'], ['principe', 'généraux'], ['objet', 'cadre', 'juridique'], ['maintien', 'organisation', 'durée', 'travail'], ['nature', 'juridique'], ['articulation', 'procédures', 'cours'], ['bénéficiaires', 'présent', 'accord'], ['notion', 'durée', 'travail'], ['temp', 'repas'], ['temp', 'pause'], ['situation', 'particulières', 'infirmières/infirmiers', 'aides-soignantes/aides-soignants', 'service', 'hospitalisation'], ['hospitalisation', 'chirurgie', 'jour', 'nuit'], ['hospitalisation', 'médecine', 'jour', 'nuit'], ['unité', 'surveillance', 'continue', 'usc', 'jour', 'nuit'], ['durée', 'maximale', 'quotidienne', 'travail', 'durée', 'minimale', 'repos'], ['durée', 'maximale', 'quotidienne', 'travail'], ['durée', 'maximale', 'hebdomadaire', 'travail'], ['durée', 'minimale', 'repos'], ['précisions', 'complémentaires'], ['repos', 'hebdomadaire'], ['heures', 'supplémentaires'], ['contingent', 'annuel', 'heures', 'supplémentaires'], ['niveau', 'contingent'], ['contrepartie', 'obligatoire', 'repos'], ['rémunération', 'heures', 'supplémentaires'], ['repos', 'compensateur', 'remplacement'], ['contrôle', 'temp', 'travail', 'effectif'], ['sécurisation', 'entrées', 'sortie'], [], ['information', 'salariés', 'modification', 'horaires'], ['rémunération'], ['absence', 'départ', 'arrivée', 'cours', 'période', 'référence'], [], ['bénéficiaires'], ['annualisation', 'décompte', 'jours', 'durée', 'travail']]"
T05623006078,"[['accord', 'entreprise', 'relatif', 'duree', 'amenagement', 'temp', 'travail', 'sein', 'societe', 'specialites', 'pet', 'food', 'spf', 'sa'], ['harmoniser', 'règles', 'applicables', 'salariés'], ['disposition', 'generales'], ['cadre', 'juridique'], ['champ', 'application'], ['disposition', 'portant', 'organisation', 'duree', 'temp', 'travail', 'sein', 'entreprise'], ['modalités', 'suivi', 'organisation', 'travail', 'chaque', 'salarié'], ['dépassement', 'forfait', 'annuel', 'jours', 'faculté', 'exceptionnelle', 'rachat'], ['déconnexion', 'outils', 'communication', 'distance'], ['salariés', 'forfait', 'jours', 'bénéficiant', 'heures', 'délégation'], ['surveillance', 'médicale', 'travailleurs', 'nuit'], ['droit', 'salarié', 'refuser', 'emploi', 'nuit'], ['formation', 'travailleurs', 'nuit'], ['organisation', 'temp', 'pause'], ['egalité', 'professionnelle', 'entre', 'femmes', 'hommes'], ['travail', 'temp', 'partiel'], ['disposition', 'commune', 'tous', 'régimes', 'temp', 'partiel'], ['cadre', 'juridique'], ['disposition', 'portant', 'organisation', 'duree', 'temp', 'travail', 'sein', 'entreprise'], ['regles', 'relative', 'duree', 'travail'], ['temp', 'travail', 'effectif'], ['temp', 'repas'], ['temp', 'pause'], ['pause', 'repas'], ['pause', 'repas'], ['pause', 'repas', 'ca', 'travail', 'posté'], ['durée', 'amplitude', 'travail'], ['durées', 'quotidienne', 'hebdomadaire', 'travail'], ['temp', 'repos'], ['durée', 'minimale', 'repos', 'quotidien'], ['durée', 'minimale', 'repos', 'hebdomadaire'], ['condition', 'légales', 'suspension', 'repos', 'hebdomadaire', 'appliquées'], ['temp', 'habillage', 'déshabillage'], ['modalites', 'amenagement', 'temp', 'travail'], ['organisation', 'temp', 'travail', 'base', 'décompte', 'hebdomadaire'], ['personnel', 'concerné'], ['horaire', 'référence'], ['heures', 'supplémentaires'], ['réalisation', 'heures', 'supplémentaires'], ['contreparties', 'heures', 'supplémentaires'], ['contingent', 'annuel', 'contrepartie', 'obligatoire', 'repos'], ['durée', 'hebdomadaire', 'travail', 'supérieure', 'heures', 'attribution', 'jrtt'], ['personnel', 'concerné'], ['définition'], ['durée', 'travail'], ['durée', 'hebdomadaire', 'travail', '36,75', 'heures', 'heures', 'minute'], ['durée', 'hebdomadaire', 'travail', 'heures'], ['durée', 'hebdomadaire', 'travail', '36,92', 'heures', 'heures', 'minute'], ['modalités', 'acquisition', 'jrtt']]"
T20A20000482,"[['proces', 'verbal', 'accord'], ['negociation', 'annuelle', 'obligatoire', '2020'], ['objet', 'accord'], ['exercice', 'droit', 'expression', 'directe', 'collective', 'salariés'], ['constat', 'accord'], ['négociation', 'salaires'], ['calcul', 'index', 'égalité', 'professionnelle', 'femmes-hommes', '2019']]"
T03022003726,"[['accord', 'collectif', 'relatif'], ['amenagement', 'temp', 'travail'], ['adre', 'juridique'], ['hamp', 'application'], ['article', 'thématique', 'négociée'], ['urée', 'effective', 'travail'], ['durée', 'effective', 'travail'], ['durée', 'maximale', 'quotidienne', 'hebdomadaire', 'travail'], ['repos', 'hebdomadaire'], ['journée', 'solidarité'], ['heures', 'supplémentaires', 'repos', 'compensateur', 'remplacement', 'contingent', 'heures', 'supplémentaires'], ['commission', 'paritaire', 'suivi', 'accord'], ['composition'], ['réunion', 'commission', 'paritaire'], ['avis', 'commission'], ['révision'], ['dénonciation'], ['rendez-vous'], ['dépôt', 'publicité']]"
A07118002587,"[['avenant', 'accord', 'relatif', 'mise', 'place', 'equipes', 'suppleance', 'maintenance'], ['duree'], ['revision'], ['chacune', 'autres', 'party', 'signataires']]"
T06019001160,"[['accord', 'organisation', 'travail'], ['step', 'cycle', 'journee'], ['organisation', 'travail', 'cycle', 'semaines'], ['horaires', 'travail'], ['maintien', 'disposition', 'règlement', 'intérieur', 'horaire', 'variable', 'accord', 'heures'], ['durée', 'application', 'présent', 'accord'], ['suivi', 'mise', 'place']]"
T01322016474,"[['accord', 'portant', 'amenagement', 'temp', 'travail', 'conge', 'annuels'], ['disposition', 'preliminaires'], ['duree', 'travail'], ['durée', 'travail', 'hebdomadaire', 'annuelle'], ['définition', 'temp', 'travail', 'effectif'], ['temp', 'habillage', 'déshabillage'], ['définition', 'condition', 'application'], ['versement', 'prime', 'habillage', 'déshabillage'], ['temp', 'douche'], ['définition', 'condition', 'application'], ['versement', 'prime', 'douche'], ['période', 'référence', 'aménagement', 'temp', 'travail'], ['durée', 'annuelle', 'travail', 'modalités', 'modulation', 'entre', 'périodes', 'hautes', 'périodes', 'bass', 'durée', 'moyenne', 'hebdomadaire'], ['durée', 'travail', 'hebdomadaire'], ['compensation', 'durée', 'moyenne', 'hebdomadaire'], ['programmation', 'indicative', 'modification'], ['programmation', 'indicative', 'transmise', 'salariés', 'début', 'chaque', 'période', 'référence'], ['modification', 'programmation', 'indicative'], ['consultation', 'comité', 'social', 'économique', 'transmission', 'inspecteur', 'travail'], ['décompte', 'heures', 'supplémentaires'], ['décompte', 'limitation', 'hebdomadaire'], ['incidence', 'absence', 'décompte', 'heures', 'supplémentaires'], ['affichage', 'contrôle', 'durée', 'travail'], ['rémunération', 'salariés'], ['principe', 'lissage'], ['incidence', 'arrivés', 'départ', 'cours', 'période', 'référence', 'rémunération'], ['incidence', 'absence', 'indemnisation', 'retenue'], ['augmentation', 'contingent', 'heures', 'supplementaires'], ['contingent', 'heures', 'supplémentaires'], ['contreparties', 'heures', 'supplémentaires', 'effectuées', 'intérieur', 'contingent'], ['contrepartie', 'obligatoire', 'repos', 'prise', 'repos'], ['organisation', 'conge', 'paye'], ['décompte', 'congés', 'payés'], ['période', 'acquisition', 'congés', 'payés'], ['incidence', 'absence', 'congés', 'payés'], ['modalités', 'prise', 'congés', 'payés'], ['disposition', 'finale'], ['champ', 'application', 'accord'], ['accord', 'applique', 'ensemble', 'établissements', 'société', 'arcane', 'industry', 'situés', 'france'], ['durée', 'application'], ['révision'], ['notification', 'dépôt']]"
T03323060287,"[['avenant', 'n°4', 'accord', 'entreprise', 'fevrier', '2014'], ['champ', 'application', 'duree'], ['champ', 'application'], ['duree'], ['révision'], ['dénonciation'], ['suivi', 'accord'], ['duree', 'travail', 'disposition', 'diverses'], ['duree', 'quotidienne', 'travail'], ['amplitude', 'repos', 'quotidien'], ['heures', 'supplementaires', 'contingent', 'annuel'], ['temp', 'partiel'], ['heures', 'complémentaires'], ['egalité', 'droits'], ['interruption', 'activite', 'coupures'], ['suppression', 'jours', 'fractionnement'], ['temp', 'deplacement'], ['communication', 'planning', 'condition', 'changement', 'applicable', 'tous', 'type', 'organisation', 'temp', 'travail'], ['notification', 'modification', 'planning'], ['contrepartie', 'modification', 'planning'], ['contrepartie', 'modification', 'planning'], ['periode', 'reference', 'acquisition', 'prise', 'conge', 'paye'], ['période', 'acquisition', 'congés', 'payés'], ['période', 'prise', 'congés', 'payés'], ['mise', 'œuvre'], ['modalites', 'organisation', 'temp', 'travail'], ['annualisation', 'temp', 'travail', 'article', 'l.3121-44', 'suivants', 'code', 'travail'], ['objet'], ['salary', 'concernes'], ['remuneration'], ['absence'], ['compteur', 'individuel', 'suivi'], ['modification', 'duree', 'travail', 'contractuelle', 'cours', 'periode', 'reference'], ['modification', 'durée', 'contractuelle', 'travail', 'hausse'], ['modification', 'durée', 'contractuelle', 'baisse'], ['incidence', 'absence', 'non', 'assimilees', 'temp', 'travail', 'effectif', 'calcul', 'heures', 'supplementaires', 'salary', 'temp', 'plein', 'heures', 'complementaires', 'salary', 'temp', 'partiel'], ['traitement', 'heures', 'supplémentaires'], ['incidence', 'autres', 'absence', 'non', 'assimilées', 'temp', 'travail', 'effectif', 'congés', 'sans', 'solde', 'absence', 'injustifiées'], ['disposition', 'propres', 'salary', 'temp', 'plein', 'annualise'], ['principe', 'annualisation'], ['horaire', 'hebdomadaire', 'moyen', 'horaire', 'mensuel', 'moyen'], ['amplitude', 'amenagement', 'temp', 'travail', 'annee'], ['heures', 'supplementaires'], ['regularisation', 'issue', 'periode', 'annualisation'], ['disposition', 'propres', 'salary', 'temp', 'partiel', 'annualise'], ['principe', 'annualisation'], ['duree', 'hebdomadaire', 'moyenne', 'duree', 'mensuelle', 'moyenne', 'duree', 'annuelle'], ['amplitude', 'amenagement', 'temp', 'travail', 'annee'], ['heures', 'complementaires'], ['regularisation', 'issue', 'periode', 'annualisation']]"
T04423018282,"[['accord', 'entreprise', 'relatif', 'accomplissement', 'heures', 'supplémentaires', 'contingent', 'heures', 'supplémentaires'], ['objet'], ['accomplissement', 'heures', 'supplémentaires'], ['contingent', 'annuel', 'heures', 'supplémentaires'], ['consultation', 'personnel'], ['suivi', 'révision', 'dénonciation', 'accord'], ['dépôt', 'publicité', 'accord']]"
T07123003932,"[['execution', 'heures'], ['objet'], ['champ', 'application'], ['disposition', 'finale'], ['durée']]"
T09319003618,"[['accord', 'entreprise', 'relatif', 'amenagement', 'temp', 'travail'], ['membre', 'titulaire', 'délégation', 'personnel', 'cse'], ['ci-après', 'désigné', 'représentants', 'personnel'], ['travail', 'nuit'], ['definition', 'travail', 'nuit', 'travailleur', 'nuit'], ['travail', 'nuit'], ['travailleur', 'nuit'], ['champ', 'application'], ['mise', 'place', 'travail', 'nuit'], ['contreparties', 'travail', 'nuit'], ['contrepartie', 'financière'], ['contrepartie', 'sou', 'forme', 'repos'], ['temp', 'pause'], ['surveillance', 'medicale', 'renforcee'], ['articulation', 'activite', 'professionnelle', 'nocturne', 'vie', 'personnelle'], ['securite'], ['contingent', 'annuel', 'heures', 'supplementaires'], ['champ', 'application'], ['determination', 'contingent', 'heures', 'supplementaires'], ['remuneration', 'heures', 'supplementaires', 'effectuees', 'interieur', 'contingent', 'annuel'], ['depassement', 'contingent', 'annuel', 'heures', 'supplementaires'], ['section', 'disposition', 'diverses'], ['duree', 'accord'], ['denonciation'], ['publicite', 'depot']]"
T06919005053,"[['accord', 'etablissement', 'relatif', 'organisation', 'travail', 'poste', 'continu', 'service', 'aocc', 'sein', 'etablissement', 'regional', 'midi-pyrenees', 'ues', 'akka', 'france'], ['principe', 'travail', 'posté', 'continu'], ['fonctionnement', 'travail', 'posté', 'continu'], ['organisation', 'vacation', 'temp', 'pause'], ['amplitude', 'horaire', 'chaque', 'vacation'], ['cycle', 'travail'], ['durée', 'travail'], ['incidence', 'travail', 'posté', 'continu', 'rémunération', 'salariés'], ['majorations'], ['travail', 'jours', 'fériés'], ['travail', 'habituel', 'nuit'], ['astreintes'], ['définitions'], ['respect', 'disposition', 'matière', 'durée', 'travail'], ['fonctions', 'assurées', 'cours', 'périodes', 'astreinte', 'temp', 'intervention'], ['moyens', 'accordés', 'périodes', 'astreinte'], ['caractère', 'transitoire', 'régime', 'astreintes'], ['incidence', 'organisation', 'mise', 'place', 'salariés', 'occupés', 'nuit'], ['définitions'], ['travail', 'nuit'], ['contreparties', 'sujétion', 'travail', 'nuit'], ['repos', 'compensateur', 'sujétion', 'travail', 'nuit'], ['surveillance', 'médicale', 'adaptée'], ['articulation', 'vie', 'professionnelle', 'nocturne', 'vie', 'personnelle'], ['maternité'], ['pénibilité'], ['equipes', 'successives'], ['gestion', 'absence'], ['réalisation', 'heures', 'excédentaires'], ['repas'], ['congés', 'payés'], ['formation', 'professionnelle'], ['modalités', 'mise', 'place', 'modèle', 'travail', 'posté', 'continu'], ['passage', 'travail', 'posté', 'continu', 'travail', 'jour'], ['suivi', 'travail', 'posté', 'continu', 'instance', 'représentatives', 'personnel'], ['durée', 'adhésion', 'interprétation', 'révision', 'accord']]"
T07623060689,"[['avenant', 'accord', 'organisation', 'amenagement'], ['temp', 'travail', 'janvier', '2001'], ['conséquences', 'absence', 'entrées', 'départs', 'cours', 'année'], ['entrée', 'sortie', 'cours', 'année'], ['droit', 'deconnexion'], ['notification', 'depôt'], ['champ', 'application'], ['objet', 'accord'], ['definition', 'temp', 'travail', 'effectif'], ['temp', 'pause'], ['temp', 'habillage', 'déshabillage'], ['repos'], ['durees', 'maximales', 'travail'], ['repos', 'quotidien'], ['repos', 'hebdomadaire'], ['contrôle', 'temp', 'travail'], ['principe'], ['heures', 'supplementaires'], ['décompte', 'heures', 'supplémentaires'], ['rémunération', 'heures', 'supplémentaires'], ['contingent', 'annuel'], ['conge', 'paye'], ['principe'], ['prise', 'congés', 'report'], ['principe', 'salariés', 'concernés', 'justification'], ['justification'], ['temp', 'pause'], ['organisation'], ['planification'], ['lissage', 'rémunérations'], ['absence'], ['contrats', 'duree', 'determinee'], ['travail', 'temp', 'partiel'], ['heures', 'complémentaires'], ['travail', 'dimanche', 'jours', 'feries'], ['forfait', 'annuel', 'jours'], ['bénéficiaires'], ['durée', 'forfait', 'jours'], ['année', 'compte', '365', 'jours'], ['repos', 'quotidien'], ['dispositif', 'veille'], ['droit', 'deconnexion'], ['limiter', 'strict', 'nécessaire', 'insertion', 'pièces', 'jointes'], ['duree', 'accord'], ['suivi', 'accord'], ['denonciation']]"
T06223009167,"[['accord', 'entreprise', 'heures', 'supplementaires'], ['article', 'ordonnance', 'n°2017-1386', 'septembre', '2017', 'porté', 'modification', 'article', '3121-33', 'code', 'travail'], ['champ', 'application', 'beneficiaires'], ['contingent', 'annuel', 'heures', 'supplementaires'], ['repos', 'compensateur', 'remplacement'], ['majoration', 'heures', 'supplementaires'], ['entree', 'vigueur', 'duree', 'present', 'accord'], ['denonciation', 'revision', 'accord'], ['depot', 'legal', 'publication']]"
T06623003006,"[['accord', 'durée', 'travail'], ['disposition', 'generales'], ['objet'], ['salariés', 'concernés', 'annualisation', 'temp', 'travail'], ['principe', 'annualisation'], ['suivi', 'individuel', 'activité', 'planning', 'indicatif', 'condition', 'délai', 'prévenance', 'changements', 'durée', 'horaires', 'travail'], ['lissage', 'rémunération', 'incidence', 'absence', 'arrivées', 'départs', 'cours', 'période', 'référence'], ['lissage', 'rémunération'], ['absence', 'cours', 'période'], ['arrivées', 'départs', 'cours', 'période', 'référence'], ['durée', 'travail', 'variation', 'activité', 'salariés', 'temp', 'plein', 'année'], ['durée', 'travail', 'année'], ['amplitude', 'aménagement', 'temp', 'travail', 'année'], ['heures', 'supplémentaires', 'au-delà', 'durée', 'annuelle', 'prévue', 'accord'], ['modalités', 'prise', 'congés', 'payés', 'salariés', 'dont', 'durée', 'travail', 'annualisée'], ['principe', 'bonification', 'repos', 'compensateurs', 'remplacement', 'heures', 'supplémentaires', 'réalisées', 'au-delà', 'heures', 'hebdomadaires'], ['ouverture', 'droit'], ['prise', 'repos', 'compensateur', 'remplacement'], ['procédure'], ['liquidation', 'compteur', 'repos', 'compensateur', 'remplacement'], ['contrôle', 'suivi'], ['service', 'commercial', 'mise', 'place', 'forfait', 'jours'], ['définition', 'salariés', 'visés', 'forfait', 'jours'], ['condition', 'mise', 'place'], ['nombre', 'jours', 'travaillés', 'période', 'référence', 'forfait'], ['décompte', 'temp', 'travail'], ['nombre', 'jours', 'repos'], ['prise', 'compte', 'absence'], ['prise', 'compte', 'entrées', 'cours', 'année'], ['prise', 'compte', 'sortie', 'cours', 'année'], ['renonciation', 'jours', 'repos'], ['prise', 'jours', 'repos'], ['forfait', 'jours', 'réduit'], ['rémunération'], ['suivi', 'charge', 'travail'], ['suivi', 'mensuel'], ['entretien', 'annuel'], ['respect', 'droit', 'déconnexion'], ['disposition', 'generales'], ['objet'], ['service', 'logistique-parc-accueil', 'comptoir', 'annualisation', 'temp', 'travail'], ['salariés', 'concernés', 'annualisation', 'temp', 'travail'], ['principe', 'annualisation'], ['suivi', 'individuel', 'activité', 'planning', 'indicatif', 'condition', 'délai', 'prévenance', 'changements', 'durée', 'horaires', 'travail'], ['lissage', 'rémunération', 'incidence', 'absence', 'arrivées', 'départs', 'cours', 'période', 'référence'], ['lissage', 'rémunération'], ['absence', 'cours', 'période'], ['arrivées', 'départs', 'cours', 'période', 'référence'], ['durée', 'travail', 'variation', 'activité', 'salariés', 'temp', 'plein', 'année'], ['durée', 'travail', 'année'], ['amplitude', 'aménagement', 'temp', 'travail', 'année'], ['heures', 'supplémentaires', 'au-delà', 'durée', 'annuelle', 'prévue', 'accord'], ['régularisation', 'compteurs'], ['modalités', 'prise', 'congés', 'payés', 'salariés', 'dont', 'durée', 'travail', 'annualisée'], ['principe', 'bonification', 'repos', 'compensateurs', 'remplacement', 'heures', 'supplémentaires', 'réalisées', 'au-delà', 'heures', 'hebdomadaires'], ['compteur', 'heures'], ['ouverture', 'droit'], ['ouverture', 'droit', 'repos', 'déclenchée', 'lorsque', 'compteur', 'repos', 'compensateur', 'atteint', 'heures'], ['prise', 'repos', 'compensateur', 'remplacement'], ['procédure'], ['liquidation', 'compteur', 'repos', 'compensateur', 'remplacement'], ['paiement', 'fin', 'période'], ['contrôle', 'suivi'], ['service', 'commercial', 'mise', 'place', 'forfait', 'jours'], ['définition', 'salariés', 'visés', 'forfait', 'jours'], ['condition', 'mise', 'place'], ['nombre', 'jours', 'travaillés', 'période', 'référence', 'forfait'], ['décompte', 'temp', 'travail'], ['nombre', 'jours', 'repos'], ['prise', 'compte', 'absence'], ['prise', 'compte', 'entrées', 'cours', 'année'], ['prise', 'compte', 'sortie', 'cours', 'année'], ['renonciation', 'jours', 'repos'], ['prise', 'jours', 'repos'], ['forfait', 'jours', 'réduit'], ['rémunération'], ['suivi', 'charge', 'travail'], ['suivi', 'mensuel'], ['indication', 'bénéfice', 'non', 'repos', 'quotidien', 'hebdomadaire'], ['entretien', 'annuel'], ['respect', 'droit', 'déconnexion']]"
T06318000402,"[['accord', 'entreprise', 'durée', 'indéterminée'], ['relatif', 'durée', 'aménagement', 'temp', 'travail'], ['établissement', 'ambert'], ['organisation', 'temp', 'travail'], ['disposition', 'commune', 'hors', 'forfaits', 'jours'], ['salariés', 'autonomie', 'restreinte'], ['modulation', 'annuelle', 'temp', 'travail'], ['journée', 'solidarité', '1607', 'heures', 'travail', 'effectif'], ['temp', 'habillage', 'déshabillage', '/vêtements', 'travail'], ['rémunération'], ['amplitude', 'modulation'], ['heures', 'supplémentaires'], ['payées'], ['travail', 'nuit'], ['compensation', 'travail', 'nuit'], ['condition', 'travail', 'contrôle', 'médical'], ['obligation', 'familiales', 'sociales'], ['femmes', 'enceintes'], ['égalité', 'professionnelle'], ['formation', 'professionnelle'], ['personnel', 'administratif', 'autres', 'service'], ['salariés', 'temp', 'partiel'], ['cadre', 'dirigeants'], ['temp', 'travail', 'cadre', 'salariés', 'autonomes'], ['nombre', 'jours', 'travaillés'], ['dépassement', 'forfait', 'jours'], ['modalités', 'application', 'convention', 'forfait'], ['décompte', 'journées', 'demi-journées', 'travail', 'repos', 'année'], ['interdiction', 'travail', 'dimanche', 'sauf', 'intervention', 'salon', 'déplacements', 'professionnels'], ['entretien', 'individuel'], ['procédure', 'alerte'], ['information', 'consultation', 'irp'], ['traitement', 'absence'], ['disposition', 'particulières'], ['durée', 'révision', 'dénonciation'], ['durée'], ['révision'], ['dénonciation'], ['formalités'], ['date', 'effet', 'dépôt', 'publicité']]"
T04421010302,"[['accord', 'collectif', 'relatif', 'statut', 'collectif', 'salary', 'agtherm', 'atlantique'], ['cadre', 'juridique'], ['thématiques', 'négociées'], ['durée', 'maximale', 'hebdomadaire', 'travail'], ['paiement', 'temp', 'astreinte'], ['décomptes', 'mensuels', 'astreintes', 'service', 'établis', 'responsables', 'hiérarchiques'], ['récupération', 'paiement', 'heures', 'supplémentaires'], ['paiement', 'heures', 'supplémentaires', 'largement', 'privilégié'], ['contingent', 'annuel', 'heures', 'supplémentaires'], ['montant', 'indemnités', 'grand', 'déplacements'], ['indemnité', 'grand', 'déplacement', 'fixée', 'comme', 'suit'], ['montant', 'indemnités', 'petits', 'déplacements'], ['indemnisation', 'zone', 'suivantes', 'déterminée', 'façon', 'suivante'], ['durée'], ['interprétation'], ['direction'], ['suivi'], ['direction'], ['rendez-vous'], ['dépôt', 'publicité']]"
T06720004630,"[['accord', 'entreprise', 'résulte', 'négociation', 'entre', 'délégué', 'syndical', 'employeur', 'auquel', 'tous', 'élus', 'dup', 'conviés'], ['mobilité', 'géographique'], ['disposition', 'generales'], ['article', 'l.2231-12', 'code', 'travail', 'relative', 'condition', 'validité', 'accord', 'portant', 'durée', 'travail', 'repos', 'congés'], ['ordonnances', 'macron', 'septembre', '2017'], ['disposition', 'specifiques'], ['modulation', 'temp', 'travail'], ['période', 'référence'], ['calendrier'], ['lissage', 'rémunération'], ['conséquence', 'ca', 'dépassement', 'durée', 'annuelle'], ['employeur', 'arrêtera', 'chaque', 'compte', 'individuel', 'heures', 'travail', 'issue', 'chaque', 'période', 'annuelle'], ['temp', 'formation'], ['amplitude', 'horaire'], ['salariés', 'temp', 'partiels'], ['planification', 'temp', 'travail', 'journées', 'complètes', 'demi-journées'], ['forfait', 'jour', 'cadre'], ['quotidiennes', 'maximum', 'pouvant', 'justificatif', 'être', 'étendue', '13h'], ['conséquence', 'ca', 'dépassement', 'durée', 'annuelle'], ['gestion', 'astreintes', 'forfait', 'jour'], ['modalité', 'exercice', 'droit', 'déconnexion'], ['teletravail'], ['article', 'l.1222-9', 'code', 'travail', 'désigne', 'télétravail', 'comme', 'toute', 'forme', 'organisation', 'travail', 'laquelle', 'travail', 'également', 'être', 'exécuté', 'locaux', 'employeur', 'effectué', 'salarié', 'hors', 'locaux', 'façon', 'régulière', 'volontaire', 'utilisant', 'technology', 'information', 'communication'], ['temp', 'travail'], ['conge', 'trimestriels'], ['public', 'accueilli'], ['conge', 'annuels'], ['ancienneté', 'sein', 'établissement'], ['compte', 'epargne', 'temp'], ['plafond', 'cet'], ['conséquence', 'rupture', 'contrat', 'travail'], ['delai', 'prevenance', 'modification', 'planning'], ['mobilite', 'geographique'], ['denonciation', 'revision'], ['party', 'conviennent'], ['depot', 'publicite', 'accord']]"
T01322015584,"[['accord', 'entreprise', 'duree', 'determinee', 'portant'], ['remuneration', 'heures', 'supplementaires', 'lors', 'gardes', 'faites', 'plus'], ['application', 'majoration'], ['contingent', 'heures', 'supplementaires'], ['duree', 'denonciation', 'revision'], ['suivi'], ['depot', 'publicite']]"
T06019001428,"[['champ', 'application'], ['durée', 'travail', 'rappel'], ['temp', 'travail', 'effectif'], ['durée', 'quotidienne', 'travail'], ['temp', 'pause'], ['temp', 'déplacement', 'professionnel'], ['période', 'référence'], ['aménagement', 'durée', 'travail', 'sou', 'forme', 'annualisation', 'temp', 'travail'], ['durée', 'hebdomadaire', 'travail'], ['principe', 'annualisation'], ['compteur', 'individuel'], ['durée', 'travail'], ['durée', 'travail', 'salariés', 'temp', 'plein'], ['heures', 'supplémentaires', 'contingent', 'annuel'], ['heures', 'complémentaires'], ['régularisation', 'compteurs'], ['salarié', 'présent', 'totalité', 'période', 'référence'], ['solde', 'compteur', 'positif'], ['solde', 'compteur', 'négatif'], ['salarié', 'accompli', 'totalité', 'période', 'mois'], ['solde', 'compteur', 'positif'], ['solde', 'compteur', 'négatif'], ['notification', 'répartition', 'travail'], ['notification', 'horaires', 'travail'], ['modification', 'horaires', 'travail'], ['lissage', 'rémunération'], ['disposition', 'finale'], ['modification'], ['dénonciation'], ['approbation', 'personnel']]"
T07620003539,"[['accord', 'entreprise', 'relatif', 'contingent', 'heures', 'supplémentaires'], ['organisation', 'petits', 'déplacements'], ['heures', 'supplémentaires'], ['contingent', 'heures', 'supplémentaires'], ['majorations', 'applicables', 'heures', 'supplémentaires'], ['petits', 'déplacements'], ['zone', 'concentriques'], ['indemnité', 'trajet'], ['indemnité', 'repas'], ['durée', 'accord', 'date', 'effet'], ['formalités']]"
T03720002017,"[['négociation', 'annuelle', 'obligatoire', '2020'], ['procès-verbal', 'désaccord'], ['contexte', 'économique', 'national', 'international'], ['contexte', 'économique', 'groupe', 'mecachrome'], ['proposition', 'organisation', 'syndicales'], [], ['intersyndicale', 'composé', 'cftc', 'cfdt', 'cfe-cgc', 'cgt'], ['publicité']]"
T00319000629,"[['accord', 'entreprise', 'relatif', 'aménagement', 'temp', 'travail'], ['sein', 'association', 'cap'], ['disposition', 'generales'], ['objet'], ['cadre', 'juridique'], ['iii', 'champ', 'application'], ['duree', 'travail'], ['disposition', 'générales', 'temp', 'travail'], ['durée', 'maximale', 'quotidienne', 'travail'], ['durée', 'hebdomadaire', 'travail'], ['repos', 'quotidien'], ['pause'], ['modalités', 'organisation', 'temp', 'travail'], ['formes', 'possible', 'aménagement', 'durée', 'travail', 'personnel', 'non', 'cadre'], ['organisation', 'hebdomadaire', 'temp', 'travail'], ['modalités', 'organisation', 'temp', 'travail'], ['modalités', 'décompte', 'heures', 'supplémentaires'], ['organisation', 'pluri-hebdomadaire', 'temp', 'travail'], ['modalités', 'organisation', 'temp', 'travail'], ['organisation', 'temp', 'travail', 'année'], ['modalités', 'organisation', 'temp', 'travail'], ['condition', 'prise', 'compte', 'principaux', 'type', 'absence', 'calcul', 'temp', 'travail'], ['planification', 'indicative', 'annuelle'], ['considérées', 'comme', 'heures', 'supplémentaires'], ['cours'], ['formes', 'possible', 'aménagement', 'durée', 'travail', 'personnel', 'cadre'], ['cadre', 'autonomes', 'forfait', 'annuel', 'jours'], ['ensemble', 'cadre', 'hors', 'classe', 'cadre', 'classe', 'directeurs', 'classe'], ['modalités', 'organisation', 'temp', 'travail'], ['fixation', 'nombre', 'jours', 'travaillés'], ['modalités', 'suivi', 'nombre', 'jours', 'travailles'], ['cadre', 'intermédiaires', 'forfait', 'annuel', 'heures'], ['modalités', 'organisation', 'temp', 'travail'], ['condition', 'prise', 'compte', 'principaux', 'type', 'absence', 'calcul', 'temp', 'travail', 'modalités', 'décompte', 'heures', 'supplémentaires'], ['cadre', 'intégrés', 'horaire', 'travail', 'préalablement', 'défini'], ['modalités', 'organisation', 'temp', 'travail'], ['iii', 'disposition', 'commune'], ['heures', 'complémentaires', 'salariés', 'temp', 'partiel'], ['période', 'référence'], ['acquisition', 'jours', 'repos'], ['modalités', 'prise', 'jours', 'repos'], ['incidence', 'absence'], ['incidence', 'arrivées', 'départs', 'cours', 'période'], ['modification', 'horaire', 'travail'], ['changement', 'durée', 'travail'], ['disposition', 'complémentaires', 'temp', 'partiels'], ['modalités', 'communication', 'horaires', 'travail'], ['modification', 'répartition', 'heures', 'travail']]"
T09223042378,"[['accord', 'collectif', 'entreprise'], ['relatif', 'amenagement', 'temp', 'travail'], ['disposition', 'legales', 'conventionnelles'], ['jours', 'repos', 'dit', 'jnt'], ['forfait', 'annuel', '218', 'jours'], ['droit', 'sensibilisation', 'deconnexion'], ['prise', 'congés'], ['jours', 'fractionnement'], ['don', 'congés'], ['condition', 'application', 'suivi', 'present', 'accord'], ['objet'], ['cadre', 'juridique'], ['champ', 'application'], ['disposition', 'legales', 'conventionnelles'], ['définition', 'temp', 'travail', 'effectif'], ['jours', 'repos', 'dit', 'jnt'], ['projection', 'nombre', 'jnt', 'prochaines', 'années'], ['forfait', 'annuel', '218', 'jours'], ['conclusion', 'convention', 'individuelle', 'forfait', 'annuel', 'jours'], ['durée', 'annuelle', 'travail', 'période', 'référence'], ['rémunération'], ['prise', 'compte', 'absence', 'entrées', 'sortie', 'cours', 'année'], ['jnt', 'entrée', 'sortie', 'cours', 'année'], ['nombre', 'jours', 'restant', 'travailler'], ['absence', 'jnt'], ['mode', 'calcul', 'absence', 'paie'], ['ca', 'specifique', 'forfaits', 'jours', 'reduits'], ['bénéficiaires'], ['passage', 'forfait', 'jours', 'réduit'], ['exercice', 'forfait', 'jours', 'réduit'], ['retour', 'temp', 'plein'], ['obtenir', 'accord', 'dernier'], ['suivi', 'controle', 'organisation', 'travail'], ['articulation', 'entre', 'activité', 'professionnelle', 'vie', 'personnelle'], ['droit', 'sensibilisation', 'deconnexion'], ['prise', 'congés'], ['congés', 'payés'], ['autorisations', 'absence', 'exceptionnelles'], ['congés', 'ancienneté'], ['jours', 'fractionnement'], ['acquisition', 'jours', 'fractionnement', 'lieu', 'mois', 'novembre', 'année', 'concernée'], ['don', 'congés'], ['condition', 'application', 'suivi', 'present', 'accord'], ['indépendance', 'clause'], ['entrée', 'vigueur']]"
T01719001191,"[['accord', 'entreprise', 'relatif', 'duree', 'travail'], ['organisation', 'petits', 'deplacements'], ['heures', 'supplementaires'], ['contingent', 'heures', 'supplémentaires'], ['majorations', 'applicables', 'heures', 'supplémentaires'], ['petits', 'deplacements'], ['zone', 'concentriques'], ['indemnité', 'trajet'], ['création', 'zone', 'complémentaires'], ['indemnité', 'repas'], ['duree', 'accord'], ['suivi', 'accord'], ['formalites'], ['revision', 'denonciation', 'accord']]"
T08519002648,"[['avenant', 'accord', 'entreprise', 'relatif', 'aménagement', 'durée', 'travail', 'entreprise', 'ouest', 'boulangere', 'portant', 'heures', 'supplémentaires', 'salariés'], ['accord', 'réduction', 'temp', 'travail', 'conclu', 'mai', '1999', 'entre', 'société', 'ouest', 'boulangere', 'c.g.t', 'socle', 'important', 'organisation', 'travail', 'site'], ['seuil', 'hebdomadaire', 'déclenchement', 'heures', 'supplémentaires'], ['fonctionnement'], ['heures', 'supplémentaires', 'base', 'hebdomadaire'], ['condition'], ['exemple', 'calcul', 'heures', '2éme', 'période'], ['exemple', 'calcul', 'heures', '3éme', 'période'], ['exemple', 'calcul', 'heures', '4éme', 'période'], ['rémunération'], ['modalités', 'révision'], ['formalités']]"
T06222007508,"[['negociation', 'annuelle', 'obligatoire', '2022'], ['proces', 'verbal', 'accord'], ['paragraphe', 'augmentation', 'grille', 'convention', 'collective', 'nationale', 'transport', 'routiers'], ['paragraphe', 'contingent', 'annuel', 'heures', 'supplémentaires'], ['date', 'durée', 'application', 'présent', 'accord'], ['révision', 'dénonciation'], ['notification'], ['dépôt', 'publicité', 'accord']]"
T07420003512,"[['accord', 'entreprise'], ['relatif', 'duree', 'travail', 'contingent', 'heures', 'supplementaires'], ['durée', 'travail', 'quotidienne', 'hebdomadaire'], ['notion', 'temp', 'travail', 'effectif'], ['organisation', 'quotidienne', 'hebdomadaire', 'temp', 'travail'], ['heures', 'supplémentaires'], ['salariés', 'temp', 'partiel'], ['jours', 'fériés'], ['congés', 'payés'], ['durée'], ['textes', 'définitifs'], ['consultation', 'personnel'], ['employeur', 'définit', 'modalités', 'organisation', 'consultation', 'incluent'], ['organisation', 'déroulement', 'consultation'], ['dépôt', 'publicité', 'entrée', 'vigueur']]"
T08323060110,"[['accord', 'entreprise', 'relatif', 'contingent', 'heures', 'supplémentaires'], ['objet', 'accord'], ['contingent', 'annuel', 'heures', 'supplémentaires'], ['heures', 'supplémentaires', 'effectuées', 'limite', 'contingent', 'annuel'], ['disposition', 'générales'], ['contrepartie', 'heures', 'supplémentaires'], ['heures', 'supplémentaires', 'excédant', 'contingent', 'annuel'], ['condition', 'accomplissement', 'heures', 'supplémentaires', 'au-delà', 'contingent'], ['durée', 'caractéristiques', 'condition', 'prise', 'contrepartie', 'obligatoire', 'sou', 'forme', 'repos'], ['accord', 'entreprise', 'association', 'pervenche'], ['date', 'entrée', 'vigueur', 'durée', 'application', 'présent', 'accord'], ['révision', 'dénonciation', 'présent', 'accord'], ['suivi', 'présent', 'accord'], ['accord', 'entreprise', 'association', 'pervenche'], ['publicité', 'dépôt', 'présent', 'accord']]"
T07519016874,"[['accord', 'entreprise', 'relatif', 'aménagement', 'temp', 'travail'], ['disposition', 'commune'], ['objet'], ['principe', 'annualisation'], ['compteurs', 'individuels', 'suivi'], ['lissage', 'rémunération', 'absence'], ['lissage', 'rémunération'], ['absence', 'cours', 'période'], ['modification', 'durée', 'travail', 'cours', 'période', 'annualisation'], ['disposition', 'spécifiques', 'salariés', 'temp', 'plein'], ['durée', 'travail', 'variation', 'activité', 'salariés', 'temp', 'plein', 'année'], ['durée', 'travail', 'année'], ['amplitude', 'aménagement', 'temp', 'travail', 'année'], ['heures', 'supplémentaires', 'contingent', 'annuel'], ['notification', 'répartition', 'travail'], ['notification', 'horaires', 'travail'], ['modification', 'horaires', 'travail'], ['contrepartie', 'réduction', 'délai', 'modification', 'horaires'], ['régularisation', 'compteurs', 'salarié', 'présent', 'totalité', 'période', 'mois'], ['solde', 'compteur', 'positif', 'dépassement', 'durée', 'annuelle'], ['solde', 'compte', 'négatif'], ['régularisation', 'compteurs', 'salarié', 'accompli', 'totalité', 'période', 'mois'], ['solde', 'compteur', 'positif'], ['solde', 'compte', 'négatif'], ['disposition', 'spécifiques', 'salariés', 'temp', 'partiel'], ['durée', 'travail', 'variation', 'activité', 'salariés', 'temp', 'partiel', 'année'], ['durée', 'travail', 'année'], ['amplitude', 'aménagement', 'temp', 'travail', 'année'], ['heures', 'complémentaires'], ['horaires', 'travail', 'planning'], ['notification', 'horaires', 'travail'], ['modification', 'horaires', 'travail'], ['contrepartie', 'réduction', 'délai', 'modification', 'horaires'], ['contreparties', 'salariés', 'temp', 'partiel'], ['régularisation', 'compteurs', 'salarié', 'présent', 'totalité', 'période', 'mois'], ['solde', 'compteur', 'positif', 'dépassement', 'durée', 'annuelle'], ['solde', 'compteur', 'négatif'], ['régularisation', 'compteurs', 'salarié', 'accompli', 'totalité', 'période', 'mois'], ['solde', 'compteur', 'positif'], ['solde', 'compte', 'négatif'], ['disposition', 'commune', 'salariés', 'temp', 'plein', 'temp', 'partiel'], ['repos', 'hebdomadaire'], ['travail', 'dimanche', 'jour', 'férié'], ['condition', 'validité', 'accord'], ['entrée', 'vigueur', 'accord'], ['durée', 'révision', 'dénonciation', 'accord']]"
T05723060361,"[['avenant', 'temporaire', 'accord', 'entreprise', 'amenagement', 'temp', 'travail', 'sein', 'groupe', 'so', 'sante', 'date', 'juin', '2023'], ['objet'], [], ['accord', 'aménagement', 'temp', 'travail', 'date', 'juin', '2023', 'prévoit', 'article'], ['rémunération', 'heures', 'supplémentaires'], ['prime', 'poste', 'supplémentaire'], ['entrée', 'vigueur', 'durée', 'avenant'], ['suivi', 'revoyure']]"
T07321003363,"[['accord', 'entreprise', 'spie', 'batignolles', 'blondet', 'relatif', 'amenagement', 'temp', 'travail'], ['durée', 'annuelle', 'temp', 'travail', 'ouvriers'], ['organisation', 'annuelle', 'temp', 'travail'], ['définition', 'travail', 'effectif'], ['maintien', 'lissage', 'rémunération'], ['heures', 'supplémentaires'], ['absence'], ['arrivée', 'départ', 'cours', 'période', 'référence'], ['calendrier', 'prévisionnel'], ['disposition', 'relative', 'ensemble', 'cadre', 'etam', 'production', 'chef', 'chantier', 'géomètre', 'personnel', 'atelier', 'partir', 'niveau', 'ccn', 'etams'], ['forfait', 'annuel', 'jours'], ['modalités', 'prise', 'jours', 'repos'], ['modalité', 'décompte', 'jours', 'repos', 'supplémentaires'], ['incidence', 'entrées', 'sortie', 'cours', 'année', 'nombre', 'jours', 'repos'], ['forfait', 'jour', 'réduit'], ['lissage', 'rémunération'], ['disposition', 'etam', 'administratifs'], ['convention', 'forfait', 'heures', 'hebdomadaires'], ['suivi', 'accord', 'bilan'], ['suivi'], ['bilan']]"
T06318000190,"[['accord', 'collectif', 'relatif', 'mise', 'place', 'organisation', 'temp', 'travail'], ['accord', 'collectif', 'relatif', 'organisation', 'temp', 'travail'], ['centre', 'financier', 'clermont-ferrand', 'service', 'développement', 'sdev'], ['durée', 'travail'], ['répartition', 'temp', 'travail', 'semaine', 'période', 'référence'], ['cadre', 'manager', 'proximité'], ['modification', 'horaire'], ['heures', 'supplémentaires'], ['régime', 'travail', 'heures', 'hebdomadaires'], ['régime', 'travail', 'pluri-hebdomadaire'], ['paiement', 'compensation'], ['pause'], ['coupure', 'méridienne'], ['modalités', 'attribution', 'horaires', 'retenus', 'service', 'développement'], ['echanges', 'définitifs', 'régime', 'travail', 'entre', 'collaborateurs', 'permutation'], ['situation', 'exceptionnelles'], ['situation', 'agent', 'signé', 'demande', 'retraite', 'entrée', 'dispositif', 'pré-retraite', 'date', 'mise', 'œuvre', 'accord'], ['mobilité', 'sein', 'centre', 'financier'], ['création', 'comité', 'organisation', 'temp', 'travail'], ['adaptation', 'vie', 'privée', 'vie', 'professionnelle'], ['rémunération'], ['embauche', 'rupture', 'contrat', 'travail', 'cours', 'période', 'référence'], ['agent', 'temp', 'partiel'], ['entrée', 'vigueur', 'durée', 'accord', 'révision', 'dénonciation']]"
T07020000537,"[['accord', 'collectif', 'entreprise'], ['duree', 'travail', 'petits', 'deplacements'], ['contingent', 'annuel', 'heures', 'supplementaires', 'duree', 'travail', 'hebdomadaire', 'moyenne', 'maximale'], ['contingent', 'annuel', 'heures', 'supplémentaires'], ['durée', 'travail', 'hebdomadaire', 'moyenne', 'maximale'], ['petits', 'deplacements'], ['objet', 'bénéficiaires'], ['zone', 'concentriques'], ['régime', 'différentes', 'indemnités'], ['indemnités', 'trajet'], ['date', 'effet', 'duree'], ['suivi', 'application', 'accord'], ['rendez-vous'], ['depot']]"
T06023060220,"[['procès', 'verbal'], ['reunion', 'nao', '2023'], ['ues', 'societes', 'oise', 'protection', 'securite'], ['salaires', 'effectifs'], ['accord', 'prévoit', 'également', 'revalorisation', 'différentes', 'prime', 'conventionnelles'], ['durée', 'effective', 'organisation', 'temp', 'travail'], ['epargne', 'salariale', 'plan', 'épargne', 'retraite', 'participation', 'intéressement', 'bénéfice'], ['articulation', 'vie', 'personnelle', 'vie', 'professionnelle'], ['egalité', 'professionnelle', 'salariale', 'entre', 'hommes', 'femmes'], ['lutte', 'contre', 'discrimination', 'matière', 'recrutement', 'emploi', 'accès', 'formation', 'professionnelle'], ['novembre', '2023'], ['insertion', 'professionnelle', 'maintien', 'entreprise', 'travailleurs', 'handicapés'], ['prévoyance', 'maladie', 'paiement', 'salaires', 'société'], ['exercice', 'droit', 'expression', 'directe', 'collective', 'salariés'], ['droit', 'déconnexion', 'salariés'], ['mise', 'place', 'astreintes', 'planning', 'roulement']]"
T07520023616,"[['accord', 'relatif', 'temp', 'travail'], ['ues', 'ingenico'], ['définition', 'demi-journée', 'travaillée'], ['suivi', 'charge', 'travail'], ['signalement', 'ca', 'difficulté', 'liée', 'charge', 'travail'], ['forfait', 'annuel', 'jours', 'reduit', 'choisi'], ['forfait', 'annuel', 'jours', 'reduit', 'choisi'], ['repos', 'compensateur', 'remplacement'], ['modalites', 'gestion', 'deplacements', 'professionnels'], ['liste', 'indicative', 'postes', 'correspondant'], ['cadre', 'soumis', 'horaire', 'collectif'], ['principe', 'égalité', 'entre', 'salarié', 'temp', 'partiel/temps', 'réduit', 'salarié', 'temp', 'complet'], ['liste', 'periodes', 'absence', 'assimilee', 'non', 'temp', 'travail', 'effectif', 'calcul', 'conge', 'paye'], ['champ', 'application'], [], ['definition', 'legales'], ['temp', 'travail', 'effectif'], ['définition', 'temp', 'travail', 'effectif'], ['définition', 'temp', 'pause'], ['définition', 'temp', 'trajet', 'déplacements', 'professionnels'], ['revanche', 'inclus', 'temp', 'travail', 'effectif'], ['durées', 'maximales', 'travail'], ['durée', 'maximale', 'quotidienne'], ['durée', 'maximale', 'hebdomadaire'], ['amplitude', 'journée', 'travail'], ['durée', 'légale', 'travail', 'heures', 'supplémentaires'], ['convention', 'forfait'], ['temp', 'repos'], ['jours', 'repos'], [], ['salary', 'soumis', 'heures', 'minute', 'hebdomadaires'], ['temp', 'travail', 'salariés', 'soumis', 'horaire', 'collectif'], ['type', 'organisation', 'travail', 'salary', 'soumis', 'horaire', 'collectif'], ['premier', 'type', 'horaires', 'variable'], ['plage', 'fix', 'variable'], ['décompte', 'saisie', 'heures', 'travail'], ['heures', 'arrivée', 'heures', 'départ', 'retard'], ['deuxième', 'type', 'organisation', 'spécifique', 'travail', 'horaires', 'décalés'], ['définition', 'travail', 'relais'], ['définition', 'travail', 'roulement'], ['nombre', 'jours', 'rtt'], ['acquisition', 'jours', 'rtt'], ['prise', 'jours', 'rtt'], ['impact', 'absence', 'rémunération', 'salariés', 'soumis', 'horaire', 'collectif'], ['impact', 'absence', 'rémunération']]"
T06419001682,"[['accord', 'travail', 'dimanche'], ['accord', 'condition', 'garanties', 'sociales'], ['ca', 'travail', 'dimanche'], ['principe', 'volontariat', 'cadre', 'travail', 'dimanche'], ['evolution', 'situation', 'personnelle', 'salariés', 'travaillant', 'dimanche'], ['ca', 'recours', 'travail', 'dimanche'], ['ca', 'dérogation', 'collectif', 'repos', 'dominical'], ['ca', 'dérogation', 'lié', 'activité', 'société'], ['ca', 'dérogation', 'fondement', 'géographique'], ['contreparties', 'salariales', 'accordées', 'salariés', 'privés', 'repos', 'dominical'], ['dimanches', 'maire'], ['répondre', 'besoins', 'public', 'assurer', 'fonctionnement', 'normal', 'entreprise'], ['fondement', 'géographique'], ['conciliation', 'entre', 'vie', 'professionnelle', 'vie', 'personnelle', 'familiale'], ['contrepartie', 'compenser', 'charge', 'induites', 'garde', 'enfants'], ['engagement', 'pris', 'termes', 'emploi', 'faveur', 'certains', 'public', 'difficulté', 'personnes', 'handicapées'], ['prise', 'compte', 'évolution', 'situation', 'salariés'], ['durée', 'quotidienne', 'travail', 'dimanche'], ['formalisme', 'depot'], ['révision'], ['dépôt']]"
T07318000648,"[['accord', 'relatif', 'àux', 'dispositifs', 'aménagement', 'temp', 'travail', 'année'], ['amenagement', 'temp', 'travail', 'annee'], ['définition'], ['période', 'référence'], ['programmation', 'indicative', 'variation', 'horaire'], ['programmation', 'indicative', 'variation', 'horaire'], ['amplitude', 'variation', 'horaire'], ['délai', 'prévenance', 'modification', 'programmation', 'variation', 'horaire'], ['limites', 'décompte', 'heures', 'supplémentaires'], ['considérant', 'équilibre', 'global', 'annuel', 'dispositif', 'horaire', 'éventuelles', 'adaptation', 'hebdomadaires', 'constituent', 'heures', 'supplémentaires', 'heures', 'travail', 'accomplies', 'au-delà', 'limité', 'annuelle', '607', 'heures'], ['rémunération'], ['lissage', 'rémunération'], ['absence'], ['embauche', 'départ', 'cours', 'période', 'référence'], ['changement', 'périmètre'], ['salariés', 'titulaires', 'contrat', 'travail', 'travail', 'durée', 'déterminée', 'contrat', 'travail', 'temporaire'], ['salariés', 'temp', 'partiel'], ['période', 'référence', 'durée', 'minimale', 'travail'], ['variation', 'horaires'], ['modalités', 'fonctionnement', 'dispositif'], ['rémunération'], ['absence'], ['régularisation', 'fin', 'période', 'annuelle'], ['régularisation', 'ca', 'rupture', 'contrat', 'travail'], ['droits', 'reconnus', 'salariés', 'temp', 'partiel'], ['annualisation', 'temp', 'travail'], ['récupération', 'heures', 'supplémentaires'], ['récupération', 'heures', 'supplémentaires', 'option'], ['récupération', 'majorations', 'option'], ['date', 'entrée', 'vigueur', 'durée', 'application'], ['dénonciation'], ['publicité', 'dépôt']]"
T05723060429,"[['accord', 'temp', 'travail'], ['disposition', 'applicables', 'salary', 'dont', 'decompte', 'temp', 'travail', 'fait', 'heures'], ['aménagement', 'année', 'temp', 'travail', 'salariés', 'annualisation'], ['modalité', 'prises', 'jours', 'repos'], ['condition', 'prise', 'compte', 'absence', 'rémunération'], ['amplitude', 'durée', 'quotidienne', 'travail'], ['rémunération'], ['autres', 'droits'], ['astreinte'], ['temp', 'travail', 'disposition', 'applicables', 'ensemble', 'salary'], ['définition', 'temp', 'travail', 'effectif'], ['journée', 'solidarité'], ['acquisition', 'décomptes', 'congés', 'payés'], ['période', 'prise', 'conge', 'paye'], ['ordre', 'départs'], ['jours', 'fractionnement'], ['disposition', 'applicables', 'salary', 'dont', 'decompte', 'temp', 'travail', 'fait', 'heures'], ['aménagement', 'année', 'temp', 'travail', 'salariés', 'annualisation'], ['principe', 'fonctionnement', 'annualisation'], ['planification', 'durée', 'travail', 'contrôle', 'horaire', 'travail'], ['horaire', 'travail', 'pourra', 'être', 'contrôlé', 'plusieurs', 'façons'], ['lissage', 'rémunération'], ['heures', 'supplémentaires'], ['décompte', 'heures', 'supplémentaires'], ['contrepartie', 'heures', 'supplémentaires'], ['modalités', 'utilisation', 'heures', 'repos', 'compensateur', 'déclenchées', 'heures', 'supplémentaires'], ['contingent', 'heures', 'supplémentaires'], ['arrivée', 'sortie', 'cours', 'année'], ['traitement', 'absence'], ['principe', 'annualisation', 'applique', 'salary', 'temp', 'partiel'], ['heures', 'complémentaires'], ['jours', 'ouvrés'], ['modalité', 'utilisation', 'heures', 'repos', 'compensateur'], ['egalité', 'traitement'], ['contrat', 'travail'], ['priorité', 'passage', 'temp', 'plein'], ['temp', 'trajet'], ['temp', 'déplacement', 'professionnel'], ['notamment'], ['mise', 'place', 'convention', 'forfait', 'jours'], ['salary', 'concernes'], ['durée', 'temp', 'travail'], ['forfait', 'jours', 'réduit'], ['temp', 'repos', 'salariés', 'forfait', 'jours'], ['rémunération'], ['caractéristiques', 'convention', 'forfait', 'annuel', 'jours', 'conclue', 'salarié'], ['outils', 'décompte'], ['modalité', 'prises', 'jours', 'repos'], ['condition', 'prise', 'compte', 'absence', 'rémunération']]"
T04719000540,"[['accord'], ['aménagement', 'temp', 'travail'], ['cadre', 'juridique'], ['domaine', 'application', 'accord'], ['durée', 'travail'], ['période', 'référence'], ['amplitude', 'modulation'], ['programme', 'indicatif', 'répartition', 'durée', 'travail'], ['délai', 'modification', 'horaires'], ['heures', 'supplémentaires'], ['paiement', 'heures', 'supplémentaires'], ['chômage', 'partiel', 'condition', 'recours'], ['rémunérations'], ['absence'], ['embauche', 'rupture', 'contrat', 'travail', 'cours', 'période', 'référence'], ['durée', 'accord', 'révision', 'dénonciation']]"
T07221003802,"[['accord', 'collectif', 'relatif', 'repos', 'compensateurs', 'remplacement'], ['modalités', 'prise', 'rtt'], ['clause', 'rendez-vous'], ['dépôt', 'accord'], ['action', 'nullité']]"
T01321011626,"[['accord', 'amenagement', 'temp', 'travail'], ['naire', 'champ', 'application', 'accord'], ['partie', 'amenagement', 'temp', 'travail', 'annee'], ['champ', 'application', 'catégories', 'salariés', 'concernés'], ['horaire', 'moyen', 'période', 'référence'], ['organisation'], ['rémunération'], ['lissage', 'rémunération'], ['entrées', 'sortie', 'cours', 'période', 'référence'], ['absence'], ['heures', 'supplémentaires'], ['contingent', 'heures', 'supplémentaires'], ['suivi', 'temp', 'travail'], ['partie', 'forfait', 'jours'], ['champ', 'application', 'catégories', 'salariés', 'concernés'], ['détermination', 'durée', 'travail'], ['définition', 'jours', 'travaillés', 'année'], ['possibilité', 'renoncer', 'jours', 'repos'], ['organisation'], ['garanties'], ['temp', 'repos'], ['suivi', 'charge', 'travail', 'amplitude', 'journalière', 'travail', 'équilibre', 'vie', 'personnelle', 'vie', 'professionnelle'], ['modalités', 'communication', 'périodique'], ['droit', 'déconnexion'], ['partie', 'iii', 'travail', 'week-end', 'jours', 'feries'], ['champ', 'application', 'cadre', 'juridique'], ['repos', 'hebdomadaire', 'remplacement'], ['partie', 'travail', 'nuit', 'soiree'], ['justification', 'recours', 'travail', 'nuit'], ['définition', 'travail', 'nuit'], ['définition', 'travailleur', 'nuit'], ['compensation'], ['compensation', 'repos'], ['compensation', 'salariale'], ['travail', 'nuit', 'aménagement', 'temp', 'travail'], ['mesures', 'destinées', 'améliorer', 'condition', 'travail', 'articulation', 'vie', 'professionnelle', 'personnelle'], ['mesures', 'destinées', 'assurer', 'égalité', 'professionnelle', 'entre', 'femmes', 'hommes', 'notamment', 'accès', 'formation'], ['organisation', 'temp', 'pause'], ['période', 'référence'], ['prise', 'congés', 'payés'], ['période', 'prise', 'congés'], ['modalités', 'prise', 'détermination', 'ordre', 'départs'], ['report', 'congés'], ['partie', 'modalités', 'accord'], ['consultation', 'personnel']]"
T01123002183,"[['accord', 'collectif', 'entreprise', '2023-03'], ['portant', 'paiement', 'heures', 'supplémentaires', 'complémentaires'], ['100', 'période', 'estivale', '2023'], ['paiement', 'heures'], ['entrée', 'vigueur', 'durée', 'accord'], ['révision', 'dénonciation']]"
T03119004236,"[['accord', 'entreprise', 'relatif', 'durée', 'travail'], ['organisation', 'petits', 'déplacements'], ['heures', 'supplémentaires'], ['contingent', 'heures', 'supplémentaires'], ['majorations', 'applicables', 'heures', 'supplémentaires'], ['travail', 'exceptionnel', 'dimanche', 'jour', 'férié', 'nuit'], ['travail', 'dimanche', 'et/ou', 'jour', 'férié'], ['travail', 'nuit', 'exceptionnel', 'programmé'], ['non', 'cumul'], ['petits', 'déplacements'], ['zone', 'concentriques'], ['indemnité', 'trajet'], ['création', 'zone', 'complémentaires'], ['indemnité', 'repas'], ['grand', 'déplacement'], ['formalités']]"
T03119003226,"[['accord', 'amenagement', 'temp', 'travail', 'amelioration', 'qualite', 'vie', 'travail'], ['cadre', 'juridique'], ['duree', 'revision', 'denonciation', 'interpretation', 'suivi'], ['révision'], ['dénonciation'], ['champ', 'application'], ['modalités', 'organisation', 'temp', 'travail'], ['heures', 'supplémentaires'], ['contingent', 'annuel', 'heures', 'supplémentaires'], ['seuil', 'déclenchement', 'heures', 'supplémentaires'], ['principe', 'annualisation', 'salariés', 'concernés'], ['période', 'décompte', 'temp', 'travail'], ['durée', 'annuelle', 'travail'], ['planning'], ['prise', 'compte', 'absence', 'départs', 'arrivées', 'cours', 'année'], ['salary', 'temp', 'partiel'], ['définition'], ['organisation', 'horaires', 'temp', 'partiel'], ['heures', 'complémentaires'], ['prise', 'compte', 'absence', 'départs', 'arrivées', 'cours', 'année'], ['salarie', 'cadre', 'direction'], ['travail', 'jours', 'feries'], ['travail', 'nuit'], ['jours', 'enfants', 'malades'], ['suivi', 'publicite', 'depot', 'accord']]"
T00623060351,"[['accord', 'amenagement', 'temp', 'travail'], ['périodes', 'référence'], ['droit', 'salariés', 'temp', 'partiel'], ['modification', 'durée', 'travail', 'cours', 'période', 'annualisation'], ['variation', 'durée', 'travail'], ['notification', 'répartition', 'travail'], ['décompte', 'durée', 'travail'], ['paiement', 'rémunération'], ['embauches', 'rupture', 'contrat', 'cours', 'période', 'annuelle'], ['périodes', 'non', 'travaillées', 'rémunérées'], ['périodes', 'non', 'travaillées', 'non', 'rémunérées'], ['heures', 'complémentaires'], ['heures', 'supplémentaires'], ['réduction', 'délai', 'modification', 'horaires'], ['contreparties'], ['régularisation', 'compteurs', 'mois', 'effectués'], ['régularisation', 'compteurs', 'mois', 'non-effectués'], ['validité', 'accord'], ['entrée', 'vigueur', 'durée', 'accord'], ['révision'], ['dépôt', 'publicité', 'accord']]"
T02921005786,"[['accord', 'amenagement', 'temp', 'travail'], ['accord', 'objet'], ['objet', 'champ', 'application', 'amenagement', 'duree', 'travail'], ['duree', 'annuelle', 'effective', 'travail'], ['définition', 'temp', 'travail', 'effectif'], ['situation', 'salariés', 'temp', 'plein'], ['situation', 'salariés', 'temp', 'partiel'], ['organisation', 'duree', 'travail'], ['cadre', 'référence', 'horaires', 'travail'], ['durée', 'hebdomadaire', 'travail'], ['jours', 'réduction', 'temp', 'travail', 'jrtt'], ['acquisition', 'jours', 'repos'], ['prise', 'repos'], ['régime', 'repos'], ['incidence', 'absence'], ['arrivée', 'départ', 'cours', 'période'], ['durées', 'maximales', 'journalières', 'hebdomadaires', 'travail'], ['repos', 'pause'], ['réduction', 'exceptionnelle', 'repos', 'quotidien', 'minimal'], ['temp', 'pause'], ['organisation', 'planning'], ['condition', 'information', 'délai', 'prévenance', 'changements', 'durée', 'horaire', 'travail'], ['lissage', 'remuneration'], ['heures', 'supplementaires'], ['contrepartie', 'heures', 'supplémentaires'], ['ca', 'solde', 'débiteur'], ['contingent', 'annuel', 'heures', 'supplémentaires'], ['heures', 'complementaires'], ['ca', 'solde', 'compteur', 'créditeur'], ['ca', 'solde', 'débiteur'], ['incidence', 'absence'], ['periode', 'travail', 'inferieure', 'annee'], ['arrivée', 'cours', 'période', 'recrutement', 'retour', 'congé', 'parental', 'etc'], ['départ', 'cours', 'période'], ['droit', 'congés', 'payés', 'non', 'complet'], ['garanties', 'accordees', 'salary', 'temp', 'partiel'], ['forfait', 'annuel', 'jours'], ['champ', 'application'], ['cadre', 'juridique'], ['définitions'], ['définition', 'temp', 'travail', 'effectif'], ['durées', 'maximales', 'travail'], ['modalites', 'forfait', 'annuel', 'jours'], ['période', 'référence', 'calcul', 'durée', 'travail'], ['droit', 'jours', 'non', 'travaillés', 'jnt'], ['définition', 'jnt'], ['calcul', 'jnt'], ['calcul', 'jnt', 'salariés', 'cadre'], ['champ', 'application']]"
T04519001798,"[['accord', 'entreprise'], ['relatif', 'duree', 'travail'], ['champ', 'application'], ['organisation', 'temp', 'travail'], ['modalités', 'organisation', 'travail', 'entreprise'], ['temp', 'chargement', 'déchargement', 'préparation', 'chantier'], ['temp', 'déplacements', 'rendre', 'chantiers'], ['situation', 'chauffeur', 'poids', 'lourd', 'engin', 'tracteurs'], ['temp', 'pause'], ['journée', 'continue'], ['astreintes'], ['travail', 'nuit'], ['grand', 'déplacements'], ['journée', 'pont'], ['gestion', 'temp', 'travail'], ['modalités', 'organisation', 'temp', 'travail'], ['heures', 'supplémentaires'], ['modalités', 'enregistrement', 'temp', 'travail'], ['disposition', 'finale'], ['modalités', 'conclusion', 'présent', 'accord'], ['dépôt', 'publicité', 'accord']]"
T00322002374,"[['date', 'effet', 'durée'], ['clause', 'suivi', 'rendez-vous'], ['validité', 'dépôt', 'publicité', 'accord'], ['approbation', 'accord', 'salariés', 'lieu', 'sou', 'scrutin', 'secret', 'sou', 'enveloppe', 'porte', 'question', 'suivante'], ['durée', 'annuelle', 'travail'], ['horaires', 'travail', 'modification'], ['durée', 'maximales', 'travail', 'durées', 'minimales', 'repos'], ['lissage', 'rémunération'], ['heures', 'supplémentaires'], ['heures', 'complémentaires'], ['temp', 'travail', 'effectif'], ['durée', 'hebdomadaire', 'horaires', 'travail'], ['heures', 'travail', 'accomplies', 'au-delà', 'horaire', 'travail'], ['suivi', 'heures', 'travail'], ['jours', 'repos', 'rtt'], ['impact', 'absence', 'droit', 'rtt'], ['heures', 'supplémentaires'], ['décompte', 'absence', 'salarié'], ['entrée', 'sortie', 'cours', 'période', 'annuelle'], ['durée', 'hebdomadaire', 'horaires', 'travail'], ['variation', 'durée', 'hebdomadaire', 'travail'], ['utilisation', 'compteur', 'report', 'heures'], ['suivi', 'temp', 'travail', 'effectif'], ['décompte', 'absence'], ['heures', 'supplémentaires'], ['entrée', 'sortie', 'cours', 'période', 'annuelle'], ['horaires', 'travail'], ['variation', 'durée', 'hebdomadaire', 'travail'], ['utilisation', 'compteur', 'report', 'heures'], ['suivi', 'temp', 'travail', 'effectif'], ['décompte', 'absence'], ['heures', 'complémentaires'], ['entrée', 'sortie', 'cours', 'période', 'annuelle'], ['période', 'référence'], ['jours', 'supplémentaires', 'ca', 'fractionnement'], ['compte', 'epargne', 'temp', 'cet'], ['objet', 'compte', 'epargne', 'temp'], ['champ', 'application', 'cet'], ['ouverture', 'compte', 'individuel'], ['alimentation', 'cet'], ['formalités', 'administratives'], ['plafond', 'droits', 'épargnés', 'cet'], ['utilisation', 'cet'], ['situation', 'salarié', 'pendant', 'période', 'utilisation', 'cet'], ['sort', 'cet', 'ca', 'départ', 'sivom', 'région', 'minière']]"
T02622003820,"[['accord', 'entreprise', 'faure', 'valence'], ['aménagement', 'organisation', 'temp', 'travail'], ['partie', 'travail', 'temp', 'partiel'], ['portee', 'accord'], ['conducteurs'], ['durée', 'travail'], ['limites', 'hebdomadaires'], ['programmation', 'indicative', 'collective'], ['planning', 'individuel'], ['heures', 'supplémentaires'], ['modalités', 'rémunération'], ['lissage', 'rémunération'], ['suivi', 'heures', 'information', 'salariés'], ['absence'], ['entrée', 'sortie', 'effectifs'], ['définitions', 'temp', 'travail', 'effectif', 'autres', 'temp', 'remunérés'], ['iii', 'fiche', 'travail'], ['iii', 'journées', 'partiellement', 'travaillées', 'absence', 'congés', 'maladie', 'jours', 'repos'], ['journée', 'incomplète'], ['repos', 'hebdomadaire'], ['iii', 'définition', 'heures', 'journée'], ['iii', 'c.1', 'temp', 'entretien'], ['iii', 'c.1.1', 'prise', 'service'], ['iii', 'c.1.2', 'nettoyage', 'véhicule'], ['iii', 'c.1.3', 'fin', 'service'], ['iii', 'c.2', 'temp', 'conduite'], ['iii', 'c.3', 'coupures'], ['iii', 'c.4', 'temp', 'disposition'], ['iii', 'c.5', 'temp', 'disposition', 'garanti'], ['repos', 'hebdomadaire'], ['heures', 'supplémentaires'], ['durée', 'travail'], ['lissage', 'rémunération'], ['durée', 'travail'], ['lissage', 'rémunération'], ['suivi', 'heures', 'information', 'salariés'], ['entrée', 'sortie', 'effectifs'], ['absence'], ['repos', 'hebdomadaire'], ['durée', 'travail'], ['modalités', 'rémunération'], ['lissage', 'rémunération'], ['absence']]"
T05721005171,"[['accord', 'collectif', 'entreprise', 'fixant', 'volume', 'contigent', 'annuel', 'heures', 'supplementaires'], ['objet', 'accord'], ['volume', 'contingent', 'annuel', 'heures', 'supplementaires'], ['duree', 'accord', 'suivi', 'accord'], ['revision'], ['denonciation'], ['formalites'], ['date', 'lieu', 'consultation', 'électorale'], ['organisation', 'matérielle'], ['bureau', 'vote'], ['scrutateurs'], ['vote'], ['proclamation', 'diffusion', 'résultats']]"
T02419000557,"[['accord', 'collectif', 'relatif', 'durée', 'aménagement', 'temp', 'travail', 'sein', 'société'], ['durée', 'accord', 'entrée', 'vigueur'], ['cadre', 'juridique'], ['négociation', 'dérogatoire'], ['article', '2232-23', 'précise', 'article', '2232-21', '2232-22', '2232-22-1', 'code', 'travail', 'relatifs', 'modalités', 'conclusion', 'convention', 'accord', 'entreprise', 'directement', 'personnel', 'entreprises', 'moins', 'salariés', 'appliquent', 'également', 'entreprises', 'dont', 'effectif', 'compris', 'entre', 'salariés', 'dépourvues', 'délégué', 'syndical', 'représentant', 'personnel'], ['condition', 'entrée', 'vigueur', 'accord'], ['modalités', 'organisation', 'consultation'], ['disposition', 'relative', 'annualisation'], ['définition', 'travail', 'effectif'], ['temp', 'trajet'], ['temp', 'formation'], ['prime', 'trajet'], ['période', 'référence'], ['temp', 'pause'], ['durée', 'repos', 'quotidien', 'hebdomadaire'], ['durées', 'journalières', 'hebdomadaires', 'travail'], ['annualisation', 'temp', 'travail'], ['principe'], ['annualisation'], ['périodes', 'bass'], ['programmation', 'délai', 'prévenance'], ['heures', 'excédentaires', 'heures', 'supplémentaires'], ['rémunération'], ['arrivée', 'départ', 'cours', 'période'], ['temp', 'partiel'], ['congés'], ['heures', 'supplementaires'], ['contingent', 'heures', 'supplémentaires'], ['contrepartie', 'obligatoire', 'repos'], ['majoration', 'heures', 'supplémentaires'], ['forfait', 'annuel', 'jours'], ['salariés', 'visés'], ['modalités', 'forfait', 'jours'], ['durée', 'forfait'], ['forfait', 'annuel', 'jours', 'réduit'], ['conséquences', 'absence'], ['régime', 'juridique'], ['garanties'], ['temp', 'repos'], ['repos', 'quotidien'], ['repos', 'hebdomadaire'], ['contrôle'], ['dispositif', 'alerte', 'veille'], ['rémunération'], ['exercice', 'droit', 'déconnexion'], ['duree', 'accord', 'entree', 'vigueur/revision']]"
T59V21001712,"[['accord', 'entreprise'], ['relatif', 'contingent', 'heures', 'supplémentaires'], ['contingent', 'heures', 'supplémentaires'], ['majorations', 'applicables', 'heures', 'supplémentaires', 'clause', 'facultative'], ['formalités']]"
T05022003484,"[['accord', 'relatif', 'temp', 'travail', 'congés'], ['substitution', 'accord', 'usage', 'engagement', 'unilatéraux', 'antérieurs'], ['disposition', 'commune'], ['temp', 'travail', 'effectif'], ['durées', 'maximales', 'temp', 'pause', 'repos'], ['journée', 'solidarité'], ['congés'], ['fête', 'locale'], ['période', 'acquisition', 'congés', 'payés'], ['jours', 'fractionnement'], ['sensibilisation', 'outils', 'suivi', 'auprès', 'manager'], ['temp', 'travail', 'oetam'], ['salariés', 'sédentaires', 'hors', 'conducteurs', 'routiers'], ['définition'], ['durée', 'travail', 'sédentaires'], ['organisation', 'temp', 'travail', 'oetam'], ['acquisition', 'jrtt', 'fera', 'prorata', 'temp', 'présence', 'travail', 'cours', 'période', 'annuelle', 'décompte', 'temp', 'travail'], ['heures', 'supplémentaires'], ['définition'], ['modalités', 'pratiques'], ['périodicité'], ['fixation', 'contingent', 'annuel'], ['temp', 'travail', 'conducteurs', 'grand', 'routiers'], ['définition'], ['période', 'décompte'], ['repos', 'compensateur', 'remplacement', 'ci-après', 'rcr'], ['principe'], ['seuil', 'déclenchement', 'rcr'], ['information'], ['titre', 'rcr'], ['titre', 'rcr'], ['prise', 'repos', 'compensateur'], ['salariés', 'temp', 'partiel', 'forfait', 'jours', 'réduit'], ['définition'], ['procédure', 'passage', 'temp', 'partiel', 'temp', 'complet'], ['congés', 'payés', 'jrtt'], ['heures', 'complémentaires'], ['disposition', 'finale'], ['révision', 'dénonciation'], ['suivi'], ['rendez-vous'], ['détermination', 'nombre', 'jrtt', 'base', 'temp', 'plein', 'salariés', 'décompte', 'horaire'], ['détermination', 'nombre', 'jours', 'repos', 'base', 'temp', 'plein', 'salariés', 'relevant', 'forfait', 'annuel', 'jours']]"
T06218000105,"[['accord', 'amenagement', 'temp', 'travail', '2018'], ['duree', 'organisation', 'temp', 'travail'], ['rappel'], ['heures', 'supplémentaires'], ['organisation', 'travail', 'début', 'fin', 'journée'], ['travail', 'posté'], ['temp', 'habillage'], ['crédit', 'heures'], ['repos', 'compensateur', 'remplacement', 'paiement', 'heures', 'supplémentaires'], ['révision'], ['formalités']]"
T02521002936,"[['accord', 'amenagement'], ['organisation', 'temp', 'travail'], ['champ', 'application'], ['definition', 'temp', 'travail', 'effectif'], ['principe', 'amenagement', 'duree', 'travail'], ['annualisation', 'temp', 'travail', 'personnel', 'ouvriers', 'etam'], ['durée', 'annuelle', 'travail'], ['limites', 'répartition', 'annuelle', 'durée', 'travail'], ['fonctionnement', 'dispositif', 'annualisation', 'temp', 'travail'], ['période', 'annuelle', 'référence', 'programmation', 'indicative'], ['possibilité', 'compenser', 'périodes', 'haute', 'activité', 'périodes', 'basse', 'activité'], ['modification', 'programmation', 'annuelle'], ['traitement', 'absence', 'entrées', 'sortie', 'cours', 'période'], ['absence', 'cours', 'année'], ['inverse', 'absence', 'donnant', 'lieu', 'récupération', 'comptabilisées', 'paie', 'réel', 'fonction', 'programmation', 'indicative', 'temp', 'travail', 'impactant', 'rien', 'compteur', 'modulation'], ['entrée', 'cours', 'année'], ['départ', 'entreprise', 'cours', 'année'], ['heures', 'restantes', 'fin', 'période', 'décompte'], ['dispositif', 'forfait', 'annuel', 'jours', 'personnel', 'cadre'], ['personnel', 'concerné'], ['ensemble', 'cadre', 'société', 'bénéficient', 'ainsi', 'convention', 'forfait', 'jours'], ['formalisation', 'forfait', 'jours', 'durée', 'annuelle', 'travail'], ['organisation', 'suivi', 'temp', 'travail'], ['nombre', 'jours', 'repos', 'modalités', 'prise', 'jours', 'repos'], ['modalités', 'rémunération'], ['recours', 'travail', 'temporaire'], ['salary', 'temp', 'partiel'], ['heures', 'supplémentaires', 'contingent'], ['volume', 'contingent', 'cadre', 'modulation'], ['définition', 'heures', 'supplémentaires', 'suivi', 'temp', 'travail'], ['paiement', 'heures', 'supplémentaires'], ['activité', 'partielle'], ['travaux', 'effectues', 'week-end', 'heures', 'astreintes'], ['affectation', 'jours', 'repos', 'percog', 'vinci'], ['dénonciation']]"
T01421005061,"[['avenant', 'n°1', 'accord', 'entreprise', 'date', 'novembre', '2019'], ['mise', 'place', 'politique', 'remuneration', 'recompensant', 'implication', 'conducteurs', 'amelioration', 'qualite', 'prestation', 'transport', 'conjuguee', 'respect', 'renforce', 'reglementation', 'securite'], ['accord', 'entre', 'vigueur', '1er', 'janvier', '2021']]"
T07422005115,"[['accord', 'conclus', 'comite', 'social', 'economique'], ['fixant', 'volume', 'contingent', 'annuel'], ['heures', 'supplémentaires', 'condition', 'dépassement'], ['durees', 'travail'], ['article', '3121-33', 'code', 'travail', 'énonce'], ['objet', 'accord'], ['champ', 'application', 'accord'], ['volume', 'contingent', 'annuel', 'heures', 'supplementaires'], ['paiement', 'heures', 'supplementaires', 'comprises', 'contingent', 'annuel'], ['depassement', 'contingent', 'annuel', 'heures', 'supplementaires'], ['condition', 'modalites', 'prise', 'contrepartie', 'repos'], ['ouverture', 'droit', 'repos'], ['prise', 'repos'], ['modalites', 'information', 'salarie', 'droit', 'repos'], ['indemnisation', 'contrepartie', 'repos'], ['durees', 'maximales', 'travail'], ['duree', 'accord', 'suivi', 'accord'], ['revision'], ['denonciation', 'accord', 'duree', 'indeterminee', 'uniquement'], ['formalites']]"
T01920000978,"[['accord', 'entreprise', 'aménagement', 'temp', 'travail', 'sein'], ['période', 'référence'], ['embauche', 'cours', 'période'], ['lissage', 'rémunération'], ['compteur', 'individuel'], ['périodes', 'non', 'travaillées', 'rémunérées'], ['périodes', 'non', 'travaillées', 'non', 'rémunérées'], ['modification', 'durée', 'travail', 'cours', 'période', 'annualisation'], ['ca', 'hausse', 'durée', 'annuelle', 'travail'], ['ca', 'baisse', 'durée', 'annuelle', 'travail'], ['variation', 'durées', 'travail'], ['notification', 'répartition', 'travail'], ['notification', 'horaires', 'travail'], ['modification', 'horaires', 'travail', 'respect', 'plage', 'indisponibilité'], ['contrepartie', 'réduction', 'délai', 'modification', 'horaires'], ['durée', 'travail'], ['durée', 'travail', 'salariés', 'temp', 'plein'], ['durée', 'travail', 'salariés', 'temp', 'partiel', 'année'], ['heures', 'supplémentaires', 'contingent', 'annuel'], ['heures', 'complémentaires'], ['contreparties', 'salariés', 'temp', 'partiel'], ['régularisation', 'compteurs', 'salarié', 'présent', 'totalité', 'période', 'référence'], ['solde', 'compteur', 'positif'], ['solde', 'compteur', 'négatif'], ['régularisation', 'compteurs', 'salarié', 'accompli', 'totalité', 'période', 'mois'], ['solde', 'compteur', 'positif'], ['solde', 'compteur', 'négatif'], ['entrée', 'vigueur', 'durée', 'dépôt', 'accord'], ['dépôt', 'publicité', 'accord']]"
T05719002548,"[['accord', 'entreprise', 'révisant', 'accord', 'aménagement', 'temp', 'travail'], ['objet', 'accord'], ['périmètre', 'accord'], ['durée', 'travail'], ['durée', 'moyenne', 'travail'], ['durée', 'quotidienne', 'maximale', 'travail'], ['aménagement', 'temp', 'travail'], ['période', 'référence'], ['durée', 'annuelle', 'travail'], ['heures', 'supplémentaires', 'heures', 'complémentaires'], ['heures', 'supplémentaires'], ['heures', 'complémentaires'], ['planification', 'horaires', 'travail'], ['détermination', 'horaires'], ['délai', 'prévenance'], ['modification', 'horaires'], ['disposition', 'relative', 'rémunération'], ['lissage', 'rémunération'], ['départs', 'arrivées', 'cours', 'période'], ['incidence', 'absence'], ['prise', 'compte', 'temp', 'trajet'], ['temp', 'trajet', 'inhabituel'], ['ca', 'particulier', 'déplacement', 'formation', 'journée', 'complète'], ['disposition', 'spécifiques', 'salariés', 'nuit'], ['organisation', 'travail', 'forfait', 'jour'], ['application', 'forfait', 'jours'], ['organisation', 'jours', 'demi-journées', 'travail'], ['rémunération'], ['incidence', 'absence'], ['départs', 'arrivées', 'cours', 'année'], ['dépassement', 'forfait'], ['suivi', 'organisation', 'travail'], ['définition', 'mission', 'objectifs', 'moyens'], ['entretien', 'individuel', 'annuel'], ['limitation', 'temp', 'travail'], ['amplitude', 'journée', 'travail', 'peut', 'excéder', 'heures'], ['signalement', 'situation', 'surcharge'], ['modalités', 'droit', 'déconnexion'], ['modalités', 'suivi', 'accord'], ['entrée', 'vigueur'], ['agrément'], ['dénonciation'], ['dépôt']]"
T08323060146,"[['accord', 'collectif'], ['contingent', 'annuel', 'heures', 'supplementaires'], ['2232-23-1', 'code', 'travail'], ['contingent', 'annuel', 'heures', 'supplémentaires'], ['suivi', 'interprétation'], ['révision', 'dénonciation'], ['publicité']]"
T06222008034,"[['objet', 'présent', 'accord'], ['précisions'], ['modalités', 'organisation'], ['rappel', 'heures', 'supplémentaires'], ['modalités', 'rémunération', 'équipe', 'suppléance'], ['précisions'], ['explication', 'congés', 'payés', 'équipes', 'week-end'], ['portée', 'accord', 'durée', 'révision', 'dénonciation', 'accord']]"
T07719002023,"[['accord', 'entreprise', 'concernant', 'negociation', 'annuelle', 'obligatoire', '2018', 'remuneration', 'temp', 'travail', 'paratge', 'valeur', 'ajoute', 'egalite', 'professionnelle', 'entre', 'femmes', 'hommes', 'qualite', 'vie', 'travail'], ['perimetre', 'accord'], ['remuneration'], ['disposition', 'spécifiques', 'personnel', 'roulant'], ['prime', 'bra', 'grue'], ['champ', 'application', 'condition', 'attribution'], ['montant', 'modalités', 'calcul'], ['prime', 'brigadier'], ['champ', 'application', 'condition', 'attribution'], ['montant', 'modalités', 'calcul'], ['prime', 'transport'], ['champ', 'application', 'condition', 'attribution'], ['montant', 'modalités', 'calcul'], ['prime', 'polyvalence'], ['champ', 'application', 'condition', 'attribution'], ['montant', 'modalités', 'calcul'], ['disposition', 'spécifiques', 'personnel', 'sédentaire'], ['ticket', 'restaurant'], ['duree', 'effective', 'organisation', 'temp', 'travail'], ['partage', 'valeur', 'ajoutee'], ['dispositifs', 'épargne', 'salariale'], ['intéressement'], ['participation'], ['plan', 'epargne', 'entreprise', 'perco'], ['negociation', 'egalite', 'professionnelle', 'entre', 'femmes', 'hommes', 'qualite', 'vie', 'travail'], ['articulation', 'entre', 'vie', 'personnelle', 'vie', 'professionnelle', 'salariés'], ['egalité', 'professionnelle', 'entre', 'femmes', 'hommes'], ['droit', 'expression', 'directe', 'collective', 'salariés'], ['modalités', 'définition', 'régime', 'prévoyance', 'régime', 'remboursements', 'complémentaires', 'frais', 'santé'], ['régime', 'prévoyance'], ['régime', 'complémentaire', 'frais', 'santé'], ['prévention', 'pénibilité'], ['formalites', 'depot'], ['publicite']]"
T03420003119,"[['modele', 'accord', 'collectif', 'relatif', 'mise', 'place', 'organisation', 'pluri-hebdomadaires'], ['agde', 'mer', 'lac'], ['durée', 'travail'], ['aménagement', 'temp', 'travail'], ['heures', 'supplémentaires'], ['définition'], ['rémunération'], ['embauche', 'rupture', 'contrat', 'travail', 'cours', 'période', 'référence'], ['salariés', 'temp', 'partiel'], ['durée', 'accord', 'révision', 'dénonciation'], ['publicité']]"
T05020001594,"[['accord', 'entreprise'], ['relatif', 'duree', 'travail'], ['champ', 'application'], ['organisation', 'temp', 'travail'], ['modalités', 'organisation', 'travail', 'entreprise'], ['temp', 'chargement', 'déchargement', 'préparation', 'chantier'], ['temp', 'déplacements', 'rendre', 'chantiers'], ['temp', 'pause'], ['gestion', 'temp', 'travail'], ['modalités', 'organisation', 'temp', 'travail'], ['heures', 'supplémentaires'], ['modalités', 'enregistrement', 'temp', 'travail'], ['disposition', 'finale'], ['modalités', 'conclusion', 'présent', 'accord'], ['dépôt', 'publicité', 'accord'], ['proces', 'verbal', 'consultation']]"
T04421010931,"[['accord', 'entreprise', 'amenagement', 'temp', 'travail'], ['champ', 'application', 'duree'], ['champ', 'application'], ['duree'], ['révision'], ['suivi', 'accord'], ['duree', 'travail-dispositions', 'diverses'], ['duree', 'quotidienne', 'travail'], ['amplitude', 'repos', 'quotidien'], ['heures', 'supplementaires', 'contingent', 'annuel'], ['temp', 'partiel'], ['recours', 'temp', 'partiel'], ['heures', 'complémentaires'], ['egalité', 'droits'], ['interruption', 'activite', 'coupures'], ['suppression', 'jours', 'fractionnement'], ['jours', 'feries'], ['temp', 'deplacement'], ['communication', 'planning', 'condition', 'changement', 'applicable', 'tous', 'type', 'organisation', 'temp', 'travail'], ['notification', 'modification', 'planning'], ['periode', 'reference', 'acquisition', 'prise', 'conge', 'paye'], ['période', 'acquisition', 'congés', 'payés'], ['période', 'prise', 'congés', 'payés'], ['mise', 'œuvre'], ['modalites', 'organisation', 'temp', 'travail'], ['annualisation', 'temp', 'travail', 'article', 'l.3121-44', 'suivants', 'code', 'travail'], ['objet'], ['salary', 'concernes'], ['remuneration'], ['absence'], ['compteur', 'individuel', 'suivi'], ['regularisation', 'ca', 'depart', 'salarie', 'cours', 'periode', 'reference'], ['modification', 'duree', 'travail', 'contractuelle', 'cours', 'periode', 'reference'], ['disposition', 'propres', 'salary', 'temp', 'plein', 'annualise'], ['principe', 'annualisation'], ['horaire', 'hebdomadaire', 'moyen', 'horaire', 'mensuel', 'moyen'], ['amplitude', 'amenagement', 'temp', 'travail', 'annee'], ['heures', 'supplementaires'], ['regularisation', 'issue', 'periode', 'annualisation'], ['disposition', 'propres', 'salary', 'temp', 'partiel', 'annualise'], ['principe', 'annualisation'], ['duree', 'hebdomadaire', 'moyenne', 'duree', 'mensuelle', 'moyenne', 'duree', 'annuelle'], ['amplitude', 'amenagement', 'temp', 'travail', 'annee'], ['heures', 'complementaires'], ['regularisation', 'issue', 'periode', 'annualisation'], ['travail', 'nuit'], ['travail', 'nuit'], ['durée', 'quotidienne', 'hebdomadaire', 'maximales'], ['organisation', 'travail'], ['accès', 'formation', 'professionnelle']]"
T04118000032,"[['accord', 'entreprise', 'relatif', 'heures', 'supplementaires'], ['objet'], ['durée', 'collective', 'travail'], ['taux', 'majoration', 'heures', 'supplémentaire'], ['consultation', 'personnel'], ['suivi', 'révision', 'dénonciation', 'accord'], ['dépôt', 'publicité', 'accord']]"
T05720003719,"[['accord', 'entreprise'], ['relatif', 'contingent', 'heures', 'supplementaires'], ['contingent', 'heures', 'supplémentaires'], ['majorations', 'applicables', 'heures', 'supplémentaires'], ['formalités']]"
T01719000991,"[['accord', 'collectif', 'entreprise'], ['portant'], ['amenagement', 'organisation'], ['champ', 'application'], ['principe', 'generaux', 'duree', 'travail'], ['modalites', 'organisation', 'temp', 'travail', 'ca', 'general'], ['modalites', 'organisation', 'temp', 'travail', 'forfait', 'annuel'], ['jours', 'cadre', 'autonomes'], ['journee', 'solidarite'], ['conge'], ['autorisations', 'absence', 'remunerees', 'evenements', 'familiaux'], ['duree', 'date', 'effet', 'modification', 'denonciation'], ['depot', 'publicite'], ['champ', 'application'], ['principe', 'generaux', 'duree', 'travail'], ['définition', 'temp', 'travail', 'effectif', 'temp', 'pause', 'repos'], ['modalites', 'organisation', 'temp', 'travail', 'ca', 'general'], ['décompte', 'temp', 'travail', 'cadre', 'annuel'], ['acquisition', 'jrtt'], ['prise', 'jrrt'], ['impact', 'absence', 'arrivées', 'départs'], ['heures', 'supplémentaires'], ['horaires', 'travail'], ['horaires', 'travail', 'variable'], ['horaires', 'fix'], ['suivi', 'décompte', 'temp', 'travail'], ['modalites', 'organisation', 'temp', 'travail', 'forfait', 'annuel', 'jours', 'cadre', 'autonomes'], ['forfait', 'annuel', 'jours'], ['octroi', 'jours', 'repos'], ['organisation', 'jours', 'travail'], ['convention', 'individuelles'], ['modalités', 'contrôle', 'condition', 'suivi', 'organisation', 'charge', 'travail'], ['journee', 'solidarite'], ['conge'], ['congés', 'annuels'], ['période', 'référence', 'période', 'prise', 'congés'], ['mode', 'calcul', 'congé'], ['planification'], ['incidence', 'évènements', 'maladie', 'événements', 'familiaux'], ['congés', 'supplémentaires', 'fractionnement'], ['congés', 'complémentaires'], ['autorisations', 'absence', 'remunerees', 'evenements', 'familiaux'], ['duree', 'date', 'effet', 'modification', 'denonciation'], ['depot', 'publicite'], ['secrétaire', 'adjoint', 'trésorier', 'adjoint']]"
T01022001938,"[['accord', 'entreprise'], ['relatif', 'organisation', 'duree', 'travail'], ['champ', 'application'], ['organisation', 'temp', 'travail'], ['modalités', 'organisation', 'travail', 'entreprise'], ['temp', 'habillage', 'déshabillage'], ['temp', 'chargement', 'déchargement', 'préparation', 'chantier'], ['temp', 'déplacements', 'rendre', 'chantiers'], ['temp', 'pause'], ['intempéries'], ['gestion', 'temp', 'travail'], ['modalités', 'organisation', 'temp', 'travail'], ['heures', 'supplémentaires'], ['modalités', 'enregistrement', 'temp', 'travail'], ['disposition', 'finale'], ['modalités', 'conclusion', 'présent', 'accord'], ['dépôt', 'publicité', 'accord']]"
T07623009865,"[['accord', 'entreprise', 'relatif', 'augmentation', 'contingent', 'annuel', 'heures', 'supplementaires'], ['champ', 'application', 'territorial', 'professionnel'], ['augmentation', 'contingent', 'annuel', 'heures', 'supplémentaires'], ['durée', 'date', 'effet'], ['interprétation', 'suivi'], ['ratification', 'accord'], ['dénonciation', 'révision'], ['dépôt', 'publicité', 'accord']]"
T01423060067,"[['objet'], ['heures', 'supplémentaires'], ['contingent', 'annuel', 'heures', 'supplémentaires'], ['primauté', 'accord', 'entreprise'], ['consultation', 'personnel'], ['durée', 'accord', 'révision', 'dénonciation'], ['procès-verbal', 'résultats', 'consultation', 'personnel'], ['bordereau', 'dépôt']]"
T04423061057,"[[], ['objet'], ['définitions', 'heures', 'supplémentaires'], ['accomplissement', 'heures', 'supplémentaires'], ['contingent', 'annuel', 'heures', 'supplémentaires'], ['contreparties', 'repos'], ['consultation', 'personnel'], ['dépôt', 'publicité', 'accord']]"
T05722006982,"[['accord', 'relatif', 'duree'], ['aménagement', 'temp', 'travail'], ['champ', 'application'], [], ['disposition', 'présent', 'accord', 'concernent'], ['temp', 'travail', 'notion', 'définitions'], ['durées', 'maximales', 'repos', 'minimum'], ['forfait', 'annuel', 'jours'], ['duree', 'modalites', 'aménagement', 'temp', 'travail', 'personnel', 'ouvriers', 'autres', 'etam', 'disposition', 'générales'], ['durée', 'travail', 'période', 'référence'], ['horaire', 'travail', 'référence'], ['lissage', 'rémunération'], ['contrats', 'durée', 'déterminée'], ['heures', 'supplementaires'], ['astreintes'], ['suivi', 'temp', 'travail', 'contrôle', 'horaires'], ['incidence', 'jours', 'absence', 'horaire', 'annuel'], ['disposition', 'relative', 'conge'], ['journee', 'solidarite'], ['temp', 'partiel-forfait', 'jour'], ['duree', 'modification', 'accord'], ['indivisibilité', 'accord'], ['depot', 'publicite', 'accord'], ['clause', 'rendez-vous', 'suivi']]"
T04919003254,"[['accord', 'entreprise', 'contingent', 'heures', 'supplémentaires'], ['objet'], ['contingent', 'annuel', 'heures', 'supplémentaires'], ['durée', 'accord', 'entreprise', 'entrée', 'vigueur'], ['dépôt', 'publicité', 'accord', 'entreprise'], ['base', 'données', 'nationale', 'accord', 'collectifs']]"
T08122002385,"[['accord', 'entreprise'], ['adaptation', 'portant', 'statut', 'collectif', 'general'], ['etant', 'prealablement', 'expose'], ['accord', 'applique', 'ensemble', 'salariés', 'affectés', 'service'], ['amenagement', 'temp', 'travail'], ['période', 'référence'], ['principe', 'variation', 'horaires', 'durée', 'travail'], ['modalité', 'programmation', 'prévisionnelle'], ['planning', 'individuels'], ['condition', 'délais', 'prévenance', 'changements', 'durée', 'horaire'], ['définition', 'heures', 'supplémentaires'], ['inverse', 'jours', 'congés', 'pris', 'au-delà', 'congés', 'légaux', 'viendraient', 'diminuer', 'autant', 'durée', 'annuelle', 'travail'], ['contreparties', 'heures', 'supplémentaires'], ['contingent', 'heures', 'supplémentaires'], ['traitement', 'absence'], ['traitement', 'entrées', 'sortie'], ['lissage', 'rémunération'], ['disposition', 'concernant', 'salariés', 'temp', 'partiel'], ['définition', 'heures', 'complémentaires'], ['volume', 'heures', 'complémentaires'], ['garanties', 'accordées', 'salariés', 'temp', 'partiel'], ['conge', 'repos'], ['congés', 'ancienneté'], ['congés', 'fractionnement'], ['périodes', 'acquisition', 'prise', 'congés', 'payés'], ['période', 'acquisition', 'prise', 'congés', 'payés'], ['changement', 'période', 'référence'], ['modalités', 'prise', 'congés'], ['période', 'transitoire'], ['temp', 'pause'], ['prime', 'indemnités'], ['remplacement', 'poste', 'titulaire', 'absent'], ['prime', 'assiduité', 'qualité', 'sécurité', 'prime', 'aqs'], ['modalités', 'calcul'], ['modalités', 'versement'], ['condition', 'acquisition', 'prime', 'aqs'], ['condition', 'remplir'], ['condition', 'relative', 'comportement', 'social'], ['condition', 'remplir'], ['condition', 'remplir'], ['condition', 'relative', 'respect', 'règles', 'sécurité', 'sein', 'entreprise'], ['condition', 'remplir'], ['prime', 'salissure'], ['gratification', 'annuelle']]"
A03418004555,"[['keolis'], ['car', 'bassin', 'thau'], ['partie', 'disposition', 'generales'], ['objet', 'accord'], ['partie', 'duree', 'amenagement', 'temp', 'travail'], ['duree', 'amenagement', 'temp', 'travail', 'salary', 'sedentaires'], ['durée', 'travail', 'répartition'], ['amenagement', 'durée', 'travail', 'cadre', 'annuel'], ['organisation', 'aménagement', 'temp', 'travail'], ['condition', 'délais', 'prévenance'], ['embauche', 'cours', 'période'], ['décompte', 'heures', 'supplémentaires', 'temp', 'complet'], ['décompte', 'heures', 'complémentaires'], ['rémunération', 'absences/arrivée', 'départ', 'cours', 'période'], ['lissage', 'rémunération'], ['absence'], ['temp', 'complet', 'traditionnel'], ['/article', 'temp', 'complet', 'rtt'], ['réduction', 'temp', 'travail', 'sou', 'forme', 'jours', 'repos'], ['prise', 'repos'], ['suivi', 'jours', 'repos'], ['organisation', 'travail'], ['temp', 'complet', 'aménagé', 'année'], ['organisation', 'aménagement', 'temp', 'travail'], ['condition', 'délais', 'prévenance'], ['embauche', 'cours', 'période'], ['décompte', 'heures', 'supplémentaires', 'temp', 'complet'], ['décompte', 'heures', 'complémentaires'], ['rémunération', 'absences/arrivée', 'départ', 'cours', 'période'], ['lissage', 'rémunération'], ['absence'], ['conducteurs', 'périodes', 'scolaires'], ['partie', 'disposition', 'finale'], ['révision'], ['dénonciation']]"
T09218004552,"[['accord', 'collectif', 'entreprise'], ['contingent', 'annuel', 'heures', 'supplémentaires'], ['champ', 'application'], ['objet'], ['contingent', 'annuel', 'heures', 'supplémentaires'], ['accomplissement', 'heures', 'supplémentaires'], ['contreparties', 'heures', 'supplémentaires'], ['majoration', 'heures', 'supplémentaires', 'limite', 'contingent', 'annuel'], ['article', 'l.3121-22', 'code', 'travail', 'fixe', 'taux', 'majoration', 'horaire'], ['contrepartie', 'heures', 'supplémentaires', 'au-delà', 'contingent', 'annuel'], ['durées', 'maximales', 'travail', 'limite', 'absolue'], ['duree'], ['suivi', 'revision', 'denonciation', 'accord'], ['révision'], ['depot', 'publicite', 'accord'], ['accord', 'fera', 'objet', 'publication', 'base', 'données', 'nationale', 'nom', 'signataires', 'personnes', 'physique', 'préalablement', 'anonymisé']]"
T07520023930,"[['accord', 'collectif', 'adaptation', 'statut', 'collectif', 'salariés', 'société', 'moncler', 'france', 'convention', 'collective', 'nationale', 'habillement', 'maisons', 'succursales', 'vente', 'détail'], ['disposition', 'générales'], ['clause', 'rendez-vous'], ['communication', 'accord'], ['dépôt', 'accord'], ['durée', 'travail', 'salariés', 'temp', 'complet'], ['heures', 'concernées', 'aménagement', 'durée', 'travail'], ['périodes', 'référence'], ['organisation', 'temp', 'travail'], ['décompte'], ['durées', 'maximales', 'travail', 'temp', 'repos'], ['planification', 'durée', 'travail'], ['traitement', 'heures', 'supplémentaires'], ['rémunération', 'lissage'], ['traitement', 'absence'], ['traitement', 'arrivées', 'départs', 'cours', 'période', 'référence'], ['embauche', 'cours', 'période'], ['départ', 'cours', 'période'], ['forfait', 'annuel', 'jours', 'cadre'], ['convention', 'individuelles', 'forfait', 'annuel', 'jours'], ['nombre', 'jours', 'travail', 'période', 'annuelle', 'décompte'], ['temp', 'repos', 'obligatoire'], ['jours', 'non', 'travaillés'], ['décompte', 'durée', 'travail'], ['arrivée', 'départ', 'cours', 'année'], ['dépassement', 'nombre', 'jours', 'maximal', 'travail', 'année'], ['renonciation', 'repos'], ['opposabilité', 'salarié'], ['suivi', 'organisation', 'travail', 'chaque', 'salarié'], ['entretien', 'fera', 'objet', 'compte', 'rendu', 'conjointement', 'signé', 'salarié', 'supérieur', 'hiérarchique'], ['droit', 'déconnexion'], ['rémunération']]"
T03720002121,"[['accord', 'entreprise'], ['relatif', 'contingent', 'heures', 'supplémentaires'], ['contingent', 'heures', 'supplémentaires'], ['majorations', 'applicables', 'heures', 'supplémentaires'], ['formalités']]"
T07519013991,"[['objet'], ['durée', 'travail'], ['définition', 'temp', 'travail', 'effectif', 'temp', 'pause', 'repos', 'amplitude'], ['durée', 'travail'], ['durées', 'maximales', 'travail'], ['modalités', 'organisation', 'temp', 'travail'], ['principe', 'répartition', 'temp', 'travail', 'période', 'supérieure', 'semaine'], ['condition', 'délais', 'prévenance', 'durée', 'travail'], ['heures', 'supplémentaires', 'heures', 'complémentaires'], ['compteur', 'heures', 'individuel'], ['rémunération'], ['lissage', 'rémunération'], ['rémunération', 'ca', 'absence'], ['révision'], ['agrément'], ['entrée', 'vigueur', 'accord'], ['substitution']]"
T07521037023,"[['accord', 'entreprise'], ['portant', 'amenagement', 'temp', 'travail'], ['champ', 'application'], ['duree', 'travail'], ['définition', 'temp', 'travail', 'effectif'], ['décompte', 'temp', 'travail'], ['salariés', 'soumis', 'convention', 'forfait', 'annuelle', 'jours'], ['pause', 'déjeuner'], ['jours', 'fériés'], ['ensemble', 'jours', 'fériés', 'légaux', 'chômés', 'payés', 'entreprise'], ['journée', 'solidarité'], ['lissage', 'rémunérations'], ['aménagement', 'temp', 'travail'], ['category', 'personnel', 'autres', 'cadre', 'forfait', 'jours'], ['horaire', 'travail', 'effectif', 'hebdomadaire'], ['modalités', 'prise', 'jours', 'repos', 'rtt'], ['heures', 'supplémentaires'], ['cadre', 'forfait', 'jours', 'cadre', 'autonomes', 'société'], ['convention', 'forfait', 'écrite'], ['modalités', 'aménagement', 'temp', 'travail'], ['nombre', 'jours', 'travaillés'], ['acquisition', 'prise', 'jours', 'repos'], ['traitement', 'absence'], ['modalités', 'suivi', 'jours', 'travaillés', 'charge', 'travail'], ['modalités', 'suivi', 'nombre', 'jours', 'travaillés'], ['droit', 'déconnexion'], ['principe', 'utilisation', 'professionnelle', 'outils', 'information', 'communication', 'mi', 'disposition', 'salariés', 'employeur', 'effectue', 'temp', 'travail'], ['modalités', 'suivi', 'charge', 'travail'], ['dispositif', 'alerte'], ['obligation', 'bonne', 'foi'], ['forfaits', 'jours', 'temp', 'réduit'], ['travail', 'exceptionnel', 'dimanche'], ['contexte'], ['volontariat'], ['réversibilité', 'volontariat'], ['planification', 'travail', 'dimanche', 'mesures', 'destinées', 'faciliter', 'conciliation', 'entre', 'vie', 'professionnelle', 'vie', 'privée'], ['contreparties'], ['contrepartie', 'repos'], ['frais', 'garde', 'autres', 'charge', 'induites', 'travail', 'dominical'], ['disposition', 'finale'], ['durée', 'publicité'], ['révision', 'dénonciation']]"
T00623008524,"[['accord', 'entreprise'], ['amenagement', 'temp', 'travail'], ['cadre', 'juridique'], ['durée', 'travail'], ['durée', 'travail'], ['définition', 'temp', 'travail', 'effectif'], ['constituent', 'temp', 'travail', 'effectif'], ['temp', 'pause', 'repos'], ['heures', 'supplémentaires'], ['aménagement', 'temp', 'travail', 'temp', 'plein', 'année'], ['annualisation', 'temp', 'travail', 'modulation'], ['modalités', 'organisation', 'temp', 'travail'], ['condition', 'délais', 'prévenance', 'changements', 'horaire'], ['lissage', 'rémunération'], ['absence', 'arrivées', 'départs', 'cours', 'période'], ['heures', 'supplémentaires'], ['aménagement', 'temp', 'travail', 'temp', 'partiel', 'année'], ['définition', 'période', 'pluri', 'hebdomadaire', 'retenue'], ['durée', 'minimale', 'annuelle'], ['durées', 'minimales', 'maximales'], ['condition', 'délais', 'prévenance', 'répartition', 'horaires', 'changements', 'pouvant', 'intervenir'], ['lissage', 'rémunération'], ['absence', 'arrivées', 'départs', 'cours', 'période'], ['heures', 'complémentaires'], ['garanties'], ['réajustement', 'contrat'], ['composition'], ['mission'], ['réunion'], ['durée'], ['dénonciation', 'révision'], ['publicité', 'accord'], ['date', 'entrée', 'accord']]"
T03020002740,"[['accord', 'entreprise', 'portant', 'aménagement', 'temp', 'travail'], ['disposition', 'générales'], ['objet', 'accord'], ['durée', 'annuelle', 'travail', 'salariés', 'temp', 'plein'], ['contrôle', 'décompte', 'jours', 'travaillés/non', 'travaillés'], ['lissage', 'rémunération'], ['incidence', 'absence', 'cours', 'période'], ['arrivée', 'départ', 'cours', 'période', 'référence'], ['droit', 'déconnexion'], [], ['disposition', 'générales'], ['champ', 'application'], ['objet', 'accord'], ['modalités', 'révision', 'dénonciation'], ['formalités'], [], ['définition', 'temp', 'travail', 'effectif'], ['durée', 'quotidienne', 'travail'], ['durée', 'maximale', 'hebdomadaire'], ['article12', '-repos', 'hors', 'cadre', 'dirigeants'], ['durée', 'annuelle', 'travail', 'salariés', 'temp', 'plein', 'hors', 'cadre', 'dirigeants', 'octroi', 'jours', 'repos', 'compensateur', 'remplacement'], ['acquisition', 'jours', 'repos', 'compensateur', 'remplacement'], ['prise', 'jours', 'repos', 'compensateur', 'remplacement'], ['programmation', 'indicative', 'heures', 'travail'], ['modification', 'programmation', 'indicative'], ['-augmentation', 'diminution', 'durée', 'journalière', 'travail'], ['amplitude', 'annualisation', 'temp', 'plein'], ['cumul', 'contrats', 'travail'], ['-durée', 'quotidienne', 'travail', 'maximale', 'heures', 'tous', 'contrats', 'travail', 'confondus'], ['régularisation', 'ca', 'entrée', 'sortie', 'pendant', 'période', 'référence'], ['généralités'], ['lissage', 'rémunération'], [], ['heures', 'supplémentaires'], ['contingent', 'heures', 'supplémentaires'], [], ['congés', 'payés']]"
T01321011370,"[['accord', 'collectif', 'fixant', 'modalites', 'mise', 'œuvre'], ['contingent', 'annuel', 'heures', 'supplementaires'], ['article', '3121-30', '3121-33', '3121-38', '3131-40', '3121-17', 'suivants', 'code', 'travail'], ['volume', 'contingent', 'annuel', 'heures', 'supplémentaires'], ['dépassement', 'contingent', 'annuel', 'heures', 'supplémentaires'], ['contrepartie', 'repos', 'heures', 'supplémentaires', 'effectuées', 'au-delà', 'contingent'], ['durée', 'contrepartie', 'repos'], ['ouverture', 'droit', 'repos'], ['modalités', 'prise', 'repos'], ['modalités', 'information', 'salarié', 'droit', 'repos'], ['indemnisation', 'contrepartie', 'repos'], ['condition', 'suivi', 'clause', 'rendez-vous'], ['dénonciation']]"
T07719003003,"[['accord', 'entreprise', 'relatif', 'organisation', 'temp', 'travail'], ['cadre', 'juridique', 'champ', 'application'], ['organisation', 'temp', 'travail'], ['conséquences', 'absence'], ['durees', 'maximales', 'travail'], ['heures', 'supplementaires'], ['definition'], ['contingent', 'annuel'], ['heures', 'supplementaires', 'realisees', 'contingent', 'annuel'], ['conge', 'paye'], ['suivi', 'temp', 'travail'], ['disposition', 'diverses'], ['publicite', 'entree', 'vigueur'], ['contestation']]"
T04421011629,"[['malvaux', 'manufacture'], ['avenant', 'n°3', 'accord', 'amenagement', 'temp', 'travail'], ['objet'], ['agent', 'fonctionnels'], ['agent', 'production'], ['date', 'prise', 'effet', 'durée']]"
T59V20000957,"[['accord', 'entreprise', 'issu', 'negociation', 'annuelle', 'entreprise', '2020'], ['champ', 'application'], ['emploi', 'handicapes'], ['augmentation', 'budget', 'oeuvre', 'sociales', 'cse'], ['revalorisation', 'prime', 'chaussures'], ['instauration', 'contrepartie', 'non', 'respect', 'délai', 'prévenance'], ['contingent', 'annuel', 'heures', 'supplementaires'], ['duree', 'accord'], ['modalites', 'denonciation', 'accord'], ['publicite', 'depôt', 'accord']]"
T07120001633,"[['accord', 'entreprise'], ['relatif', 'organisation', 'duree', 'travail'], ['champ', 'application'], ['organisation', 'temp', 'travail'], ['modalités', 'organisation', 'travail', 'entreprise'], ['temp', 'déplacements', 'rendre', 'chantiers'], ['temp', 'pause'], ['gestion', 'temp', 'travail'], ['modalités', 'organisation', 'temp', 'travail'], ['heures', 'supplémentaires'], ['modalités', 'enregistrement', 'temp', 'travail'], ['jours', 'fractionnement'], ['disposition', 'finale'], ['modalités', 'conclusion', 'présent', 'accord'], ['dépôt', 'publicité', 'accord']]"
T00319000603,"[['accord', 'conge', 'paye', 'temp', 'travail'], ['champ', 'application'], ['definition', 'juridiques', 'relative', 'temp', 'travail'], ['temp', 'travail', 'effectif'], ['heures', 'supplémentaires'], ['définition'], ['contingent'], ['conge', 'paye'], ['conge', 'legal'], ['periode', 'reference', 'acquisition', 'prise', 'conge'], ['periode', 'transitoire'], ['application', 'accord'], ['entrée', 'vigueur', 'durée', 'accord'], ['révision'], ['dénonciation'], ['dépôt', 'accord']]"
A00618004592,"[['durée', 'travail'], ['période', 'référence'], ['heures', 'supplémentaires'], ['définition'], ['rémunération'], ['embauche', 'rupture', 'contrat', 'travail', 'cours', 'période', 'référence'], ['salariés', 'temp', 'partiel'], ['publicité'], ['organisation', 'temp', 'travail', 'compter', '16/10/2017']]"
T03821008555,"[['accord', 'entreprise'], ['relatif', 'contingent', 'annuel', 'heures', 'supplémentaires'], ['contingent', 'heures', 'supplémentaires'], ['majorations', 'applicables', 'heures', 'supplémentaires']]"
T00122004117,"[['association', 'ala-elp', 'dirige', 'english', 'national', 'programme', 'sein', 'lycée', 'international', 'ferney', 'voltaire'], ['disposition', 'générales'], ['objet', 'accord'], ['validité', 'accord'], ['portée', 'accord'], ['organisation', 'durée', 'travail'], ['période', 'référence'], ['durée', 'travail'], ['enseignants'], ['noter'], ['personnel', 'administratif'], ['prise', 'compte', 'journée', 'solidarité'], ['programmation', 'temp', 'travail'], ['programmation', 'indicative', 'transmise', 'salariés', 'début', 'chaque', 'période', 'référence'], ['modification', 'programmation', 'indicative'], ['consultation', 'comité', 'social', 'économique', 'transmission', 'inspecteur', 'travail'], ['heures', 'supplémentaires'], ['personnel', 'enseignant'], ['heures', 'supplémentaires', 'structurelles'], ['paiement', 'heures', 'supplémentaires', 'structurelles'], ['heures', 'supplémentaires', 'couvrir', 'courtes', 'absence'], ['paiement', 'heures', 'supplémentaires', 'courte', 'durée'], ['personnel', 'bureau'], ['paiement', 'heures', 'supplémentaires', 'personnel', 'bureau'], ['affichage', 'contrôle', 'durée', 'travail'], ['rémunération', 'salariés'], ['principe', 'lissage'], ['incidence', 'arrivés', 'départ', 'cours', 'période', 'référence', 'rémunération'], ['ca', 'solde', 'créditeur'], ['ca', 'solde', 'débiteur'], ['incidence', 'absence', 'indemnisation', 'retenue'], ['congés', 'payés'], ['disposition', 'spécifiques', 'temp', 'partiels'], ['variation', 'horaires'], ['heures', 'complémentaires'], ['modification', 'durée', 'contractuelle', 'travail'], ['egalité', 'traitement'], ['classification', 'fonctions'], ['classification', 'personnel'], ['disposition', 'finale'], ['durée', 'révision', 'dénonciation', 'accord', 'collectif']]"
T09419003846,"[['accord', 'collectif'], ['amenagement', 'temp', 'travail'], ['cadre', 'juridique'], ['champ', 'application'], ['définition', 'temp', 'travail'], ['gestion', 'temp', 'astreintes'], ['amenagement', 'temp', 'travail'], ['aménagement', 'temp', 'travail', 'année'], ['durée', 'effective', 'travail'], ['modalités', 'octroi', 'prise', 'repos', 'compensateur', 'remplacement', 'rcr'], ['principe', 'substitution'], ['condition', 'période', 'prise', 'repos', 'compensateur', 'remplacement'], ['accord', 'employeur', 'prise', 'repos', 'compensateur', 'remplacement', 'nécessaire'], ['ouverture', 'droit', 'décompte', 'repos', 'compensateur', 'remplacement'], ['délai', 'prise', 'repos', 'compensateur', 'remplacement'], ['journée', 'solidarité'], ['horaires', 'individualises'], ['personnel', 'concerné'], ['plage', 'horaires', 'travail'], ['plage', 'horaires', 'travail', 'personnel', 'accueil'], ['pause', 'déjeuner'], ['comptabilisation', 'temp', 'présence'], ['report', 'heures'], ['accident', 'trajet'], ['formation', 'professionnelle'], ['heures', 'supplémentaires'], ['décompte', 'heures', 'supplémentaires'], ['contingent', 'annuel', 'heures', 'supplémentaires'], ['majoration', 'heures', 'supplémentaires', 'accomplies', 'au-delà', 'contingent', 'annuel', 'visé', 'article', '7.2', 'présent', 'accord'], ['temp', 'partiel'], ['règles', 'générales'], ['temp', 'partiel', 'choisi'], ['cadre'], ['cadre', 'autonomes'], ['définition', 'cadre', 'autonomes'], ['durée', 'annuelle', 'travail', 'cadre', 'autonomes'], ['nombre', 'jours', 'travail', 'annuels'], ['modalités', 'octroi', 'jours', 'cadre', 'autonomes', 'jca'], ['modalités', 'renonciation', 'jours', 'repos'], ['dépassement', 'forfait'], ['modalités', 'contrôle', 'suivi', 'temp', 'travail', 'cadre', 'autonomes'], ['document', 'suivi', 'forfait'], ['repos', 'hebdomadaire'], ['jours', 'fériés', 'chômés'], ['entretien', 'périodique'], ['droit', 'déconnexion'], ['suivi', 'collectif', 'forfait', 'jours'], ['cadre', 'soumis', 'horaire', 'collectif']]"
T07723009210,"[['accord', 'collectif', 'relatif'], ['temp', 'travail', 'accessoires', 'remuneration'], ['temp', 'travail', 'effectif'], ['durée', 'travail'], ['durées', 'maximales', 'travail'], ['travail', 'équipe'], ['badgeage'], ['forfait', 'jours'], ['définition', 'champ', 'application'], ['embauche', 'rupture', 'forfait', 'jours', 'cours', 'année'], ['forfait', 'jours', 'réduit'], ['convention', 'forfait', 'jours'], ['validation', 'présence'], ['repos', 'quotidien', 'hebdomadaire'], ['entretien', 'annuel'], ['droit', 'déconnexion'], ['acquisition', 'valorisation', 'jours', 'non', 'travaillés', 'jnt'], ['incidence', 'arrivées', 'départs', 'cours', 'année', 'cours', 'mois'], ['prise', 'jnt'], ['rachat', 'jnt'], ['don', 'jnt'], ['temp', 'travail', 'temp', 'partiel'], ['modalités', 'travail', 'temp', 'partiel'], ['heures', 'complémentaires'], ['travail', 'exceptionnel', 'nuit', 'dimanche', 'jours', 'fériés'], ['journée', 'solidarité'], ['congés', 'payés'], ['prise', 'congés', 'payés'], ['fractionnement', 'congés', 'payés'], ['congés', 'évènements', 'familiaux', 'autres', 'évènements'], ['congés', 'évènements', 'familiaux'], ['accessoires', 'remuneration'], ['prime', '13ème', 'mois'], ['disposition', 'finale'], ['substitution', 'principe', 'non', 'cumul'], ['champ', 'application'], ['temp', 'travail'], ['temp', 'travail', 'effectif'], ['durée', 'travail'], ['durées', 'maximales', 'travail'], ['durée', 'quotidienne', 'maximale', 'travail'], ['durées', 'maximales', 'hebdomadaires'], ['pause', 'intermédiaires'], ['travail', 'équipe'], ['badgeage'], ['forfait', 'jours'], ['définition', 'champ', 'application'], ['organisation', 'temp', 'travail', 'forfait', 'jours', 'applique', 'cadre', 'relevant'], ['embauche', 'rupture', 'forfait', 'jours', 'cours', 'année'], ['forfait', 'jours', 'réduit'], ['convention', 'forfait', 'jours'], ['validation', 'présence'], ['repos', 'quotidien', 'hebdomadaire'], ['entretien', 'annuel'], ['droit', 'déconnexion'], ['acquisition', 'valorisation', 'jours', 'non', 'travaillés', 'jnt'], ['acquisition', 'demi-journées', 'repos', 'effectue', 'mois', 'mois'], ['incidence', 'arrivées', 'départs', 'cours', 'année', 'cours', 'mois'], ['prise', 'jnt'], ['rachat', 'jnt'], ['don', 'jnt'], ['temp', 'travail', 'temp', 'partiel'], ['modalités', 'travail', 'temp', 'partiel'], ['heures', 'complémentaires'], ['travail', 'exceptionnel', 'nuit', 'dimanche', 'jours', 'fériés'], ['journée', 'solidarité'], ['horaires', 'travail'], ['présence', 'obligatoire'], ['congés', 'autres', 'évènements'], ['congés', 'payés'], ['prise', 'congés', 'payés'], ['fractionnement', 'congés', 'payés'], ['congés', 'évènements', 'familiaux', 'autres', 'évènements'], ['congés', 'évènements', 'familiaux'], ['accessoires', 'remuneration'], ['prime', '13ème', 'mois'], ['disposition', 'finale'], ['durée', 'date', 'entrée', 'vigueur', 'révision', 'dénonciation'], ['substitution', 'principe', 'non', 'cumul']]"
T07521028369,"[['temp', 'travail'], ['avenant', 'accord', 'collectif', 'mar', '2018', 'relatif', 'temp', 'travail', 'sein', 'société', 'scaleway'], ['champ', 'application'], ['temp', 'travail'], ['définition', 'temp', 'travail', 'effectif'], ['situation', 'exclues', 'temp', 'travail', 'effectif'], ['temp', 'travail', 'collaborateurs', 'non', 'cadre', 'cadre', 'non', 'autonomes'], ['durée', 'organisation', 'travail'], ['horaires', 'travail'], ['durée', 'maximale', 'journalière', 'hebdomadaire'], ['repos', 'quotidien', 'hebdomadaire'], ['heures', 'supplémentaires'], ['temp', 'partiel'], ['acceptation', 'temp', 'partiel', 'temp', 'complet', 'fera', 'objet', 'avenant', 'contrat', 'travail'], ['travail', 'nuit'], ['justification', 'recours', 'travail', 'nuit'], ['temp', 'pause'], ['équilibre', 'vie', 'privée', 'vie', 'professionnelle'], ['égalité', 'professionnelle', 'entre', 'femmes', 'hommes'], ['travail', 'dimanche', 'jours', 'fériés'], ['temp', 'travail', 'salariés', 'autonomes'], ['catégorie', 'salariés', 'concernés', 'définition', 'salarié', 'autonome'], ['nombre', 'jours', 'période', 'référence', 'modalité', 'organisation', 'forfait'], ['dépassement', 'forfait', 'annuel', 'renonciation', 'jours', 'repos'], ['forfait', 'jours', 'réduit'], ['caractéristique', 'convention', 'individuelle', 'forfait', 'annuel', 'jours'], ['modalités', 'suivi', 'forfait', 'jours'], ['droit', 'déconnexion'], ['articulation', 'entre', 'vie', 'personnelle', 'vie', 'professionnelle'], ['réunion', 'déplacements', 'professionnels'], ['suivi', 'collectif', 'forfaits', 'jours'], ['temp', 'travail', 'cadre', 'dirigeants'], ['définition', 'cadre', 'dirigeant'], ['temp', 'travail', 'cadre', 'dirigeants'], ['organisation', 'spécifiques', 'temp', 'travail'], ['astreintes']]"
T06621002325,"[['accord', 'entreprise', 'relatif'], ['contingent', 'heures', 'supplementaires'], ['titre', 'information', 'article', 'l.3121-30', 'code', 'travail', 'dispose'], ['définition', 'heures', 'supplémentaires'], ['majoration', 'salaire'], ['repos', 'compensateur', 'remplacement'], ['contingent', 'heures', 'supplémentaires'], ['contrepartie', 'obligatoire', 'repos', 'caractéristiques', 'ouverture', 'durée'], ['contrepartie', 'obligatoire', 'repos', 'prise', 'repos'], ['evolution', 'modalités'], ['dénonciation'], ['révision'], ['accord', 'procès-verbal', 'résultat', 'consultation', 'déposés', 'diligence', 'société', 'auprès', 'direccte', 'plateforme', 'téléprocédure', 'ministère', 'travail', 'accessible', 'depuis', 'site', 'www.teleaccords.travail-emploi.gouv.fr'], ['accord', 'fera', 'également', 'objet', 'modalités', 'publicité', 'suivantes']]"
T09219009238,"[['champ', 'application'], ['rappel', 'disposition', 'légales', 'applicables'], ['augmentation', 'exceptionnelles', 'salaires'], ['champ', 'application'], ['accord', 'salarié'], ['nombre', 'journées', 'travail'], ['fixation', 'forfait'], ['renonciation', 'jours', 'repos'], ['rémunération', 'forfaitaire'], ['embauche', 'cours', 'année'], ['départs', 'cours', 'année'], ['absence', 'cours', 'période'], ['maîtrise', 'suivi', 'charge', 'travail'], ['répartition', 'charge', 'travail'], ['temp', 'repos'], ['amplitude', 'travail'], ['modalités', 'suivi', 'organisation', 'travail'], ['entretien', 'annuel'], ['entretien', 'fera', 'objet', 'compte-rendu', 'conjointement', 'signé', 'salarié', 'supérieur', 'hiérarchique'], ['rôle', 'comité', 'entreprise', 'puis', 'comité', 'social', 'economique'], ['droit', 'déconnexion'], ['champ', 'application'], ['travail', 'temp', 'partiel'], ['champ', 'application'], ['deux', 'régimes', 'annualisation', 'possible'], ['modification', 'calendrier'], ['temp', 'travail', 'hebdomadaire', 'référence'], ['modalités', 'fixation', 'prise', 'jours', 'rtt'], ['décompte', 'heures', 'supplémentaires'], ['salariés', 'dont', 'régime', 'annualisation', 'peut', 'comporter', 'périodes', 'hautes', 'périodes', 'bass'], ['décompte', 'heures', 'complémentaires'], ['lissage', 'rémunération'], ['prise', 'compte', 'absence'], ['effet', 'absence', 'décompte', 'heures', 'supplémentaires'], ['rémunération', 'heures', 'supplémentaires'], ['contrepartie', 'obligatoire', 'repos'], ['heures', 'complémentaires', 'salariés', 'temp', 'partiel'], ['volume', 'heures', 'complémentaires'], ['effet', 'absence', 'décompte', 'heures', 'complémentaires'], ['majoration'], ['travail', 'samedi', 'dimanche'], ['effet', 'accord'], ['clause', 'rendez'], ['communication', 'accord'], ['publicité']]"
T06224060638,"[['accord', 'portant', 'duree'], ['amenagement', 'temp', 'travail'], ['durées', 'maximales', 'travail'], ['heures', 'supplémentaires', 'contingent', 'annuel'], ['disposition', 'generales'], ['objet', 'cadre', 'juridique'], ['portée'], ['révision', 'dénonciation'], ['suivi', 'accord', 'règlement', 'litiges', 'éventuels'], ['durées', 'maximales', 'travail'], ['heures', 'supplémentaires', 'contingent', 'annuel']]"
T06222006980,"[['durée', 'travail'], ['duree', 'travail'], ['champ', 'application'], ['decompte', 'duree', 'travail', 'periode', 'autre', 'semaine'], ['base', 'juridiques'], ['temp', 'travail', 'effectif'], ['periode', 'decompte', 'heures', 'supplementaires'], ['lissage', 'heures', 'interieur', 'periode', 'decompte'], ['pause'], ['base', 'juridiques'], ['modalites', 'application', 'generales'], ['pause', 'café', 'tabac…'], ['planning'], ['schema', 'presentation', 'planning'], ['badgage'], ['anomaly'], ['pointage', 'anticipé'], ['retard'], ['dépassement', 'heure', 'fin', 'planning'], ['considérations', 'générales'], ['identification', 'superieur', 'hierarchique'], ['anomaly', 'constatees', 'pouvant', 'faire', 'objet', 'sanction'], ['prime', 'habillage', 'deshabillage'], ['champ', 'application'], ['contrepartie'], ['principe'], ['contrepartie', 'financière'], ['prime', 'entretien', 'vetements', 'travail'], ['champ', 'application'], ['principe', 'modalites'], ['príncipe'], ['contrepartie', 'financière'], ['modalités', 'versement'], ['dépôt', 'légal', 'publication']]"
T07622008831,"[['champ', 'application'], ['etat', 'proposition'], ['mesures', 'applicables', 'terme', 'negociation'], ['durée', 'date', 'effet', 'accord'], ['depot', 'publicite']]"
T05619000873,"[['accord', 'entreprise', 'relatif', 'paiement', 'heures', 'astreintes', 'bloc', 'opératoire'], ['cadre', 'juridique'], ['modalités', 'rémunération', 'heures', 'astreintes', 'domicile'], ['modalités', 'rémunération', 'heures', 'astreintes', 'travaillées'], ['entrée', 'vigueur'], ['révision']]"
T09121007510,"[['accord', 'établi', 'cadre', 'obligation', 'annuelle', 'négocier'], ['titre', 'année', '2021'], ['mesures', 'applicables', 'année', '2022'], ['présentation', 'revendications', 'syndicale', 'cgt'], ['rémunérations', 'temp', 'travail'], ['rémunérations', 'temp', 'travail'], ['revalorisation', 'rémunérations', 'ide', 'sspi', 'salle', 'réveil'], ['revalorisation', 'rémunérations', 'auxiliaires', 'puéricultrices'], ['revalorisation', 'rémunérations', 'enseignants', 'a.p.a'], ['revalorisation', 'base', 'rémunération', 'préparateurs', 'trice', 'pharmacie'], ['augmentation', 'contingent', 'heures', 'supplémentaires'], ['égalité', 'professionnelle', 'entre', 'femmes', 'hommes', 'qualité', 'vie', 'travail'], ['égalité', 'professionnelle'], ['qualité', 'vie', 'travail'], ['publicité', 'accord']]"
T05720003188,"[['ensemble', 'personnel'], ['objet', 'impact', 'mesures', 'urgence', 'prises', 'gouvernement', 'gestion', 'congés', 'payés', 'bâtiment'], ['report', 'et/ou', 'fixation', 'date', 'congés', 'payés'], ['contingent', 'heures', 'supplémentaires'], ['majorations', 'applicables', 'heures', 'supplémentaires'], ['formalités']]"
T07022001260,"[['formalites', 'mise', 'œuvre'], ['principe', 'modalites', 'recours', 'heures', 'supplementaires'], ['remuneration', 'heures', 'supplementaires'], ['augmentation', 'contingent', 'heures', 'supplementaires'], ['revision'], ['denonciation'], ['depot', 'publicite'], ['duree', 'entree', 'vigueur', 'accord']]"
T06320002231,"[['accord', 'entreprise'], ['amenagement', 'organisation', 'temp', 'travail'], ['champ', 'application'], ['aménagement', 'temp', 'travail', 'année', 'personnel', 'roulant'], ['disposition', 'relative', 'personnel', 'roulant', 'temp', 'plein'], ['principe', 'organisation'], ['heures', 'supplémentaires'], ['disposition', 'relative', 'personnel', 'roulant', 'temp', 'partiel'], ['principe', 'organisation'], ['organisation', 'journée', 'travail'], ['heures', 'complémentaires'], ['absence', 'entrées', 'sortie', 'cours', 'période', 'référence'], ['rémunération', 'personnel', 'roulant', 'temp', 'plein', 'temp', 'partiel'], ['lissage', 'rémunération'], ['travail', 'intermittent', 'conducteurs', 'périodes', 'scolaires', 'cps'], ['aménagement', 'temp', 'travail', 'période', 'scolaire'], ['organisation', 'journée', 'travail'], ['heures', 'complémentaires'], ['modalité', 'communication', 'modification', 'répartition', 'durée', 'horaires', 'travail'], ['absence', 'entrées', 'sortie', 'cours', 'période', 'référence'], ['rémunération'], ['lissage', 'rémunération'], ['amplitude', 'imputation', 'indemnités', 'coupures'], ['entrée', 'vigueur', 'accord', 'durée', 'révision', 'dénonciation'], ['dépôt', 'accord'], ['champ', 'application'], ['amenagement', 'temp', 'travail', 'année', 'personnel', 'roulant'], ['disposition', 'relative', 'personnel', 'roulant', 'temp', 'plein'], ['principe', 'organisation'], ['heures', 'supplémentaires'], ['disposition', 'relative', 'personnel', 'roulant', 'temp', 'partiel'], ['principe', 'organisation'], ['organisation', 'journée', 'travail'], ['heures', 'complémentaires'], ['absence', 'entrées', 'sortie', 'cours', 'période', 'référence'], ['rémunération', 'personnel', 'roulant', 'temp', 'plein', 'temp', 'partiel'], ['lissage', 'rémunération'], ['amplitude', 'imputation', 'indemnités', 'coupures'], ['travail', 'intermittent', 'conducteurs', 'périodes', 'scolaires', 'cps'], ['aménagement', 'temp', 'travail', 'période', 'scolaire'], ['organisation', 'journée', 'travail'], ['heures', 'complémentaires'], ['modalité', 'communication', 'modification', 'répartition', 'durée', 'horaires', 'travail'], ['absence', 'entrées', 'sortie', 'cours', 'période', 'référence'], ['rémunération'], ['lissage', 'rémunération'], ['amplitude', 'imputation', 'indemnités', 'coupures'], ['entrée', 'vigueur', 'accord', 'durée', 'révision', 'dénonciation'], ['dépôt', 'accord']]"
T09523007178,"[['accord', 'entreprise'], ['rappel', 'objet', 'agileps'], ['champ', 'application', 'territorial', 'professionnel'], ['disposition', 'relative', 'personnel', 'permanent'], ['congés', 'payés'], ['avantages', 'sociaux'], ['prime', 'ancienneté'], ['répartition', 'volume', 'annuel', 'travail', 'enseignants'], ['enseignement'], ['encadrement/pilotage'], ['coordination', 'heures'], ['recherche'], ['enseignant-chercheur'], ['heures', 'supplémentaires'], ['validité-', 'durée'], ['dépôt', 'publicité', 'accord'], ['dénonciation', 'révision']]"
T02622004248,"[['disposition', 'générales'], ['champ', 'application'], ['durée', 'portée'], ['dénonciation'], ['révision'], ['conformément', 'article', '2261-7-1', 'code', 'travail'], ['durée', 'travail'], ['définition'], ['repos', 'hebdomadaire', 'jours', 'fériés', 'légaux'], ['modalité', 'aménagement', 'temp', 'travail', 'salariés', 'temp', 'partiel'], ['congés', 'payés', 'congés', 'exceptionnels', 'repos', 'conpensateurs', 'jours', 'réduction', 'temp', 'travail', 'jours', 'non', 'travaillés'], ['congés', 'payés'], ['demande', 'absence/', 'congés'], ['prise', 'jours', 'rtt', 'cadre'], ['congés', 'malady'], ['organisation', 'temp', 'travail', 'salariés', 'décompte', 'horaire', 'annualisé', 'modulation'], ['lorsque', 'accord', 'applique', 'salariés', 'temp', 'partiel', 'prévoit', 'modalités', 'communication', 'modification', 'répartition', 'durée', 'horaires', 'travail'], ['communication', 'organisation', 'horaires', 'travail'], ['compte', 'individuel', 'heures'], ['heures', 'supplémentaires'], ['néanmoins', 'entreprise', 'engage', 'mesures', 'suivantes'], ['seuil', 'déclenchement', 'heures', 'supplémentaires'], ['néanmoins', 'entreprise', 'considèrera', 'comme', 'heures', 'supplémentaires', 'heures', 'accomplies'], ['paiement', 'heures', 'supplémentaires'], ['organisation', 'temp', 'travail', 'cadre', 'autonomes', 'forfait', 'jour'], ['personnel', 'concerné'], ['convention', 'individuelle', 'forfait', 'jours'], ['nombre', 'jours', 'travaillés', 'jours', 'non', 'travaillés', 'jnt'], ['modalités', 'décompte', 'jours', 'travaillés'], ['modalités', 'applicables', 'jours', 'non', 'travaillés', 'rtt', 'cadre'], ['respect', 'temp', 'repos', 'quotidien', 'hebdomadaire'], ['entretien', 'individuel'], ['rémunération'], ['droit', 'déconnexion'], ['salariés', 'temp', 'partiel'], ['heures', 'complémentaires'], ['rtt', 'effet', 'aubaine'], ['télétravail'], ['définition'], ['télétravail', 'régulier'], ['salariés', 'éligibles'], ['mise', 'place', 'télétravail', 'régulier'], ['période', 'adaptation'], ['suspension', 'temporaire', 'télétravail'], ['lutte', 'contre', 'isolement'], ['temp', 'travail', 'horaires', 'travail']]"
T07522045268,"[['accord', 'entreprise', 'amenagement', 'temp', 'travail'], ['définitions', 'règles', 'générales', 'matière', 'durée', 'travail'], ['temp', 'travail', 'effectif', 'durée', 'travail'], ['i.1.1', 'travail', 'effectif'], ['durées', 'maximales', 'travail', 'repos', 'obligatoires'], ['i.2.1', 'durée', 'maximale', 'journalière'], ['i.2.2', 'durée', 'maximale', 'hebdomadaire'], ['i.2.3', 'droit', 'repos'], ['journée', 'solidarité'], ['organisation', 'temp', 'travail'], ['durée', 'travail'], ['heures', 'supplémentaires'], ['repos', 'compensateur', 'équivalent', 'rce'], ['contingent', 'annuel', 'heures', 'supplémentaires'], ['déplacements', 'professionnels'], ['principe'], ['contreparties'], ['utilisation', 'contreparties'], ['définitions'], ['lieux', 'exécution', 'télétravail'], ['prérequis'], ['modalités', 'organisation', 'activité', 'télétravailleur'], ['conformément', 'article', '1222-9', 'code', 'travail', 'salarié', 'télétravail', 'doit', 'respecter', 'plage', 'horaires', 'disponibilité', 'est-à-dire', 'périodes', 'pendant', 'lesquelles', 'société', 'partenaires', 'celle-ci', 'client', 'fournisseurs…', 'peuvent', 'contacter', 'salarié', 'télétravail', 'agit', 'plage', 'horaires', 'suivantes', 'lundi', 'vendredi', '9h-12h30/', '14h-18h30'], ['télétravail', 'régulier'], ['accord', 'volontaire', 'mutuel', 'salarié', 'responsable', 'hiérarchique', 'principe', 'préalable', 'mise', 'œuvre', 'télétravail'], ['suspension', 'télétravail'], ['télétravail', 'ponctuel'], ['télétravail', 'exceptionnel'], ['frais', 'liés', 'télétravail'], ['handicap', 'télétravail'], ['santé', 'sécurité'], ['assurance'], ['suivi', 'médical'], ['droit', 'déconnexion', 'bon', 'usage', 'outils', 'numériques'], ['définition', 'droit', 'déconnexion'], ['exercice', 'droit', 'déconnexion'], ['bonnes', 'pratiques', 'utilisation', 'outils', 'numériques'], ['interroger', 'pertinence', 'destinataires', 'courriel'], ['rôle', 'manager'], ['sanction'], ['durée', 'accord', 'entrée', 'vigueur', 'suivi', 'dénonciation', 'révision'], ['viii.1.1', 'durée', 'entrée', 'vigueur'], ['viii.1.2', 'dénonciation'], ['viii.1.3', 'révision']]"
T07421004723,"[['accord', 'entreprise'], ['recours', 'contrat', 'travail', 'intermittent'], ['disposition', 'generales'], ['activité', 'saem', 'teleskis', 'sallanches', 'cordon', 'répond', 'fortes', 'fluctuation', 'activité', 'saisonnière', 'compte', 'tenu', 'situation', 'zone', 'touristique', 'montagne', 'exploitation', 'domaine', 'skiable'], ['objet'], ['consultation', 'personnel'], ['durée'], ['suivi', 'révision', 'dénonciation', 'accord'], ['dépôt', 'publicité', 'accord'], ['disposition', 'particulieres'], ['durées', 'maximales', 'travail'], ['définition', 'durée', 'travail', 'effectif'], ['nature', 'contenu', 'contrat', 'travail'], ['périodes', 'travail'], ['travail', 'intermittent', 'alterne', 'périodes', 'travaillées', 'périodes', 'non', 'travaillées'], ['durée', 'annuelle', 'minimale'], ['rémunération'], ['congés', 'payés'], ['droits', 'conventionnels'], ['rupture', 'contrat', 'travail']]"
T01423007695,"[['avenant', 'accord', 'aménagement', 'réduction', 'temp', 'travail', 'date', 'septembre', '2001'], ['accord', 'relatif', 'aménagement', 'réduction', 'temp', 'travail', 'datant', 'plus', 'an', 'contextes', 'réglementaires', 'économiques', 'sociaux', 'évolué', 'entreprise', 'souhaité', 'entamer', 'négociations', 'ensemble', 'personnel', 'afin', 'redéfinir', 'globalement', 'organisation', 'travail', 'doter', 'entreprise', 'disposition', 'conventionnelles', 'dynamiques', 'adaptées', 'équilibrées'], ['champ', 'application', 'avenant'], ['organisation', 'pluri-hebdomadaire', 'temp', 'travail'], ['champ', 'application', 'avenant'], ['organisation', 'pluri-hebdomadaire', 'temp', 'travail'], ['personnel', 'concerné'], ['periode', 'reference'], ['durée', 'annuelle', 'travail'], ['organisation', 'temp', 'travail', 'sein', 'periode', 'reference'], ['mise', 'place', 'organisation', 'pluri-hebdomadaire', 'temp', 'travail'], ['répartition', 'temp', 'travail', 'hebdomadaire'], ['modalités', 'octroi', 'jrtt'], ['modalités', 'prise', 'jrtt'], ['information', 'salariés', 'programmation', 'activité', 'leurs', 'horaires', 'travail'], ['modalites', 'horaires', 'travail', 'suivi'], ['suivi', 'horaires', 'travail'], ['lissage', 'rémunération'], ['décompte', 'rémunération', 'heures', 'supplémentaires'], ['définition', 'heures', 'supplémentaires'], ['prise', 'compte', 'absence', 'entrées', 'sortie', 'effectifs', 'cours', 'periode', 'reference'], ['salary', 'temp', 'partiel'], ['période', 'référence', 'organisation'], ['heures', 'complémentaires'], ['demande', 'passage', 'temp', 'partiel', 'retour', 'temp', 'complet'], ['ca', 'particulier', 'temp', 'partiel', 'aménagement', 'fin', 'carrière'], ['convention', 'forfait', 'jours', 'annee'], ['salariés', 'concernés'], ['nombre', 'jours', 'travaillés', 'periode', 'reference'], ['période', 'référence'], ['convention', 'individuelle', 'forfait'], ['rémunération'], ['jours', 'repos'], ['décompte', 'jours', 'travaillés', 'suivi', 'charge', 'travail', 'salarié'], ['décompte', 'jours', 'travaillés'], ['suivi', 'charge', 'travail'], ['respect', 'repos', 'quotidiens', 'hebdomadaires'], ['renonciation', 'jours', 'repos'], ['prise', 'compte', 'absence', 'entrées', 'sortie', 'cours', 'année'], ['exercice', 'droit', 'déconnexion'], ['temp', 'deplacement', 'professionnel'], ['temp', 'trajet'], ['temp', 'déplacement', 'professionnel'], ['astreintes'], ['travail', 'nuit'], ['congés'], ['congés', 'évènements', 'familiaux'], ['autorisations', 'exceptionnelles', 'absence', 'rémunérée'], ['congés', 'payés']]"
T03323012946,"[['accord', 'entreprise'], ['relatif', 'organisation', 'temp', 'travail'], ['disposition', 'générales', 'applicables', 'salariés', 'temp', 'partiel'], ['statut', 'salarié', 'temp', 'partiel'], ['dispositifs', 'légaux', 'passage', 'temp', 'partiel'], ['procédure', 'demande', 'passage', 'temp', 'partiel'], ['retour', 'temp', 'plein'], ['travail', 'week-end', 'jours', 'fériés', 'heure', 'nuit'], ['rappel', 'législatifs', 'congés', 'payés'], ['usage', 'relatif', 'report', 'reliquat', 'congés', 'payés'], ['droit', 'obligation', 'déconnexion'], ['modalités', 'organisation', 'temp', 'travail'], ['modalite', 'standard', '35h'], ['décompte', 'temp', 'travail', 'semaine'], ['heures', 'supplémentaires'], ['déclenchement'], ['principe', 'majoration', 'heures', 'supplémentaires'], ['compte', 'temp', 'disponible', 'ctd'], ['fonctionnement', 'ctd'], ['ca', 'particuliers', 'exceptionnels'], ['ca', 'particulier', 'salariés', 'cellule', 'mystère'], ['communication', 'relative', 'ctd'], ['paiement', 'heures', 'supplémentaires'], ['contingent', 'heures', 'supplémentaires'], ['aménagements', 'horaires', 'ponctuels'], ['disposition', 'spécifiques', 'temp', 'partiels', 'heures', 'complémentaires'], ['indemnisation', 'jours', 'fériés', 'travail', 'nuit'], ['journée', 'solidarité'], ['décompte', 'temp', 'travail', 'semaine'], ['jours', 'horaires', 'travail'], ['heures', 'supplémentaires'], ['déclenchement'], ['contingent', 'heures', 'supplémentaires'], ['aménagements', 'horaires', 'ponctuels'], ['disposition', 'spécifiques', 'temp', 'partiels', 'heures', 'complémentaires'], ['indemnisation', 'jours', 'fériés', 'travail', 'nuit'], ['journée', 'solidarité'], ['modalite', 'forfait', 'annuel', 'jours', 'cadre', 'autonomes'], ['durée', 'annuelle', 'travail'], ['repos', 'quotidien', 'hebdomadaire'], ['octroi', 'rtt'], ['acquisition', 'rtt'], ['prise', 'rtt'], ['rémunération', 'rtt'], ['ca', 'particuliers', 'exceptionnels'], ['journée', 'solidarité'], ['rémunération', 'cadre', 'forfait', 'jours'], ['disposition', 'finale', 'revision'], ['cessation', 'usage', 'existants', 'objet'], ['clause', 'indivisibilité', 'présent', 'accord'], ['formalités', 'dépôt']]"
T00619002888,"[['protocole', 'accord'], ['negociation', 'annuelle', 'obligatoire', '2019', 'annee', '2020'], ['demande', 'delegues', 'syndicaux'], ['reponses', 'direction'], ['environnement', 'économique'], ['durée', 'effective', 'travail'], ['remerciements', 'représentants', 'personnel'], ['revalorisation', 'salariale', 'collective'], ['harmoniser', 'brut', 'mensuel', 'techniciens', 'assistant', 'ordonnancement', 'lancement'], ['heures', 'supplémentaires'], ['dépôt', 'légal'], ['deux', 'délégations', 'syndicales', 'signataires'], ['reponses', 'direction', 'revendications', 'delegues', 'syndicaux'], ['revalorisation', 'salariale'], ['demande', 'établissement', 'grille', 'salaires', 'etam', 'cadre'], ['revalorisation', 'prime', 'objectifs', 'etam', 'cadre']]"
T09221022858,"[['accord', 'organisation', 'amenagement'], ['temp', 'travail'], ['sommaire'], ['modalités', 'organisation', 'temp', 'travail', 'salariés'], ['modalité', 'heures', 'hebdomadaires'], ['organisation', 'temp', 'travail'], ['heures', 'supplémentaires'], ['modalité', 'annualisation', 'temp', 'travail', 'attribution', 'jours', 'rtt'], ['durée', 'temp', 'travail'], ['nombre', 'prise', 'jours', 'rtt'], ['seuil', 'déclenchement', 'heures', 'supplémentaires'], ['entrées/sorties', 'cours', 'année', 'absence'], ['modalité', 'réalisation', 'mission', 'forfait', 'horaire', 'hebdomadaire', '216', 'jours', 'travaillés'], ['durée', 'travail'], ['jours', 'repos', 'dit', 'jours', 'rtt'], ['rémunération', 'forfaitaire'], ['entrées', 'sortie', 'absence'], ['modalité', 'forfait', 'annuel', 'jours'], ['modalités', 'mise', 'place', 'forfait', 'jours'], ['nombre', 'jours', 'travaillés'], ['nombre', 'jours', 'repos', 'dit', 'jours', 'rtt'], ['prise', 'jours', 'repos'], ['impact', 'entrées/sorties', 'cours', 'année'], ['rémunération'], ['durée', 'maximale', 'travail', 'durée', 'repos'], ['forfait', 'jours', 'réduit'], ['cadre', 'dirigeants'], ['cadre', 'dirigeants'], ['disposition', 'générales'], ['temp', 'travail', 'effectif'], ['modalités', 'exercice', 'droit', 'déconnexion'], ['droit', 'déconnexion', 'télétravail'], ['déplacements', 'professionnels'], ['modalités', 'organisation', 'temp', 'travail', 'salariés'], ['modalité', 'heures', 'hebdomadaires'], ['organisation', 'temp', 'travail'], ['heures', 'supplémentaires'], ['modalité', 'annualisation', 'temp', 'travail', 'attribution', 'jours', 'rtt'], ['durée', 'temp', 'travail'], ['nombre', 'prise', 'jours', 'rtt'], ['nombre', 'jours', 'rtt'], ['prise', 'jours', 'rtt'], ['seuil', 'déclenchement', 'heures', 'supplémentaires'], ['rémunération'], ['entrées/sorties', 'cours', 'année', 'absence'], ['modalité', 'réalisation', 'mission', 'forfait', 'horaire', 'hebdomadaire', '216', 'jours', 'travaillés'], ['durée', 'travail'], ['jours', 'repos', 'dit', 'jours', 'rtt'], ['nombre', 'jours', 'repos'], ['prise', 'jours', 'repos'], ['rémunération', 'forfaitaire'], ['entrées', 'sortie', 'cours', 'année', 'absence'], ['modalité', 'forfait', 'annuel', 'jours'], ['modalités', 'mise', 'place', 'forfait', 'jours'], ['nombre', 'jours', 'travaillés'], ['nombre', 'jours', 'repos', 'dit', 'jours', 'rtt'], ['prise', 'jours', 'repos'], ['incidence', 'absence', 'cours', 'année'], ['impact', 'entrées/sorties', 'cours', 'année'], ['rémunération'], ['durée', 'maximale', 'travail', 'durée', 'repos'], ['forfait', 'jours', 'réduit'], ['cadre', 'dirigeants'], ['cadre', 'dirigeants'], ['disposition', 'générales'], ['temp', 'travail', 'effectif'], ['modalités', 'exercice', 'droit', 'déconnexion'], ['droit', 'déconnexion', 'télétravail'], ['déplacements', 'professionnels']]"
T07520026568,"[['accord', 'collectif', 'portant', 'durée', 'travail', 'congés', 'sein', 'generale', 'solaire'], ['partie', 'disposition', 'générales'], ['objet'], ['définition', 'calcul', 'temp', 'travail', 'effectif'], ['temp', 'exclus', 'décompte', 'temp', 'travail', 'effectif'], ['temp', 'décomptés', 'comme', 'temp', 'travail', 'effectif'], ['temp', 'trajet', 'entre', 'domicile', 'lieu', 'travail', 'excédant', 'durée', 'habituelle', 'salarié'], ['absence', 'assimilées', 'temp', 'travail', 'effectif'], ['durée', 'maximale', 'travail', 'repos', 'obligatoire'], ['durées', 'légales', 'maximales', 'travail'], ['repos', 'quotidien', 'hebdomadaire'], ['durée', 'travail', 'salary', 'soumis', 'durée', 'hebdomadaire', 'heures'], ['titre', 'informatif', 'horaire', 'travail', 'collectif', 'société', 'suivant'], ['heures', 'supplémentaires', 'complémentaires'], ['définition'], ['contingent', 'annuel', 'heures', 'supplémentaires', 'limite', 'heures', 'complémentaires'], ['compensation', 'heures', 'supplémentaires', 'complémentaires'], ['exception', 'relative', 'cadre', 'dirigeants'], ['partie', 'forfait', 'annuel', 'jours'], ['définition', 'forfait', 'annuel', 'jours'], ['caractéristiques', 'principales', 'convention', 'individuelles', 'forfait', 'annuel', 'jours'], ['forfait', 'annuel', 'jours', 'réduit'], ['prise', 'compte', 'arrivées', 'départs', 'cours', 'période', 'absence'], ['arrivées', 'départs', 'cours', 'période'], ['absence', 'droit', 'congés', 'payés', 'première', 'période', 'droit', 'congés', 'payés', 'incomplet', 'ca', 'échéant', 'deuxième', 'période'], ['prise', 'compte', 'absence'], ['jours', 'repos', 'supplémentaires'], ['acquisition'], ['prise', 'jours', 'repos', 'supplémentaires'], ['absence', 'report'], ['travail', 'au-delà', 'convention', 'individuelle', 'forfait', 'renonciation', 'jours', 'repos', 'supplémentaires'], ['décompte', 'contrôle', 'temp', 'travail', 'cadre', 'forfait', 'annuel', 'jours'], ['modalités', 'évaluation', 'suivi', 'charge', 'travail', 'cadre', 'forfait', 'annuel', 'jours'], ['suivi', 'charge', 'travail', 'amplitude', 'journées', 'travail', 'équilibre', 'vie', 'privée', 'vie', 'professionnelle'], ['entretiens', 'individuels'], ['suivi', 'médical'], ['droit', 'déconnexion'], ['respect', 'durées', 'travail', 'maximales', 'durées', 'repos', 'minimales'], ['partie', 'congés', 'légaux', 'conventionnels'], ['acquisition', 'congés', 'payés', 'congés', 'payés', 'annuels', 'congés', 'conventionnels'], ['congés', 'conventionnels', 'congés', 'ancienneté', 'congés', 'servitude'], ['congés', 'ancienneté', 'salariés', 'cadre', 'non-cadres'], ['salariés', 'cadre'], ['article', '31.3', 'convention', 'collective', 'applicable', 'cadre', 'entreprises', 'équipements', 'thermiques', 'prévoit', 'suit'], ['salariés', 'non-cadres'], ['article', '36.2', 'convention', 'collective', 'applicable', 'non-cadres', 'entreprises', 'équipements', 'thermiques', 'prévoit', 'suit'], ['acquisition', 'délai', 'prévenance'], ['absence', 'report'], ['acquisition', 'délai', 'prévenance'], ['absence', 'report']]"
T04220003880,"[['accord', 'entreprise'], ['disposition', 'relative', 'annualisation', 'temp', 'travail'], ['modalités', 'aménagement', 'temp', 'travail', 'période', 'supérieure', 'semaine', 'plus', 'égale', 'année'], ['détermination', 'durée', 'travail', 'période', 'référence'], ['durées', 'maximales', 'travail'], ['détermination', 'rythmes', 'travail'], ['compteur', 'individuel'], ['condition', 'délais', 'prévenance', 'changements', 'durée', 'horaire', 'travail'], ['disposition', 'particulières', 'personnel', 'temp', 'partiel'], ['heures', 'complémentaires'], ['contreparties', 'salariés', 'temp', 'partiel'], ['heures', 'supplémentaires'], ['lissage', 'rémunération'], ['conséquences', 'rémunération', 'salariés', 'absence', 'arrivées', 'départs', 'cours', 'période', 'référence'], ['sort', 'compteurs', 'fin', 'période'], ['solde', 'compteur', 'négatif'], ['disposition', 'relative', 'contingent', 'annuel', 'heures', 'supplementaires'], ['augmentation', 'contingent', 'annuel', 'heures', 'supplémentaires'], ['convention', 'annuelles', 'forfait', 'cadre'], ['catégorie', 'salariés', 'susceptibles', 'conclure', 'convention', 'forfait', 'heures'], ['période', 'référence', 'forfait'], ['convention', 'forfait', 'référence', 'horaire', 'annuel'], ['rémunération'], ['temp', 'repos'], ['disposition', 'finale'], ['procédure'], ['condition', 'suivi', 'accord', 'clause', 'rendez'], ['durée', 'révision', 'dénonciation', 'accord'], ['dépôt', 'accord']]"
T03321008847,"[['accord', 'collectif', 'entreprise', 'inorix', 'protection'], ['champ', 'application'], ['amenagement', 'temp', 'travail'], ['objet'], ['période', 'référence', 'forfait', 'annuel'], ['détermination', 'durée', 'travail'], ['condition', 'prise', 'compte', 'rémunération', 'salariés', 'absence', 'ainsi', 'arrivées', 'départs', 'cours', 'période'], ['acceptation', 'écrite', 'salarié'], ['jours', 'repos'], ['organisation', 'travail'], ['durée', 'quotidienne', 'hebdomadaire', 'travail'], ['repos', 'quotidien', 'hebdomadaire'], ['droit', 'déconnexion'], ['rémunération'], ['contrôle', 'suivi', 'organisation', 'travail', 'salarié', 'charge', 'travail'], ['rachat', 'jours', 'repos'], ['condition', 'délais', 'prévenance', 'changements'], ['condition', 'rémunération'], ['rémunération', 'cours', 'période', 'décompte'], ['exemple'], ['incidence', 'rémunération', 'absence', 'entrées', 'sortie', 'salariés', 'cours', 'période', 'décompte'], ['teletravail'], ['condition', 'passage', 'télétravail', 'critères', 'exigibilité'], ['modalités', 'acceptation', 'salarié', 'condition', 'mise', 'œuvre', 'télétravail'], ['condition', 'retour', 'exécution', 'contrat', 'travail', 'sans', 'télétravail'], ['période', 'adaptation'], ['lieu', 'télétravail'], ['modalités', 'régulation', 'charge', 'travail'], ['détermination', 'plage', 'horaires', 'permettant', 'joindre', 'télétravailleur'], ['équipements', 'liés', 'télétravail'], ['remboursement', 'frais', 'professionnels', 'liés', 'télétravail'], ['assurance', 'couvrant', 'risques', 'liés', 'télétravail'], ['obligation', 'discrétion', 'confidentialité'], ['santé', 'sécurité', 'travail'], ['jours', 'fractionnement'], ['contingent', 'heures', 'supplementaires'], ['majoration', 'heures', 'supplementaires'], ['disposition', 'finale'], ['condition', 'application', 'suivi', 'présent', 'accord'], ['révision', 'dénonciation']]"
T05123060220,"[['accord', 'entreprise', 'relatif', 'augmentation', 'contingent', 'heures', 'supplementaires', 'annuel'], ['champ', 'application', 'territorial', 'professionnel'], ['durée', 'maximale', 'quotidienne', 'travail'], ['durée', 'moyenne', 'hebdomadaire', 'travail'], ['contingent', 'maximum', 'heures', 'supplémentaires'], ['calcul', 'heures', 'supplémentaires'], ['formalités', 'dépôt', 'date', 'entrée', 'vigueur', 'accord'], ['condition', 'révision', 'dénonciation', 'accord']]"
T08319001710,"[['accord', 'entreprise', 'relatif', 'condition', 'travail'], ['champ', 'application'], ['durée', 'travail'], ['prime'], ['prime', 'salissure']]"
T07519015008,"[['accord', 'portant', 'revision'], ['accord', 'avril', '2004'], ['relatif', 'amenagement', 'temp', 'travail'], ['champ', 'application', 'durée', 'présent', 'accord'], ['organisation', 'temp', 'travail'], ['aménagement', 'temp', 'travail', 'salariés', 'siège', 'hors', 'salariés', 'cadre'], ['aménagement', 'temp', 'travail', 'annualisation', 'salariés', 'auberge', 'jeunesse'], ['salariés', 'temp', 'complet'], ['période', 'référence'], ['durée', 'travail'], ['objectif', 'annualisation', 'salariés', 'auberge', 'jeunesse', 'compenser', 'hausses', 'baisses', 'activité'], ['salariés', 'temp', 'partiel'], ['cadre', 'juridique'], ['durée', 'travail'], ['titre', 'exemple', 'calcul', 'annualisation', 'salarié', 'travaillant', 'heures', 'semaine'], ['programmation', 'temp', 'travail'], ['règles', 'commune', 'ensemble', 'établissements'], ['règles', 'spécifiques', 'salariés', 'temp', 'partiel', 'dont', 'durée', 'travail', 'inférieure', 'heures', 'semaines', 'équivalent', 'mensuel'], ['délai', 'prévenance'], ['rémunération'], ['salariés', 'temp', 'complet'], ['salariés', 'temp', 'partiel', 'hebdomadaires', 'mensuels'], ['heures', 'supplémentaires', 'heures', 'complémentaires'], ['heures', 'supplémentaires', 'salariés', 'temp', 'complet'], ['traitement', 'paliers', 'heures', 'supplémentaires', 'fin', 'cycle'], ['appartiendra', 'salarié', 'demander', 'compensation', 'voulue', 'rémunération', 'repos', 'compensateur', 'décision', 'relèvera', 'pouvoir', 'discrétionnaire', 'directeurs', 'auberge', 'jeunesse'], ['heures', 'complémentaires', 'salariés', 'temp', 'partiel'], ['sort', 'jrtt', 'déjà', 'acquis', 'avant', 'entrée', 'vigueur', 'accord', 'annualisation'], ['aménagements', 'temp', 'travail', 'forfait', 'jours', 'année', 'personnel', 'cadre', 'visé', 'article', '2-3-1'], ['principe', 'cadre', 'concernés'], ['chef', 'service', 'siège', 'social'], ['jours', 'travaillés', 'régime', 'applicable'], ['modalité', 'évaluation', 'suivi', 'caractéristiques', 'principales', 'convention', 'individuelles'], ['rémunération', 'traitement', 'absence', 'départs'], ['renonciation', 'possible', 'jours', 'repos'], ['compte', 'epargne', 'temp', 'cet'], ['fonctionnement', 'compte', 'epargne', 'temp'], ['droit', 'déconnexion'], ['définition', 'droit', 'déconnexion'], ['exercice', 'droit', 'déconnexion'], ['bonnes', 'pratiques', 'utilisation', 'outils', 'numériques'], ['règles', 'similaires', 'peuvent', 'être', 'respectées', 'concernant', 'utilisation', 'appels', 'téléphoniques', 'sm'], ['alerte'], ['caractéristiques', 'présent', 'accord'], ['modalités', 'mise', 'œuvre', 'présent', 'accord/', 'commission', 'suivi']]"
T07518003093,"[['accord', 'entreprise', 'relatif', 'accomplissement', 'heures', 'supplémentaires', 'contingent', 'heures', 'supplémentaires'], ['objet'], ['accomplissement', 'heures', 'supplémentaires'], ['contingent', 'annuel', 'heures', 'supplémentaires'], ['consultation', 'personnel'], ['durée'], ['suivi', 'révision', 'dénonciation', 'accord'], ['dépôt', 'publicité', 'accord']]"
